tms	CLUSTALO	MAFFT-GINSI	dpa_align	100	90.0	
DEATH	MAFFT	MAFFT-GINSI	dpa_align	500	51.2	
rhv	MAFFT_PT	MAFFT-GINSI	dpa_align	500	4.2	
profilin	MAFFT	MAFFT-GINSI	dpa_align	2000	78.9	
cyt3	MAFFT	MAFFT-GINSI	dpa_align	1000	71.4	
p450	CLUSTALO	MAFFT-GINSI	dpa_align	2000	30.8	
sdr	MAFFT	MAFFT-GINSI	dpa_align	50	23.7	
gpdh	CLUSTALO	MAFFT-GINSI	dpa_align	500	87.7	
seatoxin	MAFFT	MAFFT-GINSI	dpa_align	2000	47.0	
cyt3	CLUSTALO	MAFFT-GINSI	dpa_align	500	72.4	
rnasemam	CLUSTALO	MAFFT-GINSI	dpa_align	500	81.7	
ins	CLUSTALO	MAFFT-GINSI	dpa_align	2000	86.0	
ldh	MAFFT_PT	MAFFT-GINSI	dpa_align	100	76.9	
glob	MAFFT_PT	MAFFT-GINSI	dpa_align	200	53.8	
kunitz	MAFFT	MAFFT-GINSI	dpa_align	500	64.2	
DMRL_synthase	MAFFT	MAFFT-GINSI	dpa_align	50	68.9	
cah	CLUSTALO	MAFFT-GINSI	dpa_align	200	66.4	
hpr	MAFFT_PT	MAFFT-GINSI	dpa_align	2000	95.9	
oxidored_q6	MAFFT	MAFFT-GINSI	dpa_align	500	92.6	
slectin	MAFFT	MAFFT-GINSI	dpa_align	2000	91.4	
ghf11	MAFFT	MAFFT-GINSI	dpa_align	100	78.5	
sdr	MAFFT_PT	MAFFT-GINSI	dpa_align	100	38.4	
Rhodanese	CLUSTALO	MAFFT-GINSI	dpa_align	50	33.9	
PDZ	MAFFT	MAFFT-GINSI	dpa_align	50	42.2	
KAS	MAFFT_PT	MAFFT-GINSI	dpa_align	100	72.4	
rhv	MAFFT	MAFFT-GINSI	dpa_align	100	54.6	
hip	MAFFT	MAFFT-GINSI	dpa_align	200	76.7	
phoslip	MAFFT_PT	MAFFT-GINSI	dpa_align	1000	81.8	
biotin_lipoyl	CLUSTALO	MAFFT-GINSI	dpa_align	100	76.0	
phoslip	MAFFT	MAFFT-GINSI	dpa_align	200	81.8	
sdr	MAFFT_PT	MAFFT-GINSI	dpa_align	2000	34.5	
ricin	MAFFT	MAFFT-GINSI	dpa_align	200	73.6	
subt	MAFFT_PT	MAFFT-GINSI	dpa_align	50	19.0	
hpr	MAFFT_PT	MAFFT-GINSI	dpa_align	200	86.6	
rub	CLUSTALO	MAFFT-GINSI	dpa_align	50	87.3	
hla	CLUSTALO	MAFFT-GINSI	dpa_align	2000	100.0	
scorptoxin	MAFFT	MAFFT-GINSI	dpa_align	50	79.6	
sodfe	MAFFT_PT	MAFFT-GINSI	dpa_align	500	25.2	
LIM	CLUSTALO	MAFFT-GINSI	dpa_align	1000	96.5	
scorptoxin	CLUSTALO	MAFFT-GINSI	dpa_align	50	79.8	
hormone_rec	CLUSTALO	MAFFT-GINSI	dpa_align	50	65.8	
annexin	MAFFT_PT	MAFFT-GINSI	dpa_align	100	99.2	
ghf11	CLUSTALO	MAFFT-GINSI	dpa_align	500	83.2	
hormone_rec	MAFFT_PT	MAFFT-GINSI	dpa_align	50	48.7	
ricin	CLUSTALO	MAFFT-GINSI	dpa_align	1000	73.9	
profilin	MAFFT_PT	MAFFT-GINSI	dpa_align	2000	78.9	
trfl	CLUSTALO	MAFFT-GINSI	dpa_align	500	1.8	
LIM	CLUSTALO	MAFFT-GINSI	dpa_align	200	96.5	
egf	CLUSTALO	MAFFT-GINSI	dpa_align	50	25.8	
gpdh	MAFFT_PT	MAFFT-GINSI	dpa_align	50	88.1	
DEATH	MAFFT	MAFFT-GINSI	dpa_align	100	45.0	
kringle	MAFFT_PT	MAFFT-GINSI	dpa_align	2000	89.4	
hpr	MAFFT	MAFFT-GINSI	dpa_align	1000	95.9	
sdr	MAFFT_PT	MAFFT-GINSI	dpa_align	500	30.5	
profilin	MAFFT_PT	MAFFT-GINSI	dpa_align	200	68.9	
phc	MAFFT	MAFFT-GINSI	dpa_align	500	91.2	
ghf1	MAFFT	MAFFT-GINSI	dpa_align	500	81.5	
TNF	MAFFT	MAFFT-GINSI	dpa_align	100	77.0	
cah	MAFFT	MAFFT-GINSI	dpa_align	100	68.6	
hormone_rec	MAFFT	MAFFT-GINSI	dpa_align	50	45.3	
ins	MAFFT	MAFFT-GINSI	dpa_align	500	88.8	
scorptoxin	MAFFT	MAFFT-GINSI	dpa_align	200	81.7	
rrm	CLUSTALO	MAFFT-GINSI	dpa_align	100	28.0	
asp	MAFFT_PT	MAFFT-GINSI	dpa_align	100	24.5	
HLH	MAFFT	MAFFT-GINSI	dpa_align	500	72.4	
Rhodanese	MAFFT_PT	MAFFT-GINSI	dpa_align	100	38.2	
toxin	MAFFT	MAFFT-GINSI	dpa_align	500	68.6	
bowman	MAFFT_PT	MAFFT-GINSI	dpa_align	50	25.0	
blmb	CLUSTALO	MAFFT-GINSI	dpa_align	2000	32.6	
Sulfotransfer	CLUSTALO	MAFFT-GINSI	dpa_align	2000	46.6	
az	MAFFT_PT	MAFFT-GINSI	dpa_align	100	39.8	
cys	CLUSTALO	MAFFT-GINSI	dpa_align	500	74.7	
aadh	CLUSTALO	MAFFT-GINSI	dpa_align	100	60.8	
proteasome	CLUSTALO	MAFFT-GINSI	dpa_align	100	60.2	
phoslip	CLUSTALO	MAFFT-GINSI	dpa_align	1000	81.8	
blmb	MAFFT	MAFFT-GINSI	dpa_align	50	35.3	
icd	CLUSTALO	MAFFT-GINSI	dpa_align	1000	83.7	
hr	MAFFT	MAFFT-GINSI	dpa_align	200	97.1	
biotin_lipoyl	MAFFT_PT	MAFFT-GINSI	dpa_align	200	73.4	
sti	MAFFT_PT	MAFFT-GINSI	dpa_align	2000	65.6	
blmb	MAFFT	MAFFT-GINSI	dpa_align	100	32.4	
az	MAFFT	MAFFT-GINSI	dpa_align	50	29.2	
trfl	MAFFT_PT	MAFFT-GINSI	dpa_align	500	1.0	
hormone_rec	MAFFT	MAFFT-GINSI	dpa_align	200	57.1	
asp	MAFFT_PT	MAFFT-GINSI	dpa_align	1000	47.7	
PDZ	CLUSTALO	MAFFT-GINSI	dpa_align	2000	61.8	
KAS	MAFFT	MAFFT-GINSI	dpa_align	500	70.7	
aadh	CLUSTALO	MAFFT-GINSI	dpa_align	500	56.0	
ghf5	CLUSTALO	MAFFT-GINSI	dpa_align	500	40.9	
rnasemam	MAFFT	MAFFT-GINSI	dpa_align	1000	81.7	
KAS	MAFFT	MAFFT-GINSI	dpa_align	50	72.8	
TNF	MAFFT_PT	MAFFT-GINSI	dpa_align	500	74.2	
uce	MAFFT_PT	MAFFT-GINSI	dpa_align	200	26.8	
p450	CLUSTALO	MAFFT-GINSI	dpa_align	500	45.6	
rrm	MAFFT_PT	MAFFT-GINSI	dpa_align	500	28.0	
profilin	CLUSTALO	MAFFT-GINSI	dpa_align	50	70.3	
rnasemam	CLUSTALO	MAFFT-GINSI	dpa_align	200	81.0	
egf	CLUSTALO	MAFFT-GINSI	dpa_align	2000	46.5	
trfl	MAFFT_PT	MAFFT-GINSI	dpa_align	100	1.7	
ghf5	MAFFT	MAFFT-GINSI	dpa_align	1000	53.9	
Ald_Xan_dh_2	CLUSTALO	MAFFT-GINSI	dpa_align	50	66.7	
hip	MAFFT	MAFFT-GINSI	dpa_align	500	76.7	
TNF	MAFFT_PT	MAFFT-GINSI	dpa_align	100	70.1	
HLH	CLUSTALO	MAFFT-GINSI	dpa_align	500	69.5	
HLH	MAFFT	MAFFT-GINSI	dpa_align	200	69.8	
tim	MAFFT	MAFFT-GINSI	dpa_align	100	89.7	
p450	MAFFT	MAFFT-GINSI	dpa_align	2000	1.1	
PDZ	MAFFT_PT	MAFFT-GINSI	dpa_align	2000	43.1	
cytb	CLUSTALO	MAFFT-GINSI	dpa_align	1000	65.1	
trfl	CLUSTALO	MAFFT-GINSI	dpa_align	2000	1.8	
kringle	CLUSTALO	MAFFT-GINSI	dpa_align	500	83.4	
phc	CLUSTALO	MAFFT-GINSI	dpa_align	50	89.7	
il8	MAFFT	MAFFT-GINSI	dpa_align	500	70.0	
phoslip	MAFFT_PT	MAFFT-GINSI	dpa_align	100	58.8	
tRNA-synt_2b	MAFFT	MAFFT-GINSI	dpa_align	100	36.1	
annexin	MAFFT	MAFFT-GINSI	dpa_align	200	98.7	
annexin	MAFFT_PT	MAFFT-GINSI	dpa_align	200	98.6	
adh	MAFFT_PT	MAFFT-GINSI	dpa_align	200	97.2	
ChtBD	MAFFT_PT	MAFFT-GINSI	dpa_align	1000	90.8	
gluts	MAFFT	MAFFT-GINSI	dpa_align	500	66.8	
ghf13	MAFFT_PT	MAFFT-GINSI	dpa_align	100	34.8	
sodcu	CLUSTALO	MAFFT-GINSI	dpa_align	50	79.2	
mofe	MAFFT_PT	MAFFT-GINSI	dpa_align	50	69.6	
serpin	MAFFT_PT	MAFFT-GINSI	dpa_align	2000	89.0	
subt	CLUSTALO	MAFFT-GINSI	dpa_align	2000	50.9	
ghf11	MAFFT	MAFFT-GINSI	dpa_align	200	82.1	
rub	CLUSTALO	MAFFT-GINSI	dpa_align	200	87.3	
sdr	MAFFT	MAFFT-GINSI	dpa_align	2000	23.7	
int	MAFFT	MAFFT-GINSI	dpa_align	500	20.6	
tgfb	MAFFT_PT	MAFFT-GINSI	dpa_align	200	75.0	
kunitz	MAFFT_PT	MAFFT-GINSI	dpa_align	500	59.0	
phc	MAFFT_PT	MAFFT-GINSI	dpa_align	200	85.0	
az	MAFFT	MAFFT-GINSI	dpa_align	500	35.4	
oxidored_q6	CLUSTALO	MAFFT-GINSI	dpa_align	2000	93.9	
tim	MAFFT_PT	MAFFT-GINSI	dpa_align	100	83.2	
blm	MAFFT_PT	MAFFT-GINSI	dpa_align	1000	12.1	
TNF	MAFFT_PT	MAFFT-GINSI	dpa_align	2000	73.2	
rvp	MAFFT	MAFFT-GINSI	dpa_align	2000	59.9	
msb	MAFFT	MAFFT-GINSI	dpa_align	500	62.4	
cytb	MAFFT_PT	MAFFT-GINSI	dpa_align	1000	57.5	
biotin_lipoyl	CLUSTALO	MAFFT-GINSI	dpa_align	500	77.9	
rub	MAFFT	MAFFT-GINSI	dpa_align	200	96.7	
sodcu	MAFFT	MAFFT-GINSI	dpa_align	200	82.0	
rnasemam	CLUSTALO	MAFFT-GINSI	dpa_align	1000	81.7	
aat	MAFFT_PT	MAFFT-GINSI	dpa_align	2000	47.8	
glob	CLUSTALO	MAFFT-GINSI	dpa_align	50	55.7	
TNF	MAFFT	MAFFT-GINSI	dpa_align	1000	73.2	
DMRL_synthase	MAFFT	MAFFT-GINSI	dpa_align	200	80.1	
biotin_lipoyl	MAFFT	MAFFT-GINSI	dpa_align	50	65.1	
uce	MAFFT	MAFFT-GINSI	dpa_align	1000	55.8	
tgfb	MAFFT	MAFFT-GINSI	dpa_align	1000	75.8	
icd	MAFFT	MAFFT-GINSI	dpa_align	500	82.5	
flav	MAFFT_PT	MAFFT-GINSI	dpa_align	500	67.2	
zf-CCHH	CLUSTALO	MAFFT-GINSI	dpa_align	500	63.7	
p450	MAFFT_PT	MAFFT-GINSI	dpa_align	200	28.5	
tim	MAFFT_PT	MAFFT-GINSI	dpa_align	1000	95.3	
ghf10	MAFFT_PT	MAFFT-GINSI	dpa_align	1000	83.0	
Sulfotransfer	MAFFT	MAFFT-GINSI	dpa_align	2000	47.5	
GEL	MAFFT_PT	MAFFT-GINSI	dpa_align	500	49.2	
PDZ	MAFFT	MAFFT-GINSI	dpa_align	2000	51.4	
cytb	CLUSTALO	MAFFT-GINSI	dpa_align	500	59.6	
sdr	CLUSTALO	MAFFT-GINSI	dpa_align	500	20.9	
ghf22	CLUSTALO	MAFFT-GINSI	dpa_align	2000	88.1	
Stap_Strp_toxin	CLUSTALO	MAFFT-GINSI	dpa_align	50	39.5	
biotin_lipoyl	CLUSTALO	MAFFT-GINSI	dpa_align	50	78.2	
peroxidase	MAFFT	MAFFT-GINSI	dpa_align	100	51.5	
lyase_1	MAFFT	MAFFT-GINSI	dpa_align	1000	68.6	
hpr	MAFFT	MAFFT-GINSI	dpa_align	500	93.2	
ghf5	CLUSTALO	MAFFT-GINSI	dpa_align	50	19.5	
Ald_Xan_dh_2	MAFFT	MAFFT-GINSI	dpa_align	1000	74.1	
cyclo	CLUSTALO	MAFFT-GINSI	dpa_align	100	79.3	
LIM	MAFFT	MAFFT-GINSI	dpa_align	100	96.5	
myb_DNA-binding	MAFFT_PT	MAFFT-GINSI	dpa_align	500	82.8	
cah	MAFFT	MAFFT-GINSI	dpa_align	2000	78.6	
HLH	MAFFT_PT	MAFFT-GINSI	dpa_align	2000	71.9	
ghf10	CLUSTALO	MAFFT-GINSI	dpa_align	200	86.4	
tgfb	MAFFT_PT	MAFFT-GINSI	dpa_align	2000	76.0	
phoslip	MAFFT_PT	MAFFT-GINSI	dpa_align	2000	81.8	
gluts	MAFFT_PT	MAFFT-GINSI	dpa_align	200	77.0	
subt	MAFFT_PT	MAFFT-GINSI	dpa_align	500	23.6	
Rhodanese	MAFFT_PT	MAFFT-GINSI	dpa_align	1000	54.8	
flav	MAFFT_PT	MAFFT-GINSI	dpa_align	1000	74.1	
kunitz	CLUSTALO	MAFFT-GINSI	dpa_align	50	64.2	
kunitz	MAFFT_PT	MAFFT-GINSI	dpa_align	200	69.7	
hr	MAFFT_PT	MAFFT-GINSI	dpa_align	100	95.7	
hpr	CLUSTALO	MAFFT-GINSI	dpa_align	1000	95.9	
zf-CCHH	CLUSTALO	MAFFT-GINSI	dpa_align	50	41.2	
phc	MAFFT_PT	MAFFT-GINSI	dpa_align	500	89.1	
myb_DNA-binding	MAFFT	MAFFT-GINSI	dpa_align	2000	68.7	
ins	MAFFT	MAFFT-GINSI	dpa_align	100	46.0	
blm	MAFFT	MAFFT-GINSI	dpa_align	1000	89.2	
hormone_rec	CLUSTALO	MAFFT-GINSI	dpa_align	100	65.1	
ltn	MAFFT	MAFFT-GINSI	dpa_align	50	75.8	
tRNA-synt_2b	CLUSTALO	MAFFT-GINSI	dpa_align	500	40.4	
blmb	MAFFT_PT	MAFFT-GINSI	dpa_align	500	7.3	
tRNA-synt_2b	MAFFT_PT	MAFFT-GINSI	dpa_align	200	38.1	
DEATH	CLUSTALO	MAFFT-GINSI	dpa_align	500	59.3	
sti	CLUSTALO	MAFFT-GINSI	dpa_align	2000	65.6	
rrm	MAFFT	MAFFT-GINSI	dpa_align	500	21.3	
cah	MAFFT_PT	MAFFT-GINSI	dpa_align	50	67.9	
phc	CLUSTALO	MAFFT-GINSI	dpa_align	200	91.0	
adh	CLUSTALO	MAFFT-GINSI	dpa_align	2000	95.8	
seatoxin	MAFFT_PT	MAFFT-GINSI	dpa_align	200	47.0	
gpdh	MAFFT	MAFFT-GINSI	dpa_align	1000	88.2	
ghf1	MAFFT	MAFFT-GINSI	dpa_align	100	52.3	
gpdh	CLUSTALO	MAFFT-GINSI	dpa_align	200	88.9	
cytb	MAFFT	MAFFT-GINSI	dpa_align	50	67.0	
ins	CLUSTALO	MAFFT-GINSI	dpa_align	100	84.2	
OTCace	MAFFT	MAFFT-GINSI	dpa_align	50	87.9	
rhv	MAFFT	MAFFT-GINSI	dpa_align	500	22.3	
tms	MAFFT_PT	MAFFT-GINSI	dpa_align	500	91.0	
p450	CLUSTALO	MAFFT-GINSI	dpa_align	50	35.3	
sodfe	CLUSTALO	MAFFT-GINSI	dpa_align	2000	67.3	
mofe	CLUSTALO	MAFFT-GINSI	dpa_align	1000	77.9	
hip	CLUSTALO	MAFFT-GINSI	dpa_align	1000	76.7	
hom	MAFFT_PT	MAFFT-GINSI	dpa_align	1000	81.6	
rrm	MAFFT	MAFFT-GINSI	dpa_align	100	17.3	
mofe	MAFFT	MAFFT-GINSI	dpa_align	100	68.0	
sti	MAFFT_PT	MAFFT-GINSI	dpa_align	200	60.8	
icd	MAFFT	MAFFT-GINSI	dpa_align	1000	85.1	
aat	CLUSTALO	MAFFT-GINSI	dpa_align	500	53.3	
glob	MAFFT	MAFFT-GINSI	dpa_align	50	64.5	
seatoxin	MAFFT	MAFFT-GINSI	dpa_align	200	47.0	
seatoxin	MAFFT_PT	MAFFT-GINSI	dpa_align	1000	47.0	
hom	CLUSTALO	MAFFT-GINSI	dpa_align	200	84.0	
peroxidase	MAFFT_PT	MAFFT-GINSI	dpa_align	200	73.3	
zf-CCHH	CLUSTALO	MAFFT-GINSI	dpa_align	100	56.2	
GEL	MAFFT_PT	MAFFT-GINSI	dpa_align	1000	48.6	
HMG_box	MAFFT_PT	MAFFT-GINSI	dpa_align	200	80.0	
rub	CLUSTALO	MAFFT-GINSI	dpa_align	500	96.7	
az	CLUSTALO	MAFFT-GINSI	dpa_align	2000	44.9	
cytb	MAFFT_PT	MAFFT-GINSI	dpa_align	50	25.0	
mmp	MAFFT	MAFFT-GINSI	dpa_align	100	93.3	
sti	MAFFT	MAFFT-GINSI	dpa_align	500	65.0	
ghf10	CLUSTALO	MAFFT-GINSI	dpa_align	50	85.4	
hpr	MAFFT_PT	MAFFT-GINSI	dpa_align	500	91.3	
cah	CLUSTALO	MAFFT-GINSI	dpa_align	500	74.1	
cyclo	MAFFT_PT	MAFFT-GINSI	dpa_align	500	46.2	
aat	MAFFT	MAFFT-GINSI	dpa_align	200	23.8	
cyclo	CLUSTALO	MAFFT-GINSI	dpa_align	200	78.8	
hip	MAFFT_PT	MAFFT-GINSI	dpa_align	1000	76.7	
serpin	CLUSTALO	MAFFT-GINSI	dpa_align	100	87.4	
cys	MAFFT	MAFFT-GINSI	dpa_align	1000	74.1	
ghf22	MAFFT	MAFFT-GINSI	dpa_align	200	87.7	
il8	MAFFT	MAFFT-GINSI	dpa_align	2000	67.8	
hip	MAFFT	MAFFT-GINSI	dpa_align	50	75.1	
rrm	MAFFT_PT	MAFFT-GINSI	dpa_align	1000	24.0	
Ald_Xan_dh_2	CLUSTALO	MAFFT-GINSI	dpa_align	500	75.6	
seatoxin	CLUSTALO	MAFFT-GINSI	dpa_align	50	28.7	
ghf10	MAFFT	MAFFT-GINSI	dpa_align	500	76.5	
Sulfotransfer	CLUSTALO	MAFFT-GINSI	dpa_align	100	43.1	
Rhodanese	MAFFT	MAFFT-GINSI	dpa_align	500	33.3	
ghf13	CLUSTALO	MAFFT-GINSI	dpa_align	2000	38.7	
ghf1	MAFFT_PT	MAFFT-GINSI	dpa_align	1000	80.5	
Rhodanese	MAFFT	MAFFT-GINSI	dpa_align	2000	52.8	
cyclo	MAFFT_PT	MAFFT-GINSI	dpa_align	100	49.0	
kringle	MAFFT	MAFFT-GINSI	dpa_align	200	75.5	
peroxidase	CLUSTALO	MAFFT-GINSI	dpa_align	1000	74.6	
Ald_Xan_dh_2	MAFFT_PT	MAFFT-GINSI	dpa_align	100	69.4	
sodcu	MAFFT	MAFFT-GINSI	dpa_align	1000	81.4	
peroxidase	MAFFT_PT	MAFFT-GINSI	dpa_align	1000	72.6	
PDZ	CLUSTALO	MAFFT-GINSI	dpa_align	500	56.9	
ace	MAFFT	MAFFT-GINSI	dpa_align	500	62.5	
TNF	MAFFT	MAFFT-GINSI	dpa_align	200	72.7	
Ald_Xan_dh_2	MAFFT	MAFFT-GINSI	dpa_align	100	71.3	
sdr	MAFFT_PT	MAFFT-GINSI	dpa_align	200	38.3	
adh	CLUSTALO	MAFFT-GINSI	dpa_align	100	97.4	
KAS	MAFFT	MAFFT-GINSI	dpa_align	2000	51.8	
rub	CLUSTALO	MAFFT-GINSI	dpa_align	100	85.3	
serpin	CLUSTALO	MAFFT-GINSI	dpa_align	1000	84.9	
profilin	CLUSTALO	MAFFT-GINSI	dpa_align	100	73.2	
DEATH	CLUSTALO	MAFFT-GINSI	dpa_align	50	55.9	
az	MAFFT_PT	MAFFT-GINSI	dpa_align	500	33.4	
OTCace	CLUSTALO	MAFFT-GINSI	dpa_align	1000	83.3	
il8	CLUSTALO	MAFFT-GINSI	dpa_align	500	70.5	
slectin	CLUSTALO	MAFFT-GINSI	dpa_align	2000	91.3	
proteasome	MAFFT	MAFFT-GINSI	dpa_align	2000	60.8	
Acetyltransf	MAFFT	MAFFT-GINSI	dpa_align	2000	24.9	
sodcu	MAFFT_PT	MAFFT-GINSI	dpa_align	500	81.6	
tgfb	CLUSTALO	MAFFT-GINSI	dpa_align	500	80.3	
Stap_Strp_toxin	MAFFT	MAFFT-GINSI	dpa_align	100	49.1	
icd	MAFFT	MAFFT-GINSI	dpa_align	100	81.7	
lyase_1	MAFFT	MAFFT-GINSI	dpa_align	2000	53.6	
Rhodanese	CLUSTALO	MAFFT-GINSI	dpa_align	1000	38.1	
cah	CLUSTALO	MAFFT-GINSI	dpa_align	50	54.2	
slectin	CLUSTALO	MAFFT-GINSI	dpa_align	50	85.5	
rnasemam	MAFFT_PT	MAFFT-GINSI	dpa_align	2000	81.7	
tRNA-synt_2b	CLUSTALO	MAFFT-GINSI	dpa_align	1000	41.0	
LIM	MAFFT	MAFFT-GINSI	dpa_align	2000	96.5	
uce	CLUSTALO	MAFFT-GINSI	dpa_align	200	46.4	
msb	CLUSTALO	MAFFT-GINSI	dpa_align	1000	67.9	
ghf22	MAFFT	MAFFT-GINSI	dpa_align	1000	88.1	
tRNA-synt_2b	MAFFT_PT	MAFFT-GINSI	dpa_align	50	39.8	
hla	MAFFT	MAFFT-GINSI	dpa_align	200	99.4	
rhv	CLUSTALO	MAFFT-GINSI	dpa_align	500	9.4	
GEL	CLUSTALO	MAFFT-GINSI	dpa_align	200	45.2	
cyt3	CLUSTALO	MAFFT-GINSI	dpa_align	1000	72.4	
rub	CLUSTALO	MAFFT-GINSI	dpa_align	2000	96.7	
ldh	CLUSTALO	MAFFT-GINSI	dpa_align	500	72.5	
trfl	MAFFT_PT	MAFFT-GINSI	dpa_align	200	1.8	
proteasome	CLUSTALO	MAFFT-GINSI	dpa_align	500	56.8	
uce	MAFFT	MAFFT-GINSI	dpa_align	100	40.7	
glob	MAFFT	MAFFT-GINSI	dpa_align	500	57.7	
gluts	MAFFT_PT	MAFFT-GINSI	dpa_align	50	72.1	
myb_DNA-binding	MAFFT	MAFFT-GINSI	dpa_align	50	74.1	
sdr	MAFFT_PT	MAFFT-GINSI	dpa_align	1000	40.0	
hom	MAFFT_PT	MAFFT-GINSI	dpa_align	200	82.0	
ghf13	CLUSTALO	MAFFT-GINSI	dpa_align	50	34.5	
ghf1	CLUSTALO	MAFFT-GINSI	dpa_align	500	74.0	
egf	CLUSTALO	MAFFT-GINSI	dpa_align	100	40.3	
hpr	MAFFT	MAFFT-GINSI	dpa_align	100	96.3	
hla	CLUSTALO	MAFFT-GINSI	dpa_align	200	99.4	
p450	CLUSTALO	MAFFT-GINSI	dpa_align	100	44.6	
KAS	MAFFT	MAFFT-GINSI	dpa_align	1000	63.5	
p450	MAFFT_PT	MAFFT-GINSI	dpa_align	1000	30.1	
ricin	MAFFT_PT	MAFFT-GINSI	dpa_align	50	65.0	
Stap_Strp_toxin	MAFFT_PT	MAFFT-GINSI	dpa_align	500	50.8	
TNF	MAFFT	MAFFT-GINSI	dpa_align	50	72.8	
lyase_1	MAFFT_PT	MAFFT-GINSI	dpa_align	50	61.2	
zf-CCHH	MAFFT	MAFFT-GINSI	dpa_align	2000	41.2	
sodcu	CLUSTALO	MAFFT-GINSI	dpa_align	100	77.7	
ins	MAFFT_PT	MAFFT-GINSI	dpa_align	500	81.4	
peroxidase	CLUSTALO	MAFFT-GINSI	dpa_align	200	65.0	
gluts	MAFFT	MAFFT-GINSI	dpa_align	2000	30.1	
ghf13	MAFFT_PT	MAFFT-GINSI	dpa_align	2000	37.8	
ricin	CLUSTALO	MAFFT-GINSI	dpa_align	100	83.1	
PDZ	CLUSTALO	MAFFT-GINSI	dpa_align	200	48.5	
ace	MAFFT	MAFFT-GINSI	dpa_align	1000	71.7	
ghf5	CLUSTALO	MAFFT-GINSI	dpa_align	100	13.9	
msb	MAFFT_PT	MAFFT-GINSI	dpa_align	200	40.1	
tim	CLUSTALO	MAFFT-GINSI	dpa_align	50	91.5	
serpin	MAFFT	MAFFT-GINSI	dpa_align	100	88.7	
ChtBD	MAFFT	MAFFT-GINSI	dpa_align	200	94.7	
myb_DNA-binding	MAFFT_PT	MAFFT-GINSI	dpa_align	1000	80.8	
annexin	MAFFT	MAFFT-GINSI	dpa_align	2000	52.6	
Rhodanese	CLUSTALO	MAFFT-GINSI	dpa_align	500	43.6	
ghf13	CLUSTALO	MAFFT-GINSI	dpa_align	500	38.0	
int	MAFFT	MAFFT-GINSI	dpa_align	200	19.8	
int	MAFFT	MAFFT-GINSI	dpa_align	100	18.4	
tim	MAFFT_PT	MAFFT-GINSI	dpa_align	50	77.9	
OTCace	CLUSTALO	MAFFT-GINSI	dpa_align	500	83.8	
sti	CLUSTALO	MAFFT-GINSI	dpa_align	1000	65.6	
ghf10	MAFFT_PT	MAFFT-GINSI	dpa_align	200	70.4	
glob	MAFFT	MAFFT-GINSI	dpa_align	1000	58.9	
ace	CLUSTALO	MAFFT-GINSI	dpa_align	1000	76.4	
az	MAFFT_PT	MAFFT-GINSI	dpa_align	2000	44.9	
hla	MAFFT	MAFFT-GINSI	dpa_align	50	99.4	
PDZ	MAFFT	MAFFT-GINSI	dpa_align	200	48.8	
Sulfotransfer	MAFFT	MAFFT-GINSI	dpa_align	500	44.1	
il8	MAFFT_PT	MAFFT-GINSI	dpa_align	2000	67.8	
ghf22	CLUSTALO	MAFFT-GINSI	dpa_align	200	88.9	
Acetyltransf	CLUSTALO	MAFFT-GINSI	dpa_align	100	26.8	
rnasemam	CLUSTALO	MAFFT-GINSI	dpa_align	50	84.4	
LIM	MAFFT	MAFFT-GINSI	dpa_align	200	96.5	
asp	MAFFT	MAFFT-GINSI	dpa_align	1000	76.1	
rvp	CLUSTALO	MAFFT-GINSI	dpa_align	500	56.4	
sodfe	CLUSTALO	MAFFT-GINSI	dpa_align	50	62.6	
adh	MAFFT_PT	MAFFT-GINSI	dpa_align	500	97.5	
Stap_Strp_toxin	MAFFT	MAFFT-GINSI	dpa_align	500	50.8	
msb	MAFFT	MAFFT-GINSI	dpa_align	50	48.1	
hr	MAFFT_PT	MAFFT-GINSI	dpa_align	500	96.9	
ghf5	CLUSTALO	MAFFT-GINSI	dpa_align	2000	51.1	
kunitz	CLUSTALO	MAFFT-GINSI	dpa_align	500	66.1	
rvp	MAFFT_PT	MAFFT-GINSI	dpa_align	50	31.5	
asp	MAFFT	MAFFT-GINSI	dpa_align	50	59.1	
peroxidase	MAFFT	MAFFT-GINSI	dpa_align	200	74.2	
ltn	MAFFT	MAFFT-GINSI	dpa_align	2000	83.7	
GEL	MAFFT	MAFFT-GINSI	dpa_align	100	47.8	
GEL	CLUSTALO	MAFFT-GINSI	dpa_align	1000	50.9	
LIM	MAFFT_PT	MAFFT-GINSI	dpa_align	100	71.6	
ldh	MAFFT	MAFFT-GINSI	dpa_align	2000	36.6	
bowman	CLUSTALO	MAFFT-GINSI	dpa_align	2000	26.5	
cys	MAFFT	MAFFT-GINSI	dpa_align	50	59.3	
il8	MAFFT_PT	MAFFT-GINSI	dpa_align	50	48.2	
ldh	CLUSTALO	MAFFT-GINSI	dpa_align	50	64.0	
Rhodanese	MAFFT_PT	MAFFT-GINSI	dpa_align	50	24.5	
lyase_1	MAFFT_PT	MAFFT-GINSI	dpa_align	200	68.3	
KAS	MAFFT	MAFFT-GINSI	dpa_align	200	58.3	
ins	CLUSTALO	MAFFT-GINSI	dpa_align	200	82.7	
oxidored_q6	CLUSTALO	MAFFT-GINSI	dpa_align	50	43.1	
egf	MAFFT_PT	MAFFT-GINSI	dpa_align	1000	41.2	
kringle	MAFFT	MAFFT-GINSI	dpa_align	100	69.8	
kringle	MAFFT_PT	MAFFT-GINSI	dpa_align	100	63.9	
lyase_1	MAFFT_PT	MAFFT-GINSI	dpa_align	2000	59.7	
ace	MAFFT_PT	MAFFT-GINSI	dpa_align	50	47.3	
HLH	MAFFT_PT	MAFFT-GINSI	dpa_align	100	70.4	
proteasome	MAFFT	MAFFT-GINSI	dpa_align	1000	57.5	
rnasemam	CLUSTALO	MAFFT-GINSI	dpa_align	100	80.1	
kunitz	MAFFT	MAFFT-GINSI	dpa_align	50	71.3	
cyclo	MAFFT	MAFFT-GINSI	dpa_align	100	58.9	
DMRL_synthase	CLUSTALO	MAFFT-GINSI	dpa_align	1000	81.2	
OTCace	CLUSTALO	MAFFT-GINSI	dpa_align	100	85.8	
ChtBD	CLUSTALO	MAFFT-GINSI	dpa_align	50	93.7	
ace	MAFFT	MAFFT-GINSI	dpa_align	100	56.9	
HMG_box	MAFFT	MAFFT-GINSI	dpa_align	500	83.0	
flav	MAFFT	MAFFT-GINSI	dpa_align	50	69.2	
ace	CLUSTALO	MAFFT-GINSI	dpa_align	200	67.9	
rnasemam	MAFFT	MAFFT-GINSI	dpa_align	100	88.1	
serpin	MAFFT	MAFFT-GINSI	dpa_align	200	88.1	
tgfb	MAFFT_PT	MAFFT-GINSI	dpa_align	500	71.9	
scorptoxin	MAFFT_PT	MAFFT-GINSI	dpa_align	50	83.5	
ghf11	CLUSTALO	MAFFT-GINSI	dpa_align	1000	85.3	
serpin	CLUSTALO	MAFFT-GINSI	dpa_align	200	82.9	
ldh	MAFFT	MAFFT-GINSI	dpa_align	500	66.6	
Acetyltransf	CLUSTALO	MAFFT-GINSI	dpa_align	500	29.6	
rub	CLUSTALO	MAFFT-GINSI	dpa_align	1000	96.7	
Stap_Strp_toxin	MAFFT	MAFFT-GINSI	dpa_align	1000	50.8	
toxin	CLUSTALO	MAFFT-GINSI	dpa_align	1000	68.6	
ricin	MAFFT	MAFFT-GINSI	dpa_align	2000	73.9	
OTCace	MAFFT	MAFFT-GINSI	dpa_align	2000	87.7	
rub	MAFFT_PT	MAFFT-GINSI	dpa_align	1000	96.7	
LIM	MAFFT_PT	MAFFT-GINSI	dpa_align	50	81.3	
az	MAFFT	MAFFT-GINSI	dpa_align	200	36.6	
kringle	MAFFT_PT	MAFFT-GINSI	dpa_align	200	78.0	
hom	CLUSTALO	MAFFT-GINSI	dpa_align	2000	81.6	
blmb	MAFFT_PT	MAFFT-GINSI	dpa_align	1000	17.2	
proteasome	CLUSTALO	MAFFT-GINSI	dpa_align	2000	56.1	
ltn	MAFFT_PT	MAFFT-GINSI	dpa_align	50	50.7	
GEL	MAFFT	MAFFT-GINSI	dpa_align	200	54.7	
tRNA-synt_2b	CLUSTALO	MAFFT-GINSI	dpa_align	100	41.1	
OTCace	MAFFT	MAFFT-GINSI	dpa_align	500	90.7	
ghf11	MAFFT_PT	MAFFT-GINSI	dpa_align	500	85.3	
HMG_box	CLUSTALO	MAFFT-GINSI	dpa_align	1000	92.6	
HLH	CLUSTALO	MAFFT-GINSI	dpa_align	200	60.1	
scorptoxin	MAFFT	MAFFT-GINSI	dpa_align	500	77.7	
cah	CLUSTALO	MAFFT-GINSI	dpa_align	100	62.1	
cys	MAFFT	MAFFT-GINSI	dpa_align	500	61.4	
hr	MAFFT	MAFFT-GINSI	dpa_align	100	95.9	
ghf10	MAFFT	MAFFT-GINSI	dpa_align	1000	89.4	
Rhodanese	CLUSTALO	MAFFT-GINSI	dpa_align	100	32.5	
ChtBD	CLUSTALO	MAFFT-GINSI	dpa_align	500	88.4	
mmp	MAFFT_PT	MAFFT-GINSI	dpa_align	1000	91.0	
ins	MAFFT_PT	MAFFT-GINSI	dpa_align	50	35.9	
TNF	MAFFT_PT	MAFFT-GINSI	dpa_align	50	61.2	
ChtBD	MAFFT	MAFFT-GINSI	dpa_align	500	90.8	
hip	MAFFT_PT	MAFFT-GINSI	dpa_align	200	76.7	
kringle	MAFFT	MAFFT-GINSI	dpa_align	50	70.3	
mofe	CLUSTALO	MAFFT-GINSI	dpa_align	500	77.4	
gluts	CLUSTALO	MAFFT-GINSI	dpa_align	500	67.2	
Stap_Strp_toxin	CLUSTALO	MAFFT-GINSI	dpa_align	500	50.8	
cytb	MAFFT	MAFFT-GINSI	dpa_align	100	55.8	
il8	MAFFT	MAFFT-GINSI	dpa_align	1000	67.4	
adh	MAFFT	MAFFT-GINSI	dpa_align	100	98.6	
gluts	CLUSTALO	MAFFT-GINSI	dpa_align	200	71.5	
HLH	CLUSTALO	MAFFT-GINSI	dpa_align	50	62.4	
rvp	MAFFT	MAFFT-GINSI	dpa_align	500	57.8	
hom	MAFFT	MAFFT-GINSI	dpa_align	100	71.2	
hla	CLUSTALO	MAFFT-GINSI	dpa_align	100	99.4	
trfl	MAFFT	MAFFT-GINSI	dpa_align	200	89.7	
Rhodanese	MAFFT_PT	MAFFT-GINSI	dpa_align	2000	46.3	
sdr	CLUSTALO	MAFFT-GINSI	dpa_align	2000	16.6	
oxidored_q6	MAFFT_PT	MAFFT-GINSI	dpa_align	1000	95.2	
profilin	MAFFT_PT	MAFFT-GINSI	dpa_align	500	78.9	
glob	CLUSTALO	MAFFT-GINSI	dpa_align	2000	49.2	
hormone_rec	MAFFT_PT	MAFFT-GINSI	dpa_align	500	64.9	
biotin_lipoyl	MAFFT_PT	MAFFT-GINSI	dpa_align	500	76.7	
ghf13	CLUSTALO	MAFFT-GINSI	dpa_align	1000	39.3	
ghf22	MAFFT_PT	MAFFT-GINSI	dpa_align	100	71.2	
cyclo	MAFFT	MAFFT-GINSI	dpa_align	1000	73.0	
DMRL_synthase	MAFFT_PT	MAFFT-GINSI	dpa_align	200	81.2	
KAS	CLUSTALO	MAFFT-GINSI	dpa_align	500	72.4	
p450	MAFFT	MAFFT-GINSI	dpa_align	100	37.2	
subt	CLUSTALO	MAFFT-GINSI	dpa_align	1000	49.6	
lyase_1	CLUSTALO	MAFFT-GINSI	dpa_align	2000	61.5	
adh	MAFFT	MAFFT-GINSI	dpa_align	500	96.1	
cryst	CLUSTALO	MAFFT-GINSI	dpa_align	1000	45.5	
hom	MAFFT	MAFFT-GINSI	dpa_align	1000	76.2	
slectin	MAFFT	MAFFT-GINSI	dpa_align	1000	91.4	
seatoxin	MAFFT_PT	MAFFT-GINSI	dpa_align	100	47.0	
HMG_box	MAFFT_PT	MAFFT-GINSI	dpa_align	1000	86.5	
tgfb	CLUSTALO	MAFFT-GINSI	dpa_align	200	70.6	
cyt3	MAFFT	MAFFT-GINSI	dpa_align	2000	71.4	
sti	CLUSTALO	MAFFT-GINSI	dpa_align	500	65.8	
Stap_Strp_toxin	MAFFT	MAFFT-GINSI	dpa_align	200	51.6	
DEATH	MAFFT	MAFFT-GINSI	dpa_align	2000	48.3	
msb	MAFFT_PT	MAFFT-GINSI	dpa_align	2000	69.1	
ldh	MAFFT	MAFFT-GINSI	dpa_align	200	52.4	
rrm	MAFFT	MAFFT-GINSI	dpa_align	200	22.6	
toxin	CLUSTALO	MAFFT-GINSI	dpa_align	50	55.5	
cytb	CLUSTALO	MAFFT-GINSI	dpa_align	2000	74.5	
Stap_Strp_toxin	MAFFT_PT	MAFFT-GINSI	dpa_align	200	54.1	
subt	MAFFT	MAFFT-GINSI	dpa_align	50	18.0	
aadh	MAFFT	MAFFT-GINSI	dpa_align	500	41.4	
blm	CLUSTALO	MAFFT-GINSI	dpa_align	1000	91.6	
tgfb	CLUSTALO	MAFFT-GINSI	dpa_align	100	71.5	
adh	MAFFT	MAFFT-GINSI	dpa_align	200	98.6	
ins	CLUSTALO	MAFFT-GINSI	dpa_align	500	90.3	
bowman	CLUSTALO	MAFFT-GINSI	dpa_align	100	82.6	
tgfb	MAFFT_PT	MAFFT-GINSI	dpa_align	50	68.2	
ltn	CLUSTALO	MAFFT-GINSI	dpa_align	200	77.3	
tms	MAFFT_PT	MAFFT-GINSI	dpa_align	1000	89.7	
sodfe	MAFFT	MAFFT-GINSI	dpa_align	50	62.7	
DMRL_synthase	MAFFT_PT	MAFFT-GINSI	dpa_align	500	81.2	
aat	MAFFT_PT	MAFFT-GINSI	dpa_align	100	40.0	
int	CLUSTALO	MAFFT-GINSI	dpa_align	100	47.2	
flav	MAFFT	MAFFT-GINSI	dpa_align	200	78.2	
ldh	MAFFT_PT	MAFFT-GINSI	dpa_align	2000	37.0	
DMRL_synthase	CLUSTALO	MAFFT-GINSI	dpa_align	100	79.0	
trfl	MAFFT	MAFFT-GINSI	dpa_align	50	90.2	
ltn	MAFFT	MAFFT-GINSI	dpa_align	500	79.6	
hpr	MAFFT	MAFFT-GINSI	dpa_align	50	94.4	
toxin	CLUSTALO	MAFFT-GINSI	dpa_align	100	66.9	
aadh	CLUSTALO	MAFFT-GINSI	dpa_align	200	55.4	
ghf1	CLUSTALO	MAFFT-GINSI	dpa_align	2000	84.2	
msb	CLUSTALO	MAFFT-GINSI	dpa_align	50	62.4	
lyase_1	MAFFT_PT	MAFFT-GINSI	dpa_align	100	64.9	
gluts	MAFFT	MAFFT-GINSI	dpa_align	50	51.2	
ghf10	CLUSTALO	MAFFT-GINSI	dpa_align	1000	84.9	
cyt3	MAFFT	MAFFT-GINSI	dpa_align	50	44.5	
blmb	MAFFT_PT	MAFFT-GINSI	dpa_align	200	13.7	
OTCace	CLUSTALO	MAFFT-GINSI	dpa_align	200	82.0	
annexin	MAFFT	MAFFT-GINSI	dpa_align	500	58.1	
Acetyltransf	MAFFT_PT	MAFFT-GINSI	dpa_align	50	21.3	
kunitz	MAFFT_PT	MAFFT-GINSI	dpa_align	2000	77.5	
hormone_rec	CLUSTALO	MAFFT-GINSI	dpa_align	500	61.7	
cyclo	CLUSTALO	MAFFT-GINSI	dpa_align	500	78.1	
egf	MAFFT	MAFFT-GINSI	dpa_align	2000	48.9	
gpdh	MAFFT	MAFFT-GINSI	dpa_align	200	87.7	
Acetyltransf	MAFFT	MAFFT-GINSI	dpa_align	1000	24.2	
zf-CCHH	MAFFT	MAFFT-GINSI	dpa_align	200	22.5	
Acetyltransf	MAFFT_PT	MAFFT-GINSI	dpa_align	100	25.9	
rnasemam	MAFFT	MAFFT-GINSI	dpa_align	500	81.7	
slectin	MAFFT_PT	MAFFT-GINSI	dpa_align	500	90.3	
DEATH	MAFFT_PT	MAFFT-GINSI	dpa_align	100	53.4	
toxin	MAFFT	MAFFT-GINSI	dpa_align	100	46.7	
ghf22	MAFFT	MAFFT-GINSI	dpa_align	500	88.1	
uce	MAFFT	MAFFT-GINSI	dpa_align	2000	49.8	
OTCace	MAFFT_PT	MAFFT-GINSI	dpa_align	2000	84.9	
ltn	MAFFT	MAFFT-GINSI	dpa_align	200	81.3	
cytb	MAFFT_PT	MAFFT-GINSI	dpa_align	500	44.5	
sti	MAFFT	MAFFT-GINSI	dpa_align	200	68.4	
cyclo	MAFFT	MAFFT-GINSI	dpa_align	500	74.8	
ChtBD	MAFFT_PT	MAFFT-GINSI	dpa_align	2000	90.8	
Sulfotransfer	MAFFT_PT	MAFFT-GINSI	dpa_align	2000	49.4	
phoslip	CLUSTALO	MAFFT-GINSI	dpa_align	500	81.8	
profilin	MAFFT	MAFFT-GINSI	dpa_align	1000	78.9	
gpdh	MAFFT_PT	MAFFT-GINSI	dpa_align	100	87.8	
msb	MAFFT	MAFFT-GINSI	dpa_align	1000	62.0	
annexin	MAFFT_PT	MAFFT-GINSI	dpa_align	2000	53.5	
cryst	MAFFT_PT	MAFFT-GINSI	dpa_align	500	61.8	
hom	CLUSTALO	MAFFT-GINSI	dpa_align	100	82.2	
sodcu	MAFFT_PT	MAFFT-GINSI	dpa_align	2000	79.7	
hom	MAFFT	MAFFT-GINSI	dpa_align	50	71.3	
DMRL_synthase	CLUSTALO	MAFFT-GINSI	dpa_align	2000	80.3	
cyclo	MAFFT_PT	MAFFT-GINSI	dpa_align	2000	52.7	
aldosered	MAFFT	MAFFT-GINSI	dpa_align	2000	72.2	
KAS	MAFFT_PT	MAFFT-GINSI	dpa_align	200	71.5	
egf	MAFFT	MAFFT-GINSI	dpa_align	200	41.3	
ghf11	MAFFT_PT	MAFFT-GINSI	dpa_align	50	74.0	
ghf22	MAFFT_PT	MAFFT-GINSI	dpa_align	500	88.2	
hla	MAFFT_PT	MAFFT-GINSI	dpa_align	100	99.4	
rrm	MAFFT_PT	MAFFT-GINSI	dpa_align	200	20.0	
p450	MAFFT	MAFFT-GINSI	dpa_align	1000	33.5	
glob	CLUSTALO	MAFFT-GINSI	dpa_align	100	56.4	
az	MAFFT_PT	MAFFT-GINSI	dpa_align	1000	41.8	
PDZ	MAFFT	MAFFT-GINSI	dpa_align	100	45.5	
ghf11	MAFFT	MAFFT-GINSI	dpa_align	50	74.4	
glob	MAFFT	MAFFT-GINSI	dpa_align	100	54.9	
tRNA-synt_2b	MAFFT	MAFFT-GINSI	dpa_align	500	41.9	
biotin_lipoyl	MAFFT	MAFFT-GINSI	dpa_align	1000	82.4	
KAS	CLUSTALO	MAFFT-GINSI	dpa_align	2000	51.8	
uce	CLUSTALO	MAFFT-GINSI	dpa_align	500	63.1	
gluts	MAFFT_PT	MAFFT-GINSI	dpa_align	1000	81.0	
Ald_Xan_dh_2	CLUSTALO	MAFFT-GINSI	dpa_align	1000	75.1	
blm	MAFFT_PT	MAFFT-GINSI	dpa_align	500	17.1	
uce	MAFFT_PT	MAFFT-GINSI	dpa_align	2000	49.2	
aat	MAFFT	MAFFT-GINSI	dpa_align	1000	56.2	
cys	MAFFT	MAFFT-GINSI	dpa_align	100	64.0	
cyclo	MAFFT	MAFFT-GINSI	dpa_align	2000	82.2	
aat	CLUSTALO	MAFFT-GINSI	dpa_align	2000	57.8	
Ald_Xan_dh_2	CLUSTALO	MAFFT-GINSI	dpa_align	2000	72.2	
mofe	MAFFT_PT	MAFFT-GINSI	dpa_align	1000	81.0	
rnasemam	MAFFT_PT	MAFFT-GINSI	dpa_align	100	80.5	
scorptoxin	MAFFT_PT	MAFFT-GINSI	dpa_align	1000	77.7	
gluts	CLUSTALO	MAFFT-GINSI	dpa_align	1000	64.8	
HMG_box	MAFFT	MAFFT-GINSI	dpa_align	100	74.5	
ricin	MAFFT_PT	MAFFT-GINSI	dpa_align	100	79.8	
blm	MAFFT	MAFFT-GINSI	dpa_align	500	38.6	
hip	CLUSTALO	MAFFT-GINSI	dpa_align	200	76.7	
Stap_Strp_toxin	MAFFT_PT	MAFFT-GINSI	dpa_align	2000	50.8	
peroxidase	MAFFT	MAFFT-GINSI	dpa_align	50	52.0	
ChtBD	MAFFT_PT	MAFFT-GINSI	dpa_align	200	94.7	
peroxidase	CLUSTALO	MAFFT-GINSI	dpa_align	100	72.6	
icd	MAFFT	MAFFT-GINSI	dpa_align	200	80.5	
gpdh	CLUSTALO	MAFFT-GINSI	dpa_align	1000	88.3	
il8	MAFFT_PT	MAFFT-GINSI	dpa_align	100	65.3	
hormone_rec	MAFFT	MAFFT-GINSI	dpa_align	500	59.4	
sodcu	MAFFT	MAFFT-GINSI	dpa_align	50	66.3	
ghf11	MAFFT_PT	MAFFT-GINSI	dpa_align	1000	85.3	
cyclo	MAFFT_PT	MAFFT-GINSI	dpa_align	50	31.6	
PDZ	MAFFT_PT	MAFFT-GINSI	dpa_align	200	34.6	
Stap_Strp_toxin	MAFFT_PT	MAFFT-GINSI	dpa_align	1000	50.8	
biotin_lipoyl	MAFFT_PT	MAFFT-GINSI	dpa_align	2000	80.4	
ricin	MAFFT	MAFFT-GINSI	dpa_align	50	71.1	
annexin	MAFFT_PT	MAFFT-GINSI	dpa_align	50	99.0	
cryst	MAFFT	MAFFT-GINSI	dpa_align	2000	68.4	
ghf10	CLUSTALO	MAFFT-GINSI	dpa_align	500	87.3	
peroxidase	CLUSTALO	MAFFT-GINSI	dpa_align	2000	69.7	
toxin	MAFFT_PT	MAFFT-GINSI	dpa_align	500	68.6	
egf	MAFFT	MAFFT-GINSI	dpa_align	50	38.2	
ChtBD	MAFFT	MAFFT-GINSI	dpa_align	50	89.9	
hom	MAFFT	MAFFT-GINSI	dpa_align	500	76.2	
sti	MAFFT_PT	MAFFT-GINSI	dpa_align	50	54.6	
ghf22	CLUSTALO	MAFFT-GINSI	dpa_align	100	88.4	
blm	MAFFT	MAFFT-GINSI	dpa_align	50	21.4	
ghf5	MAFFT	MAFFT-GINSI	dpa_align	50	32.1	
ldh	MAFFT_PT	MAFFT-GINSI	dpa_align	500	69.2	
Stap_Strp_toxin	CLUSTALO	MAFFT-GINSI	dpa_align	100	54.5	
KAS	MAFFT_PT	MAFFT-GINSI	dpa_align	2000	70.4	
ldh	MAFFT_PT	MAFFT-GINSI	dpa_align	50	66.0	
rub	MAFFT_PT	MAFFT-GINSI	dpa_align	200	87.1	
phoslip	CLUSTALO	MAFFT-GINSI	dpa_align	100	79.3	
Acetyltransf	MAFFT_PT	MAFFT-GINSI	dpa_align	2000	24.8	
scorptoxin	MAFFT	MAFFT-GINSI	dpa_align	100	87.5	
myb_DNA-binding	MAFFT	MAFFT-GINSI	dpa_align	500	78.8	
rnasemam	MAFFT	MAFFT-GINSI	dpa_align	50	76.9	
ghf13	MAFFT	MAFFT-GINSI	dpa_align	500	41.3	
kringle	CLUSTALO	MAFFT-GINSI	dpa_align	1000	89.4	
hla	MAFFT	MAFFT-GINSI	dpa_align	1000	99.4	
sodcu	CLUSTALO	MAFFT-GINSI	dpa_align	500	84.1	
ghf22	CLUSTALO	MAFFT-GINSI	dpa_align	50	82.1	
myb_DNA-binding	CLUSTALO	MAFFT-GINSI	dpa_align	1000	84.2	
Ald_Xan_dh_2	MAFFT	MAFFT-GINSI	dpa_align	500	75.1	
glob	MAFFT	MAFFT-GINSI	dpa_align	200	55.9	
subt	CLUSTALO	MAFFT-GINSI	dpa_align	500	43.5	
profilin	MAFFT	MAFFT-GINSI	dpa_align	500	78.9	
Acetyltransf	MAFFT_PT	MAFFT-GINSI	dpa_align	200	23.5	
KAS	CLUSTALO	MAFFT-GINSI	dpa_align	50	67.5	
aat	CLUSTALO	MAFFT-GINSI	dpa_align	50	50.8	
asp	MAFFT_PT	MAFFT-GINSI	dpa_align	200	50.0	
p450	MAFFT_PT	MAFFT-GINSI	dpa_align	500	11.6	
int	CLUSTALO	MAFFT-GINSI	dpa_align	1000	66.4	
p450	MAFFT	MAFFT-GINSI	dpa_align	50	30.9	
sodfe	MAFFT_PT	MAFFT-GINSI	dpa_align	200	68.0	
cyt3	MAFFT	MAFFT-GINSI	dpa_align	200	61.5	
ghf13	MAFFT	MAFFT-GINSI	dpa_align	2000	36.9	
hormone_rec	MAFFT_PT	MAFFT-GINSI	dpa_align	100	33.4	
scorptoxin	MAFFT	MAFFT-GINSI	dpa_align	1000	77.7	
PDZ	MAFFT_PT	MAFFT-GINSI	dpa_align	50	36.1	
asp	MAFFT	MAFFT-GINSI	dpa_align	200	71.8	
mmp	MAFFT	MAFFT-GINSI	dpa_align	1000	84.7	
bowman	MAFFT	MAFFT-GINSI	dpa_align	2000	26.5	
biotin_lipoyl	MAFFT_PT	MAFFT-GINSI	dpa_align	100	73.4	
ghf11	MAFFT	MAFFT-GINSI	dpa_align	500	83.5	
ldh	CLUSTALO	MAFFT-GINSI	dpa_align	1000	74.7	
profilin	CLUSTALO	MAFFT-GINSI	dpa_align	200	73.2	
cryst	MAFFT_PT	MAFFT-GINSI	dpa_align	2000	68.4	
int	MAFFT_PT	MAFFT-GINSI	dpa_align	100	20.0	
egf	MAFFT	MAFFT-GINSI	dpa_align	100	48.0	
rvp	MAFFT_PT	MAFFT-GINSI	dpa_align	1000	67.0	
egf	MAFFT_PT	MAFFT-GINSI	dpa_align	200	41.2	
cyt3	MAFFT_PT	MAFFT-GINSI	dpa_align	1000	72.4	
rhv	CLUSTALO	MAFFT-GINSI	dpa_align	200	3.6	
seatoxin	MAFFT_PT	MAFFT-GINSI	dpa_align	2000	47.0	
cryst	CLUSTALO	MAFFT-GINSI	dpa_align	100	0.0	
asp	MAFFT_PT	MAFFT-GINSI	dpa_align	50	32.6	
ghf10	MAFFT_PT	MAFFT-GINSI	dpa_align	100	84.0	
mmp	CLUSTALO	MAFFT-GINSI	dpa_align	200	86.2	
Stap_Strp_toxin	MAFFT	MAFFT-GINSI	dpa_align	50	49.0	
myb_DNA-binding	CLUSTALO	MAFFT-GINSI	dpa_align	50	64.1	
hip	CLUSTALO	MAFFT-GINSI	dpa_align	500	76.7	
int	CLUSTALO	MAFFT-GINSI	dpa_align	200	49.2	
cytb	CLUSTALO	MAFFT-GINSI	dpa_align	100	65.8	
zf-CCHH	MAFFT	MAFFT-GINSI	dpa_align	100	33.7	
hla	CLUSTALO	MAFFT-GINSI	dpa_align	500	99.4	
mmp	CLUSTALO	MAFFT-GINSI	dpa_align	50	87.8	
aldosered	CLUSTALO	MAFFT-GINSI	dpa_align	500	78.8	
hip	MAFFT_PT	MAFFT-GINSI	dpa_align	500	76.7	
il8	MAFFT	MAFFT-GINSI	dpa_align	200	65.3	
uce	MAFFT_PT	MAFFT-GINSI	dpa_align	500	23.2	
il8	CLUSTALO	MAFFT-GINSI	dpa_align	100	68.9	
peroxidase	CLUSTALO	MAFFT-GINSI	dpa_align	500	73.5	
int	CLUSTALO	MAFFT-GINSI	dpa_align	2000	65.6	
tRNA-synt_2b	MAFFT	MAFFT-GINSI	dpa_align	1000	43.0	
hpr	MAFFT	MAFFT-GINSI	dpa_align	2000	95.9	
rub	MAFFT	MAFFT-GINSI	dpa_align	500	96.7	
ghf13	MAFFT	MAFFT-GINSI	dpa_align	200	35.2	
mmp	MAFFT_PT	MAFFT-GINSI	dpa_align	50	82.2	
hr	CLUSTALO	MAFFT-GINSI	dpa_align	2000	99.6	
ghf1	CLUSTALO	MAFFT-GINSI	dpa_align	50	69.7	
sti	MAFFT	MAFFT-GINSI	dpa_align	100	68.3	
ghf5	MAFFT_PT	MAFFT-GINSI	dpa_align	50	27.6	
HMG_box	MAFFT_PT	MAFFT-GINSI	dpa_align	100	73.1	
bowman	MAFFT_PT	MAFFT-GINSI	dpa_align	1000	26.5	
ace	MAFFT_PT	MAFFT-GINSI	dpa_align	100	53.1	
TNF	CLUSTALO	MAFFT-GINSI	dpa_align	2000	73.2	
cyt3	CLUSTALO	MAFFT-GINSI	dpa_align	50	39.4	
gpdh	CLUSTALO	MAFFT-GINSI	dpa_align	2000	88.0	
ghf22	CLUSTALO	MAFFT-GINSI	dpa_align	500	86.1	
tRNA-synt_2b	CLUSTALO	MAFFT-GINSI	dpa_align	2000	42.1	
cytb	MAFFT_PT	MAFFT-GINSI	dpa_align	2000	74.5	
HLH	CLUSTALO	MAFFT-GINSI	dpa_align	1000	70.8	
bowman	MAFFT	MAFFT-GINSI	dpa_align	50	28.2	
aat	CLUSTALO	MAFFT-GINSI	dpa_align	100	48.3	
Stap_Strp_toxin	CLUSTALO	MAFFT-GINSI	dpa_align	1000	50.8	
flav	CLUSTALO	MAFFT-GINSI	dpa_align	1000	73.7	
tms	MAFFT	MAFFT-GINSI	dpa_align	500	88.5	
adh	MAFFT_PT	MAFFT-GINSI	dpa_align	50	95.9	
rnasemam	CLUSTALO	MAFFT-GINSI	dpa_align	2000	81.7	
phoslip	MAFFT_PT	MAFFT-GINSI	dpa_align	200	79.7	
egf	CLUSTALO	MAFFT-GINSI	dpa_align	200	30.8	
phoslip	MAFFT	MAFFT-GINSI	dpa_align	1000	81.8	
cyclo	MAFFT_PT	MAFFT-GINSI	dpa_align	200	47.9	
blmb	CLUSTALO	MAFFT-GINSI	dpa_align	50	22.3	
ghf11	CLUSTALO	MAFFT-GINSI	dpa_align	2000	85.3	
serpin	MAFFT_PT	MAFFT-GINSI	dpa_align	50	55.7	
hip	MAFFT_PT	MAFFT-GINSI	dpa_align	100	77.6	
blm	MAFFT	MAFFT-GINSI	dpa_align	200	24.2	
blm	CLUSTALO	MAFFT-GINSI	dpa_align	100	81.0	
seatoxin	CLUSTALO	MAFFT-GINSI	dpa_align	1000	47.0	
cah	MAFFT	MAFFT-GINSI	dpa_align	500	73.5	
Ald_Xan_dh_2	MAFFT	MAFFT-GINSI	dpa_align	200	52.8	
scorptoxin	CLUSTALO	MAFFT-GINSI	dpa_align	1000	77.7	
mmp	CLUSTALO	MAFFT-GINSI	dpa_align	500	92.5	
trfl	MAFFT_PT	MAFFT-GINSI	dpa_align	1000	1.8	
peroxidase	MAFFT	MAFFT-GINSI	dpa_align	500	77.9	
il8	MAFFT_PT	MAFFT-GINSI	dpa_align	500	68.4	
oxidored_q6	MAFFT	MAFFT-GINSI	dpa_align	2000	95.7	
gpdh	MAFFT	MAFFT-GINSI	dpa_align	50	87.7	
DMRL_synthase	MAFFT_PT	MAFFT-GINSI	dpa_align	2000	79.7	
blmb	MAFFT	MAFFT-GINSI	dpa_align	2000	33.2	
sodfe	MAFFT_PT	MAFFT-GINSI	dpa_align	2000	64.7	
il8	MAFFT	MAFFT-GINSI	dpa_align	50	49.8	
serpin	CLUSTALO	MAFFT-GINSI	dpa_align	50	83.4	
Ald_Xan_dh_2	MAFFT_PT	MAFFT-GINSI	dpa_align	500	73.6	
toxin	MAFFT_PT	MAFFT-GINSI	dpa_align	2000	68.6	
ldh	MAFFT_PT	MAFFT-GINSI	dpa_align	200	79.4	
az	CLUSTALO	MAFFT-GINSI	dpa_align	500	40.9	
ghf5	MAFFT_PT	MAFFT-GINSI	dpa_align	2000	54.5	
tms	CLUSTALO	MAFFT-GINSI	dpa_align	50	86.9	
rvp	MAFFT_PT	MAFFT-GINSI	dpa_align	2000	67.0	
cryst	CLUSTALO	MAFFT-GINSI	dpa_align	50	0.0	
LIM	MAFFT_PT	MAFFT-GINSI	dpa_align	200	66.8	
il8	MAFFT_PT	MAFFT-GINSI	dpa_align	200	45.1	
scorptoxin	MAFFT_PT	MAFFT-GINSI	dpa_align	200	86.0	
tim	MAFFT	MAFFT-GINSI	dpa_align	500	91.2	
hormone_rec	CLUSTALO	MAFFT-GINSI	dpa_align	200	62.6	
slectin	MAFFT	MAFFT-GINSI	dpa_align	500	75.6	
msb	MAFFT	MAFFT-GINSI	dpa_align	200	59.8	
blm	MAFFT	MAFFT-GINSI	dpa_align	2000	88.1	
Stap_Strp_toxin	CLUSTALO	MAFFT-GINSI	dpa_align	200	51.5	
gluts	MAFFT_PT	MAFFT-GINSI	dpa_align	500	79.3	
asp	MAFFT_PT	MAFFT-GINSI	dpa_align	500	37.9	
sodfe	MAFFT_PT	MAFFT-GINSI	dpa_align	100	23.1	
GEL	CLUSTALO	MAFFT-GINSI	dpa_align	2000	46.7	
hpr	CLUSTALO	MAFFT-GINSI	dpa_align	100	79.3	
cryst	MAFFT_PT	MAFFT-GINSI	dpa_align	1000	1.0	
flav	MAFFT	MAFFT-GINSI	dpa_align	100	64.2	
hr	CLUSTALO	MAFFT-GINSI	dpa_align	200	98.1	
flav	MAFFT_PT	MAFFT-GINSI	dpa_align	200	65.9	
cys	CLUSTALO	MAFFT-GINSI	dpa_align	1000	73.1	
PDZ	CLUSTALO	MAFFT-GINSI	dpa_align	1000	57.2	
tim	MAFFT	MAFFT-GINSI	dpa_align	200	92.1	
icd	CLUSTALO	MAFFT-GINSI	dpa_align	2000	84.9	
gluts	MAFFT_PT	MAFFT-GINSI	dpa_align	100	68.3	
TNF	CLUSTALO	MAFFT-GINSI	dpa_align	200	71.2	
tgfb	MAFFT_PT	MAFFT-GINSI	dpa_align	100	74.5	
DEATH	MAFFT_PT	MAFFT-GINSI	dpa_align	200	49.0	
OTCace	MAFFT_PT	MAFFT-GINSI	dpa_align	500	85.9	
hla	MAFFT	MAFFT-GINSI	dpa_align	500	99.4	
ghf22	MAFFT	MAFFT-GINSI	dpa_align	2000	88.1	
msb	MAFFT	MAFFT-GINSI	dpa_align	2000	57.5	
OTCace	MAFFT	MAFFT-GINSI	dpa_align	100	86.8	
aldosered	CLUSTALO	MAFFT-GINSI	dpa_align	1000	78.0	
hom	MAFFT_PT	MAFFT-GINSI	dpa_align	500	82.5	
az	MAFFT	MAFFT-GINSI	dpa_align	2000	45.0	
lyase_1	MAFFT_PT	MAFFT-GINSI	dpa_align	500	74.7	
bowman	MAFFT	MAFFT-GINSI	dpa_align	500	26.5	
rnasemam	MAFFT_PT	MAFFT-GINSI	dpa_align	1000	81.7	
mofe	MAFFT	MAFFT-GINSI	dpa_align	200	79.0	
flav	CLUSTALO	MAFFT-GINSI	dpa_align	50	38.8	
sti	CLUSTALO	MAFFT-GINSI	dpa_align	100	57.4	
hr	CLUSTALO	MAFFT-GINSI	dpa_align	100	96.3	
ace	CLUSTALO	MAFFT-GINSI	dpa_align	100	67.1	
tRNA-synt_2b	MAFFT	MAFFT-GINSI	dpa_align	50	17.4	
cytb	MAFFT_PT	MAFFT-GINSI	dpa_align	200	25.0	
hip	CLUSTALO	MAFFT-GINSI	dpa_align	50	71.6	
HLH	MAFFT_PT	MAFFT-GINSI	dpa_align	200	69.5	
flav	MAFFT	MAFFT-GINSI	dpa_align	1000	73.9	
tgfb	CLUSTALO	MAFFT-GINSI	dpa_align	2000	76.0	
cys	CLUSTALO	MAFFT-GINSI	dpa_align	100	59.7	
HLH	MAFFT_PT	MAFFT-GINSI	dpa_align	500	69.5	
sodcu	MAFFT	MAFFT-GINSI	dpa_align	100	79.1	
aadh	MAFFT_PT	MAFFT-GINSI	dpa_align	200	61.1	
bowman	CLUSTALO	MAFFT-GINSI	dpa_align	50	75.6	
ghf13	MAFFT_PT	MAFFT-GINSI	dpa_align	50	37.4	
ricin	MAFFT	MAFFT-GINSI	dpa_align	100	82.0	
ghf5	CLUSTALO	MAFFT-GINSI	dpa_align	200	27.3	
LIM	MAFFT_PT	MAFFT-GINSI	dpa_align	1000	74.8	
annexin	CLUSTALO	MAFFT-GINSI	dpa_align	50	99.4	
GEL	MAFFT_PT	MAFFT-GINSI	dpa_align	200	43.5	
ghf1	MAFFT_PT	MAFFT-GINSI	dpa_align	50	66.8	
subt	MAFFT_PT	MAFFT-GINSI	dpa_align	100	15.9	
rrm	CLUSTALO	MAFFT-GINSI	dpa_align	200	28.0	
Ald_Xan_dh_2	MAFFT_PT	MAFFT-GINSI	dpa_align	1000	73.9	
hpr	CLUSTALO	MAFFT-GINSI	dpa_align	500	92.4	
Acetyltransf	CLUSTALO	MAFFT-GINSI	dpa_align	200	26.2	
HMG_box	CLUSTALO	MAFFT-GINSI	dpa_align	100	84.1	
ghf1	MAFFT_PT	MAFFT-GINSI	dpa_align	500	77.5	
rrm	MAFFT	MAFFT-GINSI	dpa_align	2000	22.6	
phc	MAFFT_PT	MAFFT-GINSI	dpa_align	100	89.4	
rhv	MAFFT_PT	MAFFT-GINSI	dpa_align	100	52.2	
proteasome	MAFFT_PT	MAFFT-GINSI	dpa_align	200	59.5	
ldh	CLUSTALO	MAFFT-GINSI	dpa_align	100	70.5	
trfl	MAFFT	MAFFT-GINSI	dpa_align	1000	1.8	
DMRL_synthase	MAFFT_PT	MAFFT-GINSI	dpa_align	50	81.6	
ghf10	MAFFT_PT	MAFFT-GINSI	dpa_align	2000	88.9	
mmp	MAFFT_PT	MAFFT-GINSI	dpa_align	500	58.0	
aldosered	MAFFT_PT	MAFFT-GINSI	dpa_align	1000	43.3	
flav	MAFFT_PT	MAFFT-GINSI	dpa_align	50	28.3	
Sulfotransfer	MAFFT	MAFFT-GINSI	dpa_align	100	39.8	
ghf5	MAFFT	MAFFT-GINSI	dpa_align	500	53.0	
tms	MAFFT	MAFFT-GINSI	dpa_align	2000	89.3	
msb	CLUSTALO	MAFFT-GINSI	dpa_align	200	64.2	
zf-CCHH	CLUSTALO	MAFFT-GINSI	dpa_align	200	71.3	
sodfe	MAFFT	MAFFT-GINSI	dpa_align	100	63.9	
bowman	MAFFT_PT	MAFFT-GINSI	dpa_align	100	8.1	
gpdh	MAFFT	MAFFT-GINSI	dpa_align	500	86.3	
tgfb	MAFFT	MAFFT-GINSI	dpa_align	500	73.8	
hip	MAFFT	MAFFT-GINSI	dpa_align	2000	76.7	
blmb	CLUSTALO	MAFFT-GINSI	dpa_align	1000	25.7	
cys	MAFFT_PT	MAFFT-GINSI	dpa_align	500	47.3	
sodfe	MAFFT	MAFFT-GINSI	dpa_align	1000	25.0	
lyase_1	CLUSTALO	MAFFT-GINSI	dpa_align	50	70.3	
uce	MAFFT	MAFFT-GINSI	dpa_align	200	48.3	
toxin	CLUSTALO	MAFFT-GINSI	dpa_align	200	53.2	
aadh	MAFFT	MAFFT-GINSI	dpa_align	50	55.2	
toxin	MAFFT_PT	MAFFT-GINSI	dpa_align	1000	68.6	
tms	CLUSTALO	MAFFT-GINSI	dpa_align	2000	89.3	
sodfe	CLUSTALO	MAFFT-GINSI	dpa_align	1000	67.2	
tim	CLUSTALO	MAFFT-GINSI	dpa_align	100	91.7	
ChtBD	CLUSTALO	MAFFT-GINSI	dpa_align	1000	90.8	
sodfe	MAFFT_PT	MAFFT-GINSI	dpa_align	50	63.9	
myb_DNA-binding	CLUSTALO	MAFFT-GINSI	dpa_align	100	60.1	
rnasemam	MAFFT	MAFFT-GINSI	dpa_align	200	81.0	
ace	CLUSTALO	MAFFT-GINSI	dpa_align	50	65.0	
annexin	MAFFT	MAFFT-GINSI	dpa_align	100	98.7	
KAS	CLUSTALO	MAFFT-GINSI	dpa_align	100	71.6	
ins	CLUSTALO	MAFFT-GINSI	dpa_align	50	83.2	
biotin_lipoyl	MAFFT	MAFFT-GINSI	dpa_align	200	73.0	
hormone_rec	MAFFT_PT	MAFFT-GINSI	dpa_align	200	51.2	
PDZ	MAFFT	MAFFT-GINSI	dpa_align	1000	47.5	
blmb	MAFFT_PT	MAFFT-GINSI	dpa_align	100	7.8	
scorptoxin	MAFFT_PT	MAFFT-GINSI	dpa_align	500	77.7	
gluts	CLUSTALO	MAFFT-GINSI	dpa_align	50	74.7	
aadh	CLUSTALO	MAFFT-GINSI	dpa_align	2000	63.4	
peroxidase	CLUSTALO	MAFFT-GINSI	dpa_align	50	65.9	
ChtBD	CLUSTALO	MAFFT-GINSI	dpa_align	2000	90.8	
oxidored_q6	MAFFT	MAFFT-GINSI	dpa_align	200	95.1	
mmp	MAFFT	MAFFT-GINSI	dpa_align	200	90.8	
blmb	MAFFT	MAFFT-GINSI	dpa_align	200	33.8	
icd	MAFFT_PT	MAFFT-GINSI	dpa_align	1000	84.4	
cah	CLUSTALO	MAFFT-GINSI	dpa_align	2000	78.6	
uce	MAFFT_PT	MAFFT-GINSI	dpa_align	100	22.9	
egf	CLUSTALO	MAFFT-GINSI	dpa_align	500	43.8	
KAS	MAFFT_PT	MAFFT-GINSI	dpa_align	50	71.2	
msb	CLUSTALO	MAFFT-GINSI	dpa_align	500	69.3	
hla	CLUSTALO	MAFFT-GINSI	dpa_align	50	97.8	
sodcu	CLUSTALO	MAFFT-GINSI	dpa_align	200	84.5	
adh	MAFFT	MAFFT-GINSI	dpa_align	1000	98.6	
cah	MAFFT_PT	MAFFT-GINSI	dpa_align	200	75.8	
ldh	MAFFT	MAFFT-GINSI	dpa_align	50	47.7	
serpin	MAFFT	MAFFT-GINSI	dpa_align	500	86.2	
flav	MAFFT	MAFFT-GINSI	dpa_align	500	71.8	
flav	MAFFT_PT	MAFFT-GINSI	dpa_align	2000	74.1	
hla	MAFFT	MAFFT-GINSI	dpa_align	2000	99.4	
DMRL_synthase	MAFFT	MAFFT-GINSI	dpa_align	2000	79.7	
proteasome	MAFFT_PT	MAFFT-GINSI	dpa_align	50	61.3	
seatoxin	MAFFT	MAFFT-GINSI	dpa_align	50	28.7	
GEL	MAFFT_PT	MAFFT-GINSI	dpa_align	50	44.8	
lyase_1	MAFFT	MAFFT-GINSI	dpa_align	50	50.7	
rub	MAFFT	MAFFT-GINSI	dpa_align	100	83.7	
rhv	MAFFT	MAFFT-GINSI	dpa_align	1000	62.5	
ltn	CLUSTALO	MAFFT-GINSI	dpa_align	2000	83.7	
tim	CLUSTALO	MAFFT-GINSI	dpa_align	200	91.4	
slectin	CLUSTALO	MAFFT-GINSI	dpa_align	100	88.3	
sodcu	MAFFT_PT	MAFFT-GINSI	dpa_align	100	84.2	
ghf13	MAFFT_PT	MAFFT-GINSI	dpa_align	500	35.4	
ace	CLUSTALO	MAFFT-GINSI	dpa_align	2000	70.6	
sodcu	CLUSTALO	MAFFT-GINSI	dpa_align	2000	82.0	
sodfe	MAFFT	MAFFT-GINSI	dpa_align	500	62.6	
myb_DNA-binding	CLUSTALO	MAFFT-GINSI	dpa_align	200	64.1	
lyase_1	MAFFT	MAFFT-GINSI	dpa_align	500	71.8	
KAS	MAFFT_PT	MAFFT-GINSI	dpa_align	500	71.4	
GEL	MAFFT_PT	MAFFT-GINSI	dpa_align	2000	51.1	
oxidored_q6	MAFFT	MAFFT-GINSI	dpa_align	1000	95.7	
HLH	MAFFT_PT	MAFFT-GINSI	dpa_align	1000	71.7	
LIM	CLUSTALO	MAFFT-GINSI	dpa_align	50	96.5	
hom	CLUSTALO	MAFFT-GINSI	dpa_align	500	85.6	
bowman	MAFFT_PT	MAFFT-GINSI	dpa_align	200	8.1	
ltn	MAFFT_PT	MAFFT-GINSI	dpa_align	500	77.4	
aldosered	CLUSTALO	MAFFT-GINSI	dpa_align	50	76.0	
ghf5	MAFFT_PT	MAFFT-GINSI	dpa_align	100	25.4	
proteasome	MAFFT	MAFFT-GINSI	dpa_align	200	49.5	
aat	CLUSTALO	MAFFT-GINSI	dpa_align	200	43.7	
annexin	MAFFT_PT	MAFFT-GINSI	dpa_align	1000	52.4	
icd	MAFFT_PT	MAFFT-GINSI	dpa_align	200	78.3	
rvp	CLUSTALO	MAFFT-GINSI	dpa_align	200	57.8	
hpr	CLUSTALO	MAFFT-GINSI	dpa_align	50	73.4	
mmp	MAFFT_PT	MAFFT-GINSI	dpa_align	2000	94.6	
trfl	MAFFT	MAFFT-GINSI	dpa_align	500	1.5	
hom	MAFFT	MAFFT-GINSI	dpa_align	2000	85.6	
phoslip	CLUSTALO	MAFFT-GINSI	dpa_align	50	75.4	
TNF	MAFFT	MAFFT-GINSI	dpa_align	2000	73.2	
Ald_Xan_dh_2	MAFFT_PT	MAFFT-GINSI	dpa_align	2000	72.3	
ghf1	MAFFT	MAFFT-GINSI	dpa_align	50	52.6	
seatoxin	MAFFT	MAFFT-GINSI	dpa_align	500	47.0	
subt	MAFFT_PT	MAFFT-GINSI	dpa_align	2000	26.1	
kringle	CLUSTALO	MAFFT-GINSI	dpa_align	2000	89.4	
aldosered	MAFFT_PT	MAFFT-GINSI	dpa_align	2000	73.4	
hormone_rec	CLUSTALO	MAFFT-GINSI	dpa_align	2000	67.3	
ricin	MAFFT_PT	MAFFT-GINSI	dpa_align	200	70.9	
sodfe	MAFFT_PT	MAFFT-GINSI	dpa_align	1000	66.7	
seatoxin	MAFFT_PT	MAFFT-GINSI	dpa_align	500	47.0	
phc	MAFFT	MAFFT-GINSI	dpa_align	200	90.7	
seatoxin	CLUSTALO	MAFFT-GINSI	dpa_align	2000	47.0	
subt	MAFFT	MAFFT-GINSI	dpa_align	100	28.0	
DEATH	MAFFT	MAFFT-GINSI	dpa_align	1000	53.7	
aldosered	MAFFT	MAFFT-GINSI	dpa_align	100	48.3	
hr	CLUSTALO	MAFFT-GINSI	dpa_align	1000	99.6	
icd	CLUSTALO	MAFFT-GINSI	dpa_align	50	81.4	
Sulfotransfer	MAFFT	MAFFT-GINSI	dpa_align	50	37.5	
sdr	MAFFT	MAFFT-GINSI	dpa_align	100	37.9	
msb	MAFFT_PT	MAFFT-GINSI	dpa_align	500	42.5	
ins	MAFFT_PT	MAFFT-GINSI	dpa_align	100	36.5	
rvp	MAFFT	MAFFT-GINSI	dpa_align	50	67.1	
ghf13	MAFFT	MAFFT-GINSI	dpa_align	1000	34.0	
LIM	CLUSTALO	MAFFT-GINSI	dpa_align	2000	96.5	
HLH	CLUSTALO	MAFFT-GINSI	dpa_align	100	69.5	
phc	MAFFT	MAFFT-GINSI	dpa_align	100	86.6	
scorptoxin	CLUSTALO	MAFFT-GINSI	dpa_align	500	77.7	
proteasome	MAFFT_PT	MAFFT-GINSI	dpa_align	2000	55.4	
trfl	MAFFT_PT	MAFFT-GINSI	dpa_align	50	42.1	
GEL	CLUSTALO	MAFFT-GINSI	dpa_align	50	47.9	
aadh	MAFFT_PT	MAFFT-GINSI	dpa_align	100	56.5	
ghf10	CLUSTALO	MAFFT-GINSI	dpa_align	2000	88.7	
gpdh	CLUSTALO	MAFFT-GINSI	dpa_align	100	88.1	
aldosered	MAFFT	MAFFT-GINSI	dpa_align	1000	63.5	
hpr	MAFFT_PT	MAFFT-GINSI	dpa_align	50	78.1	
ghf1	MAFFT_PT	MAFFT-GINSI	dpa_align	2000	83.4	
p450	CLUSTALO	MAFFT-GINSI	dpa_align	1000	41.4	
cah	MAFFT	MAFFT-GINSI	dpa_align	1000	73.1	
DEATH	CLUSTALO	MAFFT-GINSI	dpa_align	100	58.1	
serpin	CLUSTALO	MAFFT-GINSI	dpa_align	500	86.9	
cys	MAFFT_PT	MAFFT-GINSI	dpa_align	1000	51.1	
sdr	CLUSTALO	MAFFT-GINSI	dpa_align	50	12.5	
ChtBD	CLUSTALO	MAFFT-GINSI	dpa_align	200	92.3	
cyt3	CLUSTALO	MAFFT-GINSI	dpa_align	200	70.1	
ace	MAFFT	MAFFT-GINSI	dpa_align	2000	71.1	
phc	MAFFT	MAFFT-GINSI	dpa_align	50	83.9	
hormone_rec	MAFFT	MAFFT-GINSI	dpa_align	1000	58.5	
cryst	MAFFT_PT	MAFFT-GINSI	dpa_align	50	1.0	
lyase_1	MAFFT	MAFFT-GINSI	dpa_align	100	53.8	
ins	MAFFT	MAFFT-GINSI	dpa_align	2000	86.0	
GEL	MAFFT	MAFFT-GINSI	dpa_align	50	43.8	
blmb	CLUSTALO	MAFFT-GINSI	dpa_align	100	21.5	
icd	CLUSTALO	MAFFT-GINSI	dpa_align	200	84.0	
ltn	MAFFT_PT	MAFFT-GINSI	dpa_align	1000	81.6	
scorptoxin	MAFFT_PT	MAFFT-GINSI	dpa_align	100	83.8	
aadh	CLUSTALO	MAFFT-GINSI	dpa_align	1000	61.2	
ldh	MAFFT	MAFFT-GINSI	dpa_align	100	51.7	
trfl	MAFFT	MAFFT-GINSI	dpa_align	100	1.8	
lyase_1	CLUSTALO	MAFFT-GINSI	dpa_align	1000	58.3	
profilin	MAFFT	MAFFT-GINSI	dpa_align	100	69.6	
p450	MAFFT	MAFFT-GINSI	dpa_align	200	35.8	
sdr	MAFFT	MAFFT-GINSI	dpa_align	500	19.4	
OTCace	MAFFT_PT	MAFFT-GINSI	dpa_align	50	85.5	
peroxidase	MAFFT_PT	MAFFT-GINSI	dpa_align	2000	71.5	
profilin	CLUSTALO	MAFFT-GINSI	dpa_align	1000	78.9	
az	MAFFT	MAFFT-GINSI	dpa_align	1000	44.9	
ins	MAFFT_PT	MAFFT-GINSI	dpa_align	2000	86.0	
rnasemam	MAFFT_PT	MAFFT-GINSI	dpa_align	200	81.5	
ldh	CLUSTALO	MAFFT-GINSI	dpa_align	2000	77.8	
phoslip	CLUSTALO	MAFFT-GINSI	dpa_align	2000	81.8	
hip	MAFFT	MAFFT-GINSI	dpa_align	1000	76.7	
sti	MAFFT_PT	MAFFT-GINSI	dpa_align	1000	65.6	
TNF	CLUSTALO	MAFFT-GINSI	dpa_align	1000	73.2	
sti	CLUSTALO	MAFFT-GINSI	dpa_align	200	61.3	
hr	MAFFT_PT	MAFFT-GINSI	dpa_align	1000	98.1	
asp	CLUSTALO	MAFFT-GINSI	dpa_align	50	35.5	
asp	CLUSTALO	MAFFT-GINSI	dpa_align	100	45.1	
blm	MAFFT_PT	MAFFT-GINSI	dpa_align	2000	13.2	
slectin	MAFFT	MAFFT-GINSI	dpa_align	200	86.5	
GEL	MAFFT	MAFFT-GINSI	dpa_align	2000	46.4	
tRNA-synt_2b	MAFFT	MAFFT-GINSI	dpa_align	2000	42.7	
Ald_Xan_dh_2	MAFFT_PT	MAFFT-GINSI	dpa_align	50	53.3	
aat	MAFFT	MAFFT-GINSI	dpa_align	100	36.8	
hip	MAFFT_PT	MAFFT-GINSI	dpa_align	50	65.7	
Ald_Xan_dh_2	CLUSTALO	MAFFT-GINSI	dpa_align	200	75.3	
cys	CLUSTALO	MAFFT-GINSI	dpa_align	2000	80.2	
ghf5	CLUSTALO	MAFFT-GINSI	dpa_align	1000	47.0	
icd	MAFFT	MAFFT-GINSI	dpa_align	2000	85.3	
rub	MAFFT_PT	MAFFT-GINSI	dpa_align	500	96.7	
serpin	MAFFT	MAFFT-GINSI	dpa_align	50	80.6	
ghf1	MAFFT	MAFFT-GINSI	dpa_align	1000	83.3	
ace	MAFFT	MAFFT-GINSI	dpa_align	200	66.1	
Acetyltransf	MAFFT	MAFFT-GINSI	dpa_align	200	27.0	
aldosered	MAFFT	MAFFT-GINSI	dpa_align	200	67.0	
rvp	MAFFT	MAFFT-GINSI	dpa_align	1000	66.0	
DEATH	MAFFT_PT	MAFFT-GINSI	dpa_align	2000	48.3	
icd	MAFFT_PT	MAFFT-GINSI	dpa_align	50	80.6	
Rhodanese	MAFFT	MAFFT-GINSI	dpa_align	200	27.4	
Stap_Strp_toxin	MAFFT	MAFFT-GINSI	dpa_align	2000	50.8	
peroxidase	MAFFT_PT	MAFFT-GINSI	dpa_align	100	74.7	
Rhodanese	CLUSTALO	MAFFT-GINSI	dpa_align	200	32.0	
cyt3	MAFFT_PT	MAFFT-GINSI	dpa_align	50	45.3	
slectin	MAFFT_PT	MAFFT-GINSI	dpa_align	100	88.5	
int	MAFFT_PT	MAFFT-GINSI	dpa_align	1000	29.1	
asp	CLUSTALO	MAFFT-GINSI	dpa_align	2000	59.5	
DMRL_synthase	MAFFT_PT	MAFFT-GINSI	dpa_align	100	79.9	
TNF	CLUSTALO	MAFFT-GINSI	dpa_align	50	75.3	
bowman	MAFFT_PT	MAFFT-GINSI	dpa_align	2000	26.5	
aadh	MAFFT_PT	MAFFT-GINSI	dpa_align	2000	54.2	
sodfe	CLUSTALO	MAFFT-GINSI	dpa_align	100	68.2	
DEATH	CLUSTALO	MAFFT-GINSI	dpa_align	1000	48.3	
tms	MAFFT_PT	MAFFT-GINSI	dpa_align	100	85.8	
DMRL_synthase	MAFFT	MAFFT-GINSI	dpa_align	100	80.5	
myb_DNA-binding	MAFFT_PT	MAFFT-GINSI	dpa_align	2000	84.8	
tRNA-synt_2b	MAFFT_PT	MAFFT-GINSI	dpa_align	500	37.5	
Sulfotransfer	CLUSTALO	MAFFT-GINSI	dpa_align	50	47.1	
cyclo	CLUSTALO	MAFFT-GINSI	dpa_align	50	76.3	
mmp	MAFFT_PT	MAFFT-GINSI	dpa_align	200	90.6	
ins	MAFFT	MAFFT-GINSI	dpa_align	1000	86.0	
sti	MAFFT_PT	MAFFT-GINSI	dpa_align	100	57.4	
cryst	CLUSTALO	MAFFT-GINSI	dpa_align	200	0.0	
tms	MAFFT_PT	MAFFT-GINSI	dpa_align	2000	89.3	
phoslip	MAFFT	MAFFT-GINSI	dpa_align	2000	81.8	
kringle	CLUSTALO	MAFFT-GINSI	dpa_align	200	81.0	
toxin	MAFFT_PT	MAFFT-GINSI	dpa_align	100	53.6	
tms	MAFFT	MAFFT-GINSI	dpa_align	100	85.6	
DEATH	CLUSTALO	MAFFT-GINSI	dpa_align	200	50.4	
Acetyltransf	MAFFT	MAFFT-GINSI	dpa_align	500	23.1	
tgfb	MAFFT	MAFFT-GINSI	dpa_align	200	74.8	
hip	MAFFT_PT	MAFFT-GINSI	dpa_align	2000	76.7	
kunitz	CLUSTALO	MAFFT-GINSI	dpa_align	200	60.6	
rrm	CLUSTALO	MAFFT-GINSI	dpa_align	50	18.6	
DEATH	CLUSTALO	MAFFT-GINSI	dpa_align	2000	48.3	
blm	MAFFT_PT	MAFFT-GINSI	dpa_align	100	9.4	
kringle	MAFFT_PT	MAFFT-GINSI	dpa_align	500	70.7	
aldosered	MAFFT_PT	MAFFT-GINSI	dpa_align	500	46.5	
uce	MAFFT	MAFFT-GINSI	dpa_align	500	53.3	
ghf1	MAFFT_PT	MAFFT-GINSI	dpa_align	200	75.9	
ghf13	CLUSTALO	MAFFT-GINSI	dpa_align	200	34.7	
hpr	CLUSTALO	MAFFT-GINSI	dpa_align	200	81.6	
icd	CLUSTALO	MAFFT-GINSI	dpa_align	500	83.1	
rhv	CLUSTALO	MAFFT-GINSI	dpa_align	1000	9.3	
egf	CLUSTALO	MAFFT-GINSI	dpa_align	1000	49.5	
sodfe	MAFFT	MAFFT-GINSI	dpa_align	2000	67.5	
annexin	MAFFT_PT	MAFFT-GINSI	dpa_align	500	99.1	
cah	MAFFT_PT	MAFFT-GINSI	dpa_align	500	67.1	
proteasome	CLUSTALO	MAFFT-GINSI	dpa_align	200	55.3	
phc	CLUSTALO	MAFFT-GINSI	dpa_align	100	87.8	
ace	CLUSTALO	MAFFT-GINSI	dpa_align	500	72.1	
Sulfotransfer	MAFFT_PT	MAFFT-GINSI	dpa_align	50	25.9	
ghf5	MAFFT_PT	MAFFT-GINSI	dpa_align	500	28.9	
HMG_box	MAFFT	MAFFT-GINSI	dpa_align	200	74.5	
tim	MAFFT	MAFFT-GINSI	dpa_align	2000	92.4	
TNF	CLUSTALO	MAFFT-GINSI	dpa_align	100	65.0	
ghf22	MAFFT_PT	MAFFT-GINSI	dpa_align	50	74.4	
tms	CLUSTALO	MAFFT-GINSI	dpa_align	200	88.3	
ltn	CLUSTALO	MAFFT-GINSI	dpa_align	100	78.0	
serpin	MAFFT	MAFFT-GINSI	dpa_align	1000	89.0	
gluts	MAFFT	MAFFT-GINSI	dpa_align	200	58.1	
toxin	MAFFT	MAFFT-GINSI	dpa_align	1000	68.6	
TNF	MAFFT	MAFFT-GINSI	dpa_align	500	71.2	
hr	MAFFT	MAFFT-GINSI	dpa_align	500	99.6	
rnasemam	MAFFT	MAFFT-GINSI	dpa_align	2000	81.7	
subt	MAFFT_PT	MAFFT-GINSI	dpa_align	1000	25.0	
annexin	CLUSTALO	MAFFT-GINSI	dpa_align	100	54.1	
GEL	CLUSTALO	MAFFT-GINSI	dpa_align	500	49.2	
PDZ	MAFFT_PT	MAFFT-GINSI	dpa_align	1000	36.2	
mofe	MAFFT_PT	MAFFT-GINSI	dpa_align	2000	78.3	
aldosered	MAFFT_PT	MAFFT-GINSI	dpa_align	100	44.5	
kringle	CLUSTALO	MAFFT-GINSI	dpa_align	100	86.9	
msb	MAFFT_PT	MAFFT-GINSI	dpa_align	50	48.3	
adh	CLUSTALO	MAFFT-GINSI	dpa_align	500	96.1	
rvp	MAFFT	MAFFT-GINSI	dpa_align	200	75.6	
ghf5	MAFFT	MAFFT-GINSI	dpa_align	100	28.0	
Ald_Xan_dh_2	MAFFT_PT	MAFFT-GINSI	dpa_align	200	75.3	
Rhodanese	MAFFT	MAFFT-GINSI	dpa_align	100	21.0	
icd	MAFFT_PT	MAFFT-GINSI	dpa_align	100	75.5	
biotin_lipoyl	CLUSTALO	MAFFT-GINSI	dpa_align	200	79.2	
flav	CLUSTALO	MAFFT-GINSI	dpa_align	200	57.4	
aat	MAFFT	MAFFT-GINSI	dpa_align	500	62.9	
slectin	MAFFT	MAFFT-GINSI	dpa_align	50	77.4	
aat	CLUSTALO	MAFFT-GINSI	dpa_align	1000	57.3	
oxidored_q6	CLUSTALO	MAFFT-GINSI	dpa_align	200	93.1	
aat	MAFFT	MAFFT-GINSI	dpa_align	2000	54.4	
serpin	MAFFT_PT	MAFFT-GINSI	dpa_align	200	51.5	
Sulfotransfer	CLUSTALO	MAFFT-GINSI	dpa_align	200	56.6	
peroxidase	MAFFT	MAFFT-GINSI	dpa_align	2000	78.0	
msb	MAFFT_PT	MAFFT-GINSI	dpa_align	1000	52.9	
ricin	CLUSTALO	MAFFT-GINSI	dpa_align	200	83.6	
rub	MAFFT	MAFFT-GINSI	dpa_align	1000	96.7	
asp	CLUSTALO	MAFFT-GINSI	dpa_align	1000	45.7	
blm	MAFFT	MAFFT-GINSI	dpa_align	100	21.4	
myb_DNA-binding	MAFFT_PT	MAFFT-GINSI	dpa_align	100	74.1	
mmp	MAFFT_PT	MAFFT-GINSI	dpa_align	100	62.5	
ChtBD	MAFFT_PT	MAFFT-GINSI	dpa_align	500	88.4	
aadh	MAFFT	MAFFT-GINSI	dpa_align	100	51.8	
int	MAFFT_PT	MAFFT-GINSI	dpa_align	50	14.5	
tms	CLUSTALO	MAFFT-GINSI	dpa_align	1000	91.1	
serpin	MAFFT	MAFFT-GINSI	dpa_align	2000	85.7	
az	MAFFT	MAFFT-GINSI	dpa_align	100	33.8	
bowman	MAFFT_PT	MAFFT-GINSI	dpa_align	500	26.5	
gluts	MAFFT	MAFFT-GINSI	dpa_align	100	36.0	
tim	CLUSTALO	MAFFT-GINSI	dpa_align	500	90.6	
tms	MAFFT	MAFFT-GINSI	dpa_align	1000	89.7	
kringle	MAFFT_PT	MAFFT-GINSI	dpa_align	50	71.6	
sti	CLUSTALO	MAFFT-GINSI	dpa_align	50	59.1	
PDZ	MAFFT_PT	MAFFT-GINSI	dpa_align	500	30.4	
rrm	MAFFT_PT	MAFFT-GINSI	dpa_align	2000	25.3	
ghf11	CLUSTALO	MAFFT-GINSI	dpa_align	50	83.6	
ace	MAFFT_PT	MAFFT-GINSI	dpa_align	1000	59.3	
zf-CCHH	CLUSTALO	MAFFT-GINSI	dpa_align	2000	71.3	
LIM	MAFFT_PT	MAFFT-GINSI	dpa_align	2000	98.1	
subt	MAFFT_PT	MAFFT-GINSI	dpa_align	200	20.1	
rnasemam	MAFFT_PT	MAFFT-GINSI	dpa_align	500	81.7	
ldh	MAFFT_PT	MAFFT-GINSI	dpa_align	1000	35.8	
hla	MAFFT	MAFFT-GINSI	dpa_align	100	97.8	
PDZ	MAFFT	MAFFT-GINSI	dpa_align	500	54.6	
HLH	MAFFT	MAFFT-GINSI	dpa_align	2000	70.8	
cyt3	MAFFT_PT	MAFFT-GINSI	dpa_align	200	72.4	
hpr	MAFFT	MAFFT-GINSI	dpa_align	200	94.4	
HMG_box	MAFFT	MAFFT-GINSI	dpa_align	2000	87.3	
kunitz	MAFFT_PT	MAFFT-GINSI	dpa_align	50	41.1	
sodcu	MAFFT_PT	MAFFT-GINSI	dpa_align	50	80.5	
sdr	MAFFT	MAFFT-GINSI	dpa_align	200	32.3	
seatoxin	CLUSTALO	MAFFT-GINSI	dpa_align	200	47.0	
DMRL_synthase	CLUSTALO	MAFFT-GINSI	dpa_align	500	82.2	
Sulfotransfer	MAFFT_PT	MAFFT-GINSI	dpa_align	100	24.6	
ricin	MAFFT	MAFFT-GINSI	dpa_align	1000	73.9	
phc	MAFFT_PT	MAFFT-GINSI	dpa_align	1000	88.7	
biotin_lipoyl	MAFFT	MAFFT-GINSI	dpa_align	2000	75.1	
hla	MAFFT_PT	MAFFT-GINSI	dpa_align	500	99.4	
trfl	MAFFT	MAFFT-GINSI	dpa_align	2000	1.8	
tms	MAFFT	MAFFT-GINSI	dpa_align	200	89.9	
asp	MAFFT	MAFFT-GINSI	dpa_align	100	65.3	
proteasome	MAFFT_PT	MAFFT-GINSI	dpa_align	100	64.4	
aat	MAFFT_PT	MAFFT-GINSI	dpa_align	50	31.8	
toxin	CLUSTALO	MAFFT-GINSI	dpa_align	500	68.6	
cytb	CLUSTALO	MAFFT-GINSI	dpa_align	200	58.7	
zf-CCHH	MAFFT_PT	MAFFT-GINSI	dpa_align	2000	63.8	
blm	CLUSTALO	MAFFT-GINSI	dpa_align	2000	92.5	
il8	CLUSTALO	MAFFT-GINSI	dpa_align	50	59.9	
annexin	CLUSTALO	MAFFT-GINSI	dpa_align	1000	53.2	
egf	MAFFT	MAFFT-GINSI	dpa_align	500	36.5	
flav	CLUSTALO	MAFFT-GINSI	dpa_align	2000	78.4	
mmp	MAFFT	MAFFT-GINSI	dpa_align	50	85.9	
kunitz	CLUSTALO	MAFFT-GINSI	dpa_align	2000	81.5	
mofe	MAFFT	MAFFT-GINSI	dpa_align	50	72.5	
icd	MAFFT_PT	MAFFT-GINSI	dpa_align	500	84.3	
kunitz	CLUSTALO	MAFFT-GINSI	dpa_align	1000	78.6	
toxin	MAFFT	MAFFT-GINSI	dpa_align	200	71.4	
ghf22	MAFFT_PT	MAFFT-GINSI	dpa_align	2000	88.1	
tRNA-synt_2b	CLUSTALO	MAFFT-GINSI	dpa_align	200	44.7	
asp	CLUSTALO	MAFFT-GINSI	dpa_align	200	39.3	
Stap_Strp_toxin	MAFFT_PT	MAFFT-GINSI	dpa_align	100	52.4	
peroxidase	MAFFT_PT	MAFFT-GINSI	dpa_align	500	76.3	
DEATH	MAFFT	MAFFT-GINSI	dpa_align	50	44.9	
ins	MAFFT	MAFFT-GINSI	dpa_align	50	52.1	
ghf22	MAFFT	MAFFT-GINSI	dpa_align	50	87.3	
aat	MAFFT_PT	MAFFT-GINSI	dpa_align	200	40.0	
oxidored_q6	CLUSTALO	MAFFT-GINSI	dpa_align	1000	94.7	
cys	MAFFT	MAFFT-GINSI	dpa_align	200	76.4	
p450	MAFFT_PT	MAFFT-GINSI	dpa_align	2000	28.0	
ltn	CLUSTALO	MAFFT-GINSI	dpa_align	500	80.6	
sdr	CLUSTALO	MAFFT-GINSI	dpa_align	1000	25.2	
profilin	MAFFT_PT	MAFFT-GINSI	dpa_align	50	67.4	
cryst	CLUSTALO	MAFFT-GINSI	dpa_align	2000	69.0	
cryst	CLUSTALO	MAFFT-GINSI	dpa_align	500	36.4	
mofe	CLUSTALO	MAFFT-GINSI	dpa_align	2000	78.6	
DEATH	MAFFT_PT	MAFFT-GINSI	dpa_align	1000	50.5	
sodcu	MAFFT_PT	MAFFT-GINSI	dpa_align	1000	82.5	
hla	CLUSTALO	MAFFT-GINSI	dpa_align	1000	100.0	
Sulfotransfer	MAFFT	MAFFT-GINSI	dpa_align	200	37.9	
lyase_1	CLUSTALO	MAFFT-GINSI	dpa_align	200	61.1	
uce	MAFFT_PT	MAFFT-GINSI	dpa_align	50	17.9	
DMRL_synthase	CLUSTALO	MAFFT-GINSI	dpa_align	50	83.8	
ghf1	CLUSTALO	MAFFT-GINSI	dpa_align	1000	80.0	
ace	MAFFT	MAFFT-GINSI	dpa_align	50	52.9	
mofe	CLUSTALO	MAFFT-GINSI	dpa_align	50	76.0	
serpin	MAFFT_PT	MAFFT-GINSI	dpa_align	1000	66.2	
bowman	MAFFT	MAFFT-GINSI	dpa_align	100	92.2	
HLH	MAFFT	MAFFT-GINSI	dpa_align	1000	70.4	
HMG_box	CLUSTALO	MAFFT-GINSI	dpa_align	200	91.5	
trfl	CLUSTALO	MAFFT-GINSI	dpa_align	50	1.0	
blmb	MAFFT_PT	MAFFT-GINSI	dpa_align	50	6.8	
blm	MAFFT_PT	MAFFT-GINSI	dpa_align	50	0.0	
subt	CLUSTALO	MAFFT-GINSI	dpa_align	100	26.8	
az	CLUSTALO	MAFFT-GINSI	dpa_align	50	28.0	
rrm	MAFFT_PT	MAFFT-GINSI	dpa_align	50	20.0	
mofe	MAFFT_PT	MAFFT-GINSI	dpa_align	100	69.5	
LIM	MAFFT	MAFFT-GINSI	dpa_align	1000	96.5	
sti	MAFFT	MAFFT-GINSI	dpa_align	2000	65.6	
glob	CLUSTALO	MAFFT-GINSI	dpa_align	1000	57.2	
subt	CLUSTALO	MAFFT-GINSI	dpa_align	50	26.8	
cah	MAFFT_PT	MAFFT-GINSI	dpa_align	1000	75.9	
bowman	CLUSTALO	MAFFT-GINSI	dpa_align	500	26.5	
sodfe	CLUSTALO	MAFFT-GINSI	dpa_align	500	26.3	
blmb	MAFFT	MAFFT-GINSI	dpa_align	500	27.2	
toxin	MAFFT	MAFFT-GINSI	dpa_align	50	58.1	
hip	CLUSTALO	MAFFT-GINSI	dpa_align	100	71.8	
rub	MAFFT_PT	MAFFT-GINSI	dpa_align	2000	94.5	
serpin	MAFFT_PT	MAFFT-GINSI	dpa_align	100	59.3	
oxidored_q6	CLUSTALO	MAFFT-GINSI	dpa_align	100	44.7	
myb_DNA-binding	MAFFT	MAFFT-GINSI	dpa_align	1000	78.8	
ChtBD	CLUSTALO	MAFFT-GINSI	dpa_align	100	88.4	
Ald_Xan_dh_2	MAFFT	MAFFT-GINSI	dpa_align	50	71.4	
sti	MAFFT_PT	MAFFT-GINSI	dpa_align	500	62.2	
tim	MAFFT	MAFFT-GINSI	dpa_align	50	90.0	
tms	MAFFT_PT	MAFFT-GINSI	dpa_align	200	87.2	
adh	MAFFT_PT	MAFFT-GINSI	dpa_align	2000	97.2	
Rhodanese	MAFFT_PT	MAFFT-GINSI	dpa_align	500	48.6	
ltn	MAFFT_PT	MAFFT-GINSI	dpa_align	2000	83.7	
LIM	CLUSTALO	MAFFT-GINSI	dpa_align	100	96.5	
peroxidase	MAFFT	MAFFT-GINSI	dpa_align	1000	77.2	
tim	MAFFT_PT	MAFFT-GINSI	dpa_align	200	89.6	
ricin	MAFFT_PT	MAFFT-GINSI	dpa_align	2000	73.9	
cah	CLUSTALO	MAFFT-GINSI	dpa_align	1000	75.7	
hr	MAFFT_PT	MAFFT-GINSI	dpa_align	2000	99.6	
bowman	MAFFT	MAFFT-GINSI	dpa_align	200	7.8	
blmb	MAFFT_PT	MAFFT-GINSI	dpa_align	2000	12.2	
seatoxin	CLUSTALO	MAFFT-GINSI	dpa_align	500	47.0	
HMG_box	MAFFT	MAFFT-GINSI	dpa_align	1000	83.9	
Ald_Xan_dh_2	MAFFT	MAFFT-GINSI	dpa_align	2000	73.1	
rvp	CLUSTALO	MAFFT-GINSI	dpa_align	50	49.7	
scorptoxin	MAFFT	MAFFT-GINSI	dpa_align	2000	77.7	
rvp	MAFFT_PT	MAFFT-GINSI	dpa_align	100	42.6	
oxidored_q6	CLUSTALO	MAFFT-GINSI	dpa_align	500	94.6	
aadh	MAFFT	MAFFT-GINSI	dpa_align	200	51.3	
annexin	CLUSTALO	MAFFT-GINSI	dpa_align	2000	50.3	
proteasome	MAFFT_PT	MAFFT-GINSI	dpa_align	500	58.2	
lyase_1	CLUSTALO	MAFFT-GINSI	dpa_align	100	59.2	
adh	MAFFT	MAFFT-GINSI	dpa_align	2000	97.0	
ricin	MAFFT_PT	MAFFT-GINSI	dpa_align	500	84.9	
Stap_Strp_toxin	MAFFT_PT	MAFFT-GINSI	dpa_align	50	50.4	
slectin	MAFFT	MAFFT-GINSI	dpa_align	100	76.6	
sti	MAFFT	MAFFT-GINSI	dpa_align	50	59.0	
Rhodanese	MAFFT_PT	MAFFT-GINSI	dpa_align	200	48.5	
ghf22	MAFFT_PT	MAFFT-GINSI	dpa_align	1000	88.1	
TNF	CLUSTALO	MAFFT-GINSI	dpa_align	500	71.7	
rhv	CLUSTALO	MAFFT-GINSI	dpa_align	50	64.4	
hr	MAFFT	MAFFT-GINSI	dpa_align	2000	99.1	
zf-CCHH	MAFFT_PT	MAFFT-GINSI	dpa_align	1000	67.4	
HMG_box	CLUSTALO	MAFFT-GINSI	dpa_align	50	73.7	
uce	MAFFT_PT	MAFFT-GINSI	dpa_align	1000	35.4	
egf	MAFFT_PT	MAFFT-GINSI	dpa_align	100	33.3	
zf-CCHH	MAFFT_PT	MAFFT-GINSI	dpa_align	50	56.2	
asp	MAFFT_PT	MAFFT-GINSI	dpa_align	2000	50.5	
zf-CCHH	MAFFT_PT	MAFFT-GINSI	dpa_align	100	56.2	
hr	CLUSTALO	MAFFT-GINSI	dpa_align	50	96.3	
ghf11	MAFFT	MAFFT-GINSI	dpa_align	2000	85.3	
tRNA-synt_2b	MAFFT	MAFFT-GINSI	dpa_align	200	36.1	
az	CLUSTALO	MAFFT-GINSI	dpa_align	100	27.3	
slectin	CLUSTALO	MAFFT-GINSI	dpa_align	200	75.3	
peroxidase	MAFFT_PT	MAFFT-GINSI	dpa_align	50	64.4	
aldosered	MAFFT	MAFFT-GINSI	dpa_align	500	69.7	
cyt3	MAFFT	MAFFT-GINSI	dpa_align	500	71.4	
hla	MAFFT_PT	MAFFT-GINSI	dpa_align	1000	99.4	
ricin	MAFFT	MAFFT-GINSI	dpa_align	500	84.8	
zf-CCHH	MAFFT_PT	MAFFT-GINSI	dpa_align	500	71.2	
ghf11	MAFFT	MAFFT-GINSI	dpa_align	1000	85.3	
seatoxin	MAFFT_PT	MAFFT-GINSI	dpa_align	50	47.0	
ltn	CLUSTALO	MAFFT-GINSI	dpa_align	1000	84.1	
HMG_box	CLUSTALO	MAFFT-GINSI	dpa_align	500	89.5	
biotin_lipoyl	MAFFT	MAFFT-GINSI	dpa_align	100	77.4	
egf	MAFFT	MAFFT-GINSI	dpa_align	1000	46.3	
glob	MAFFT_PT	MAFFT-GINSI	dpa_align	50	57.4	
GEL	MAFFT	MAFFT-GINSI	dpa_align	500	50.9	
aadh	MAFFT_PT	MAFFT-GINSI	dpa_align	50	61.4	
kunitz	CLUSTALO	MAFFT-GINSI	dpa_align	100	71.4	
mmp	MAFFT	MAFFT-GINSI	dpa_align	500	93.4	
phoslip	MAFFT_PT	MAFFT-GINSI	dpa_align	500	80.1	
ghf11	MAFFT_PT	MAFFT-GINSI	dpa_align	2000	85.3	
ghf5	MAFFT_PT	MAFFT-GINSI	dpa_align	1000	54.7	
hormone_rec	MAFFT_PT	MAFFT-GINSI	dpa_align	1000	63.5	
ghf10	MAFFT	MAFFT-GINSI	dpa_align	2000	88.7	
DEATH	MAFFT	MAFFT-GINSI	dpa_align	200	51.5	
hom	MAFFT_PT	MAFFT-GINSI	dpa_align	2000	85.6	
aadh	MAFFT_PT	MAFFT-GINSI	dpa_align	1000	59.3	
kringle	MAFFT	MAFFT-GINSI	dpa_align	500	79.3	
gpdh	MAFFT_PT	MAFFT-GINSI	dpa_align	2000	88.6	
tim	CLUSTALO	MAFFT-GINSI	dpa_align	1000	93.2	
myb_DNA-binding	CLUSTALO	MAFFT-GINSI	dpa_align	500	72.1	
KAS	CLUSTALO	MAFFT-GINSI	dpa_align	200	68.7	
OTCace	MAFFT_PT	MAFFT-GINSI	dpa_align	1000	87.6	
adh	CLUSTALO	MAFFT-GINSI	dpa_align	1000	96.4	
HMG_box	CLUSTALO	MAFFT-GINSI	dpa_align	2000	93.5	
ins	MAFFT_PT	MAFFT-GINSI	dpa_align	200	78.4	
asp	MAFFT	MAFFT-GINSI	dpa_align	2000	78.0	
rub	MAFFT	MAFFT-GINSI	dpa_align	50	96.7	
profilin	CLUSTALO	MAFFT-GINSI	dpa_align	2000	78.9	
phc	MAFFT_PT	MAFFT-GINSI	dpa_align	50	82.7	
profilin	MAFFT	MAFFT-GINSI	dpa_align	50	66.4	
phc	MAFFT_PT	MAFFT-GINSI	dpa_align	2000	90.3	
cys	CLUSTALO	MAFFT-GINSI	dpa_align	200	70.6	
rrm	CLUSTALO	MAFFT-GINSI	dpa_align	2000	33.3	
ghf10	MAFFT	MAFFT-GINSI	dpa_align	50	70.9	
scorptoxin	CLUSTALO	MAFFT-GINSI	dpa_align	200	81.2	
ghf22	CLUSTALO	MAFFT-GINSI	dpa_align	1000	88.1	
gpdh	MAFFT_PT	MAFFT-GINSI	dpa_align	500	88.4	
LIM	MAFFT	MAFFT-GINSI	dpa_align	500	98.1	
int	MAFFT	MAFFT-GINSI	dpa_align	2000	20.6	
ldh	CLUSTALO	MAFFT-GINSI	dpa_align	200	34.3	
cyt3	MAFFT	MAFFT-GINSI	dpa_align	100	46.1	
biotin_lipoyl	MAFFT_PT	MAFFT-GINSI	dpa_align	50	66.8	
TNF	MAFFT_PT	MAFFT-GINSI	dpa_align	200	70.6	
hla	MAFFT_PT	MAFFT-GINSI	dpa_align	2000	100.0	
DMRL_synthase	CLUSTALO	MAFFT-GINSI	dpa_align	200	79.1	
proteasome	CLUSTALO	MAFFT-GINSI	dpa_align	1000	55.6	
blm	CLUSTALO	MAFFT-GINSI	dpa_align	500	91.0	
ace	MAFFT_PT	MAFFT-GINSI	dpa_align	2000	57.2	
hpr	CLUSTALO	MAFFT-GINSI	dpa_align	2000	95.9	
mofe	MAFFT	MAFFT-GINSI	dpa_align	2000	76.0	
phoslip	MAFFT_PT	MAFFT-GINSI	dpa_align	50	60.1	
int	MAFFT	MAFFT-GINSI	dpa_align	1000	58.2	
aat	MAFFT_PT	MAFFT-GINSI	dpa_align	500	45.3	
ghf13	CLUSTALO	MAFFT-GINSI	dpa_align	100	18.1	
glob	MAFFT_PT	MAFFT-GINSI	dpa_align	100	58.4	
mmp	MAFFT	MAFFT-GINSI	dpa_align	2000	94.6	
rhv	MAFFT	MAFFT-GINSI	dpa_align	200	0.6	
blm	MAFFT_PT	MAFFT-GINSI	dpa_align	200	10.5	
trfl	CLUSTALO	MAFFT-GINSI	dpa_align	1000	1.8	
slectin	CLUSTALO	MAFFT-GINSI	dpa_align	500	87.3	
aat	MAFFT	MAFFT-GINSI	dpa_align	50	25.6	
OTCace	MAFFT	MAFFT-GINSI	dpa_align	1000	91.0	
tms	MAFFT_PT	MAFFT-GINSI	dpa_align	50	79.5	
cyclo	MAFFT_PT	MAFFT-GINSI	dpa_align	1000	49.1	
hom	MAFFT_PT	MAFFT-GINSI	dpa_align	100	70.8	
Sulfotransfer	MAFFT_PT	MAFFT-GINSI	dpa_align	200	28.3	
OTCace	MAFFT_PT	MAFFT-GINSI	dpa_align	100	92.3	
subt	CLUSTALO	MAFFT-GINSI	dpa_align	200	35.9	
rrm	MAFFT_PT	MAFFT-GINSI	dpa_align	100	20.0	
egf	MAFFT_PT	MAFFT-GINSI	dpa_align	50	25.9	
rvp	CLUSTALO	MAFFT-GINSI	dpa_align	100	54.9	
msb	CLUSTALO	MAFFT-GINSI	dpa_align	100	63.8	
zf-CCHH	MAFFT	MAFFT-GINSI	dpa_align	1000	15.0	
proteasome	MAFFT	MAFFT-GINSI	dpa_align	500	59.3	
Rhodanese	MAFFT	MAFFT-GINSI	dpa_align	50	26.2	
rhv	CLUSTALO	MAFFT-GINSI	dpa_align	100	64.2	
kunitz	MAFFT	MAFFT-GINSI	dpa_align	200	65.9	
tms	CLUSTALO	MAFFT-GINSI	dpa_align	500	90.3	
gluts	MAFFT_PT	MAFFT-GINSI	dpa_align	2000	73.3	
aadh	MAFFT	MAFFT-GINSI	dpa_align	1000	63.8	
oxidored_q6	MAFFT	MAFFT-GINSI	dpa_align	100	95.0	
az	CLUSTALO	MAFFT-GINSI	dpa_align	200	32.4	
ltn	CLUSTALO	MAFFT-GINSI	dpa_align	50	64.7	
ChtBD	MAFFT	MAFFT-GINSI	dpa_align	1000	90.8	
toxin	MAFFT	MAFFT-GINSI	dpa_align	2000	68.6	
glob	MAFFT_PT	MAFFT-GINSI	dpa_align	500	60.8	
ghf1	CLUSTALO	MAFFT-GINSI	dpa_align	100	77.8	
glob	MAFFT_PT	MAFFT-GINSI	dpa_align	2000	58.2	
biotin_lipoyl	CLUSTALO	MAFFT-GINSI	dpa_align	2000	82.3	
p450	MAFFT	MAFFT-GINSI	dpa_align	500	37.1	
cyt3	MAFFT_PT	MAFFT-GINSI	dpa_align	500	72.4	
gpdh	MAFFT_PT	MAFFT-GINSI	dpa_align	200	87.8	
icd	CLUSTALO	MAFFT-GINSI	dpa_align	100	81.0	
scorptoxin	CLUSTALO	MAFFT-GINSI	dpa_align	100	81.4	
OTCace	MAFFT	MAFFT-GINSI	dpa_align	200	86.5	
gluts	CLUSTALO	MAFFT-GINSI	dpa_align	100	66.8	
ghf1	MAFFT	MAFFT-GINSI	dpa_align	200	59.6	
Stap_Strp_toxin	CLUSTALO	MAFFT-GINSI	dpa_align	2000	50.8	
tgfb	CLUSTALO	MAFFT-GINSI	dpa_align	50	68.9	
Rhodanese	CLUSTALO	MAFFT-GINSI	dpa_align	2000	35.0	
cytb	MAFFT	MAFFT-GINSI	dpa_align	1000	62.0	
ghf10	MAFFT_PT	MAFFT-GINSI	dpa_align	50	68.4	
mmp	CLUSTALO	MAFFT-GINSI	dpa_align	100	85.8	
adh	MAFFT	MAFFT-GINSI	dpa_align	50	97.0	
mofe	CLUSTALO	MAFFT-GINSI	dpa_align	200	76.2	
sdr	MAFFT_PT	MAFFT-GINSI	dpa_align	50	35.3	
ghf11	CLUSTALO	MAFFT-GINSI	dpa_align	200	82.8	
seatoxin	MAFFT	MAFFT-GINSI	dpa_align	100	47.0	
kunitz	MAFFT_PT	MAFFT-GINSI	dpa_align	1000	78.6	
oxidored_q6	MAFFT_PT	MAFFT-GINSI	dpa_align	50	93.9	
asp	CLUSTALO	MAFFT-GINSI	dpa_align	500	43.9	
cyclo	MAFFT	MAFFT-GINSI	dpa_align	50	57.0	
msb	MAFFT	MAFFT-GINSI	dpa_align	100	52.6	
HLH	MAFFT_PT	MAFFT-GINSI	dpa_align	50	69.5	
tim	MAFFT_PT	MAFFT-GINSI	dpa_align	500	88.9	
slectin	MAFFT_PT	MAFFT-GINSI	dpa_align	50	78.4	
kunitz	MAFFT	MAFFT-GINSI	dpa_align	2000	79.3	
ins	CLUSTALO	MAFFT-GINSI	dpa_align	1000	86.0	
ghf11	MAFFT_PT	MAFFT-GINSI	dpa_align	200	72.0	
flav	CLUSTALO	MAFFT-GINSI	dpa_align	100	38.1	
hom	CLUSTALO	MAFFT-GINSI	dpa_align	1000	83.4	
trfl	CLUSTALO	MAFFT-GINSI	dpa_align	200	2.7	
ins	MAFFT_PT	MAFFT-GINSI	dpa_align	1000	86.0	
kringle	MAFFT	MAFFT-GINSI	dpa_align	1000	87.7	
zf-CCHH	MAFFT	MAFFT-GINSI	dpa_align	500	37.6	
bowman	MAFFT	MAFFT-GINSI	dpa_align	1000	26.5	
kringle	CLUSTALO	MAFFT-GINSI	dpa_align	50	80.5	
asp	MAFFT	MAFFT-GINSI	dpa_align	500	78.3	
phc	MAFFT	MAFFT-GINSI	dpa_align	2000	90.3	
seatoxin	MAFFT	MAFFT-GINSI	dpa_align	1000	47.0	
DMRL_synthase	MAFFT_PT	MAFFT-GINSI	dpa_align	1000	79.7	
cah	MAFFT	MAFFT-GINSI	dpa_align	200	80.0	
az	CLUSTALO	MAFFT-GINSI	dpa_align	1000	37.6	
Acetyltransf	CLUSTALO	MAFFT-GINSI	dpa_align	1000	26.2	
rhv	MAFFT	MAFFT-GINSI	dpa_align	2000	40.4	
uce	CLUSTALO	MAFFT-GINSI	dpa_align	1000	65.3	
uce	CLUSTALO	MAFFT-GINSI	dpa_align	100	39.9	
biotin_lipoyl	MAFFT	MAFFT-GINSI	dpa_align	500	77.5	
tRNA-synt_2b	CLUSTALO	MAFFT-GINSI	dpa_align	50	42.0	
subt	MAFFT	MAFFT-GINSI	dpa_align	500	23.2	
aldosered	CLUSTALO	MAFFT-GINSI	dpa_align	100	78.1	
cryst	MAFFT	MAFFT-GINSI	dpa_align	1000	67.8	
cyclo	MAFFT	MAFFT-GINSI	dpa_align	200	74.4	
ghf13	MAFFT	MAFFT-GINSI	dpa_align	50	33.9	
HMG_box	MAFFT	MAFFT-GINSI	dpa_align	50	73.9	
gluts	CLUSTALO	MAFFT-GINSI	dpa_align	2000	67.4	
rnasemam	MAFFT_PT	MAFFT-GINSI	dpa_align	50	51.9	
hla	MAFFT_PT	MAFFT-GINSI	dpa_align	200	99.4	
oxidored_q6	MAFFT_PT	MAFFT-GINSI	dpa_align	2000	95.9	
rrm	MAFFT	MAFFT-GINSI	dpa_align	50	21.3	
Ald_Xan_dh_2	CLUSTALO	MAFFT-GINSI	dpa_align	100	75.5	
toxin	MAFFT_PT	MAFFT-GINSI	dpa_align	50	48.4	
p450	MAFFT_PT	MAFFT-GINSI	dpa_align	100	16.0	
ghf13	MAFFT_PT	MAFFT-GINSI	dpa_align	1000	38.1	
phc	CLUSTALO	MAFFT-GINSI	dpa_align	1000	94.3	
il8	MAFFT	MAFFT-GINSI	dpa_align	100	51.3	
phc	CLUSTALO	MAFFT-GINSI	dpa_align	2000	91.6	
il8	CLUSTALO	MAFFT-GINSI	dpa_align	2000	67.8	
hip	CLUSTALO	MAFFT-GINSI	dpa_align	2000	76.7	
annexin	MAFFT	MAFFT-GINSI	dpa_align	1000	99.0	
hr	MAFFT_PT	MAFFT-GINSI	dpa_align	50	82.0	
LIM	MAFFT_PT	MAFFT-GINSI	dpa_align	500	74.8	
proteasome	MAFFT_PT	MAFFT-GINSI	dpa_align	1000	56.7	
az	MAFFT_PT	MAFFT-GINSI	dpa_align	50	31.6	
kunitz	MAFFT	MAFFT-GINSI	dpa_align	1000	74.9	
glob	MAFFT_PT	MAFFT-GINSI	dpa_align	1000	54.6	
DMRL_synthase	MAFFT	MAFFT-GINSI	dpa_align	1000	79.7	
hip	MAFFT	MAFFT-GINSI	dpa_align	100	76.6	
annexin	CLUSTALO	MAFFT-GINSI	dpa_align	500	53.0	
gpdh	MAFFT	MAFFT-GINSI	dpa_align	100	88.6	
HMG_box	MAFFT_PT	MAFFT-GINSI	dpa_align	50	68.8	
HLH	MAFFT	MAFFT-GINSI	dpa_align	100	70.4	
tgfb	MAFFT	MAFFT-GINSI	dpa_align	2000	76.0	
subt	MAFFT	MAFFT-GINSI	dpa_align	2000	42.9	
sdr	CLUSTALO	MAFFT-GINSI	dpa_align	200	25.8	
rvp	MAFFT_PT	MAFFT-GINSI	dpa_align	500	67.0	
sodfe	MAFFT	MAFFT-GINSI	dpa_align	200	59.4	
ChtBD	MAFFT_PT	MAFFT-GINSI	dpa_align	50	73.9	
rvp	CLUSTALO	MAFFT-GINSI	dpa_align	2000	63.9	
hla	MAFFT_PT	MAFFT-GINSI	dpa_align	50	99.4	
mofe	MAFFT	MAFFT-GINSI	dpa_align	1000	79.3	
adh	MAFFT_PT	MAFFT-GINSI	dpa_align	1000	95.9	
myb_DNA-binding	MAFFT_PT	MAFFT-GINSI	dpa_align	50	80.2	
profilin	MAFFT_PT	MAFFT-GINSI	dpa_align	1000	78.9	
rub	MAFFT_PT	MAFFT-GINSI	dpa_align	100	96.7	
rub	MAFFT_PT	MAFFT-GINSI	dpa_align	50	87.1	
gluts	MAFFT	MAFFT-GINSI	dpa_align	1000	70.4	
tgfb	CLUSTALO	MAFFT-GINSI	dpa_align	1000	74.6	
adh	CLUSTALO	MAFFT-GINSI	dpa_align	50	97.4	
cys	MAFFT_PT	MAFFT-GINSI	dpa_align	50	34.8	
cyclo	CLUSTALO	MAFFT-GINSI	dpa_align	2000	81.2	
rub	MAFFT	MAFFT-GINSI	dpa_align	2000	96.7	
oxidored_q6	MAFFT_PT	MAFFT-GINSI	dpa_align	500	95.7	
myb_DNA-binding	MAFFT_PT	MAFFT-GINSI	dpa_align	200	80.2	
ghf11	MAFFT_PT	MAFFT-GINSI	dpa_align	100	75.2	
ltn	MAFFT_PT	MAFFT-GINSI	dpa_align	100	40.0	
cys	MAFFT_PT	MAFFT-GINSI	dpa_align	200	44.9	
rvp	MAFFT_PT	MAFFT-GINSI	dpa_align	200	44.7	
proteasome	MAFFT	MAFFT-GINSI	dpa_align	50	48.7	
cyt3	MAFFT_PT	MAFFT-GINSI	dpa_align	100	47.5	
mofe	MAFFT	MAFFT-GINSI	dpa_align	500	77.2	
cys	MAFFT	MAFFT-GINSI	dpa_align	2000	78.2	
sodcu	MAFFT	MAFFT-GINSI	dpa_align	2000	83.9	
cytb	MAFFT	MAFFT-GINSI	dpa_align	200	62.4	
int	CLUSTALO	MAFFT-GINSI	dpa_align	50	23.9	
hr	CLUSTALO	MAFFT-GINSI	dpa_align	500	99.6	
Sulfotransfer	MAFFT_PT	MAFFT-GINSI	dpa_align	500	37.2	
flav	CLUSTALO	MAFFT-GINSI	dpa_align	500	64.3	
KAS	MAFFT	MAFFT-GINSI	dpa_align	100	72.8	
cah	MAFFT_PT	MAFFT-GINSI	dpa_align	2000	78.1	
hr	MAFFT	MAFFT-GINSI	dpa_align	50	96.9	
glob	CLUSTALO	MAFFT-GINSI	dpa_align	500	56.3	
hpr	MAFFT_PT	MAFFT-GINSI	dpa_align	1000	94.8	
slectin	MAFFT_PT	MAFFT-GINSI	dpa_align	200	81.0	
cyt3	CLUSTALO	MAFFT-GINSI	dpa_align	100	51.3	
ltn	MAFFT	MAFFT-GINSI	dpa_align	100	78.3	
annexin	MAFFT	MAFFT-GINSI	dpa_align	50	98.7	
rhv	MAFFT_PT	MAFFT-GINSI	dpa_align	50	56.5	
rrm	CLUSTALO	MAFFT-GINSI	dpa_align	1000	24.0	
bowman	CLUSTALO	MAFFT-GINSI	dpa_align	1000	26.5	
OTCace	CLUSTALO	MAFFT-GINSI	dpa_align	2000	84.1	
phoslip	CLUSTALO	MAFFT-GINSI	dpa_align	200	80.1	
cah	MAFFT_PT	MAFFT-GINSI	dpa_align	100	63.8	
GEL	MAFFT	MAFFT-GINSI	dpa_align	1000	45.3	
cytb	MAFFT	MAFFT-GINSI	dpa_align	500	75.8	
sodcu	MAFFT_PT	MAFFT-GINSI	dpa_align	200	78.1	
toxin	MAFFT_PT	MAFFT-GINSI	dpa_align	200	53.6	
ghf5	MAFFT	MAFFT-GINSI	dpa_align	2000	52.1	
ricin	CLUSTALO	MAFFT-GINSI	dpa_align	2000	73.9	
hpr	MAFFT_PT	MAFFT-GINSI	dpa_align	100	86.2	
KAS	MAFFT_PT	MAFFT-GINSI	dpa_align	1000	52.1	
PDZ	CLUSTALO	MAFFT-GINSI	dpa_align	100	49.1	
Acetyltransf	MAFFT	MAFFT-GINSI	dpa_align	50	33.5	
zf-CCHH	MAFFT_PT	MAFFT-GINSI	dpa_align	200	67.6	
cys	MAFFT_PT	MAFFT-GINSI	dpa_align	2000	46.4	
blmb	MAFFT	MAFFT-GINSI	dpa_align	1000	49.4	
blm	CLUSTALO	MAFFT-GINSI	dpa_align	50	83.7	
slectin	CLUSTALO	MAFFT-GINSI	dpa_align	1000	91.3	
ghf13	MAFFT	MAFFT-GINSI	dpa_align	100	45.2	
ghf5	MAFFT_PT	MAFFT-GINSI	dpa_align	200	34.5	
ricin	CLUSTALO	MAFFT-GINSI	dpa_align	500	74.1	
il8	CLUSTALO	MAFFT-GINSI	dpa_align	200	73.3	
biotin_lipoyl	CLUSTALO	MAFFT-GINSI	dpa_align	1000	78.2	
p450	CLUSTALO	MAFFT-GINSI	dpa_align	200	35.2	
flav	MAFFT_PT	MAFFT-GINSI	dpa_align	100	49.0	
oxidored_q6	MAFFT	MAFFT-GINSI	dpa_align	50	95.3	
phoslip	MAFFT	MAFFT-GINSI	dpa_align	500	85.7	
icd	MAFFT_PT	MAFFT-GINSI	dpa_align	2000	85.4	
rhv	MAFFT	MAFFT-GINSI	dpa_align	50	57.0	
msb	CLUSTALO	MAFFT-GINSI	dpa_align	2000	66.8	
subt	MAFFT	MAFFT-GINSI	dpa_align	1000	33.2	
gpdh	MAFFT_PT	MAFFT-GINSI	dpa_align	1000	89.1	
aadh	CLUSTALO	MAFFT-GINSI	dpa_align	50	63.8	
DMRL_synthase	MAFFT	MAFFT-GINSI	dpa_align	500	81.2	
Acetyltransf	CLUSTALO	MAFFT-GINSI	dpa_align	2000	31.3	
Acetyltransf	MAFFT	MAFFT-GINSI	dpa_align	100	31.3	
TNF	MAFFT_PT	MAFFT-GINSI	dpa_align	1000	73.2	
ghf1	MAFFT	MAFFT-GINSI	dpa_align	2000	64.8	
ace	MAFFT_PT	MAFFT-GINSI	dpa_align	500	59.8	
DEATH	MAFFT_PT	MAFFT-GINSI	dpa_align	50	44.3	
aadh	MAFFT_PT	MAFFT-GINSI	dpa_align	500	57.4	
rhv	MAFFT_PT	MAFFT-GINSI	dpa_align	1000	17.1	
cys	MAFFT_PT	MAFFT-GINSI	dpa_align	100	30.5	
hom	MAFFT_PT	MAFFT-GINSI	dpa_align	50	74.4	
myb_DNA-binding	MAFFT	MAFFT-GINSI	dpa_align	100	64.1	
hormone_rec	MAFFT	MAFFT-GINSI	dpa_align	100	53.9	
slectin	MAFFT_PT	MAFFT-GINSI	dpa_align	1000	91.3	
rrm	CLUSTALO	MAFFT-GINSI	dpa_align	500	29.3	
Sulfotransfer	MAFFT_PT	MAFFT-GINSI	dpa_align	1000	42.9	
blmb	CLUSTALO	MAFFT-GINSI	dpa_align	500	30.0	
p450	MAFFT_PT	MAFFT-GINSI	dpa_align	50	26.2	
rrm	MAFFT	MAFFT-GINSI	dpa_align	1000	22.6	
Sulfotransfer	CLUSTALO	MAFFT-GINSI	dpa_align	500	48.0	
aat	MAFFT_PT	MAFFT-GINSI	dpa_align	1000	51.0	
tRNA-synt_2b	MAFFT_PT	MAFFT-GINSI	dpa_align	1000	41.4	
serpin	MAFFT_PT	MAFFT-GINSI	dpa_align	500	71.5	
cyclo	CLUSTALO	MAFFT-GINSI	dpa_align	1000	78.9	
cytb	MAFFT	MAFFT-GINSI	dpa_align	2000	70.8	
egf	MAFFT_PT	MAFFT-GINSI	dpa_align	2000	43.8	
bowman	CLUSTALO	MAFFT-GINSI	dpa_align	200	8.1	
ghf11	CLUSTALO	MAFFT-GINSI	dpa_align	100	71.9	
hormone_rec	MAFFT_PT	MAFFT-GINSI	dpa_align	2000	64.1	
tgfb	MAFFT	MAFFT-GINSI	dpa_align	50	70.2	
int	MAFFT_PT	MAFFT-GINSI	dpa_align	200	22.3	
HMG_box	MAFFT_PT	MAFFT-GINSI	dpa_align	2000	96.5	
phoslip	MAFFT	MAFFT-GINSI	dpa_align	50	82.7	
aldosered	MAFFT_PT	MAFFT-GINSI	dpa_align	200	57.9	
tms	MAFFT	MAFFT-GINSI	dpa_align	50	87.1	
ghf10	CLUSTALO	MAFFT-GINSI	dpa_align	100	84.1	
hormone_rec	CLUSTALO	MAFFT-GINSI	dpa_align	1000	65.6	
Rhodanese	MAFFT	MAFFT-GINSI	dpa_align	1000	53.4	
oxidored_q6	MAFFT_PT	MAFFT-GINSI	dpa_align	200	93.9	
profilin	MAFFT_PT	MAFFT-GINSI	dpa_align	100	72.9	
rhv	MAFFT_PT	MAFFT-GINSI	dpa_align	200	3.4	
az	MAFFT_PT	MAFFT-GINSI	dpa_align	200	33.2	
myb_DNA-binding	CLUSTALO	MAFFT-GINSI	dpa_align	2000	75.4	
ldh	MAFFT	MAFFT-GINSI	dpa_align	1000	67.5	
il8	CLUSTALO	MAFFT-GINSI	dpa_align	1000	66.9	
ghf22	MAFFT	MAFFT-GINSI	dpa_align	100	87.7	
Acetyltransf	CLUSTALO	MAFFT-GINSI	dpa_align	50	34.2	
ricin	MAFFT_PT	MAFFT-GINSI	dpa_align	1000	73.9	
GEL	MAFFT_PT	MAFFT-GINSI	dpa_align	100	56.3	
kringle	MAFFT_PT	MAFFT-GINSI	dpa_align	1000	84.3	
hormone_rec	MAFFT	MAFFT-GINSI	dpa_align	2000	66.8	
tRNA-synt_2b	MAFFT_PT	MAFFT-GINSI	dpa_align	100	31.7	
ChtBD	MAFFT_PT	MAFFT-GINSI	dpa_align	100	89.9	
ghf10	MAFFT_PT	MAFFT-GINSI	dpa_align	500	84.6	
hr	MAFFT	MAFFT-GINSI	dpa_align	1000	97.4	
adh	MAFFT_PT	MAFFT-GINSI	dpa_align	100	95.9	
biotin_lipoyl	MAFFT_PT	MAFFT-GINSI	dpa_align	1000	78.4	
kringle	MAFFT	MAFFT-GINSI	dpa_align	2000	89.4	
KAS	CLUSTALO	MAFFT-GINSI	dpa_align	1000	59.1	
ins	MAFFT	MAFFT-GINSI	dpa_align	200	48.7	
mmp	CLUSTALO	MAFFT-GINSI	dpa_align	2000	94.6	
ghf1	CLUSTALO	MAFFT-GINSI	dpa_align	200	77.1	
proteasome	CLUSTALO	MAFFT-GINSI	dpa_align	50	55.5	
mmp	CLUSTALO	MAFFT-GINSI	dpa_align	1000	94.2	
trfl	MAFFT_PT	MAFFT-GINSI	dpa_align	2000	1.8	
ghf13	MAFFT_PT	MAFFT-GINSI	dpa_align	200	30.1	
ricin	CLUSTALO	MAFFT-GINSI	dpa_align	50	85.4	
glob	CLUSTALO	MAFFT-GINSI	dpa_align	200	61.4	
ace	MAFFT_PT	MAFFT-GINSI	dpa_align	200	60.5	
rhv	MAFFT_PT	MAFFT-GINSI	dpa_align	2000	9.1	
Acetyltransf	MAFFT_PT	MAFFT-GINSI	dpa_align	1000	27.2	
tim	CLUSTALO	MAFFT-GINSI	dpa_align	2000	93.8	
scorptoxin	MAFFT_PT	MAFFT-GINSI	dpa_align	2000	77.7	
cyt3	CLUSTALO	MAFFT-GINSI	dpa_align	2000	72.4	
sodfe	CLUSTALO	MAFFT-GINSI	dpa_align	200	67.2	
il8	MAFFT_PT	MAFFT-GINSI	dpa_align	1000	69.4	
glob	MAFFT	MAFFT-GINSI	dpa_align	2000	51.8	
aadh	MAFFT	MAFFT-GINSI	dpa_align	2000	60.4	
Sulfotransfer	CLUSTALO	MAFFT-GINSI	dpa_align	1000	50.2	
cytb	MAFFT_PT	MAFFT-GINSI	dpa_align	100	26.2	
ghf10	MAFFT	MAFFT-GINSI	dpa_align	100	80.7	
hom	CLUSTALO	MAFFT-GINSI	dpa_align	50	70.8	
int	MAFFT	MAFFT-GINSI	dpa_align	50	17.0	
HLH	MAFFT	MAFFT-GINSI	dpa_align	50	70.4	
sdr	MAFFT	MAFFT-GINSI	dpa_align	1000	21.5	
HLH	CLUSTALO	MAFFT-GINSI	dpa_align	2000	69.5	
sodcu	CLUSTALO	MAFFT-GINSI	dpa_align	1000	82.4	
HMG_box	MAFFT_PT	MAFFT-GINSI	dpa_align	500	88.0	
phoslip	MAFFT	MAFFT-GINSI	dpa_align	100	82.2	
scorptoxin	CLUSTALO	MAFFT-GINSI	dpa_align	2000	77.7	
DEATH	MAFFT_PT	MAFFT-GINSI	dpa_align	500	53.7	
seatoxin	CLUSTALO	MAFFT-GINSI	dpa_align	100	47.0	
blmb	CLUSTALO	MAFFT-GINSI	dpa_align	200	20.0	
OTCace	MAFFT_PT	MAFFT-GINSI	dpa_align	200	87.1	
cryst	MAFFT	MAFFT-GINSI	dpa_align	100	0.6	
tRNA-synt_2b	MAFFT_PT	MAFFT-GINSI	dpa_align	2000	42.9	
phc	MAFFT	MAFFT-GINSI	dpa_align	1000	91.3	
LIM	MAFFT	MAFFT-GINSI	dpa_align	50	96.5	
serpin	CLUSTALO	MAFFT-GINSI	dpa_align	2000	89.8	
toxin	CLUSTALO	MAFFT-GINSI	dpa_align	2000	68.6	
cryst	MAFFT	MAFFT-GINSI	dpa_align	50	0.6	
cah	MAFFT	MAFFT-GINSI	dpa_align	50	71.7	
subt	MAFFT	MAFFT-GINSI	dpa_align	200	26.3	
rvp	MAFFT	MAFFT-GINSI	dpa_align	100	39.7	
sdr	CLUSTALO	MAFFT-GINSI	dpa_align	100	18.5	
oxidored_q6	MAFFT_PT	MAFFT-GINSI	dpa_align	100	94.8	
flav	MAFFT	MAFFT-GINSI	dpa_align	2000	78.1	
kunitz	MAFFT_PT	MAFFT-GINSI	dpa_align	100	46.5	
annexin	CLUSTALO	MAFFT-GINSI	dpa_align	200	53.8	
uce	MAFFT	MAFFT-GINSI	dpa_align	50	50.4	
uce	CLUSTALO	MAFFT-GINSI	dpa_align	2000	74.1	
int	CLUSTALO	MAFFT-GINSI	dpa_align	500	67.9	
ghf10	MAFFT	MAFFT-GINSI	dpa_align	200	84.6	
mofe	CLUSTALO	MAFFT-GINSI	dpa_align	100	81.3	
aldosered	CLUSTALO	MAFFT-GINSI	dpa_align	2000	76.4	
phc	CLUSTALO	MAFFT-GINSI	dpa_align	500	93.0	
aldosered	MAFFT_PT	MAFFT-GINSI	dpa_align	50	48.3	
cyt3	MAFFT_PT	MAFFT-GINSI	dpa_align	2000	72.4	
rvp	CLUSTALO	MAFFT-GINSI	dpa_align	1000	72.1	
myb_DNA-binding	MAFFT	MAFFT-GINSI	dpa_align	200	64.1	
cytb	CLUSTALO	MAFFT-GINSI	dpa_align	50	62.0	
ltn	MAFFT_PT	MAFFT-GINSI	dpa_align	200	57.6	
OTCace	CLUSTALO	MAFFT-GINSI	dpa_align	50	83.3	
icd	MAFFT	MAFFT-GINSI	dpa_align	50	79.2	
hom	MAFFT	MAFFT-GINSI	dpa_align	200	75.0	
trfl	CLUSTALO	MAFFT-GINSI	dpa_align	100	1.4	
LIM	CLUSTALO	MAFFT-GINSI	dpa_align	500	96.5	
proteasome	MAFFT	MAFFT-GINSI	dpa_align	100	55.1	
kunitz	MAFFT	MAFFT-GINSI	dpa_align	100	53.5	
lyase_1	MAFFT_PT	MAFFT-GINSI	dpa_align	1000	65.7	
cys	CLUSTALO	MAFFT-GINSI	dpa_align	50	63.1	
aldosered	MAFFT	MAFFT-GINSI	dpa_align	50	49.5	
egf	MAFFT_PT	MAFFT-GINSI	dpa_align	500	38.7	
uce	CLUSTALO	MAFFT-GINSI	dpa_align	50	58.7	
sodcu	MAFFT	MAFFT-GINSI	dpa_align	500	84.8	
int	MAFFT_PT	MAFFT-GINSI	dpa_align	500	13.4	
ChtBD	MAFFT	MAFFT-GINSI	dpa_align	2000	90.8	
zf-CCHH	MAFFT	MAFFT-GINSI	dpa_align	50	48.7	
slectin	MAFFT_PT	MAFFT-GINSI	dpa_align	2000	91.3	
gpdh	CLUSTALO	MAFFT-GINSI	dpa_align	50	87.5	
ChtBD	MAFFT	MAFFT-GINSI	dpa_align	100	92.3	
cryst	MAFFT_PT	MAFFT-GINSI	dpa_align	100	0.7	
profilin	CLUSTALO	MAFFT-GINSI	dpa_align	500	76.1	
profilin	MAFFT	MAFFT-GINSI	dpa_align	200	65.6	
ghf5	MAFFT	MAFFT-GINSI	dpa_align	200	37.8	
lyase_1	MAFFT	MAFFT-GINSI	dpa_align	200	61.9	
PDZ	CLUSTALO	MAFFT-GINSI	dpa_align	50	50.2	
ghf1	MAFFT_PT	MAFFT-GINSI	dpa_align	100	71.9	
gpdh	MAFFT	MAFFT-GINSI	dpa_align	2000	88.8	
aldosered	CLUSTALO	MAFFT-GINSI	dpa_align	200	77.0	
cryst	MAFFT	MAFFT-GINSI	dpa_align	200	0.6	
sti	MAFFT	MAFFT-GINSI	dpa_align	1000	65.6	
tgfb	MAFFT	MAFFT-GINSI	dpa_align	100	73.2	
blm	CLUSTALO	MAFFT-GINSI	dpa_align	200	83.7	
lyase_1	CLUSTALO	MAFFT-GINSI	dpa_align	500	58.5	
PDZ	MAFFT_PT	MAFFT-GINSI	dpa_align	100	32.7	
rhv	CLUSTALO	MAFFT-GINSI	dpa_align	2000	3.0	
tim	MAFFT	MAFFT-GINSI	dpa_align	1000	91.2	
ghf22	MAFFT_PT	MAFFT-GINSI	dpa_align	200	86.9	
GEL	CLUSTALO	MAFFT-GINSI	dpa_align	100	47.8	
cryst	MAFFT	MAFFT-GINSI	dpa_align	500	0.6	
int	MAFFT_PT	MAFFT-GINSI	dpa_align	2000	26.5	
adh	CLUSTALO	MAFFT-GINSI	dpa_align	200	96.5	
tim	MAFFT_PT	MAFFT-GINSI	dpa_align	2000	95.9	
mofe	MAFFT_PT	MAFFT-GINSI	dpa_align	500	72.7	
Sulfotransfer	MAFFT	MAFFT-GINSI	dpa_align	1000	46.8	
Acetyltransf	MAFFT_PT	MAFFT-GINSI	dpa_align	500	21.7	
cryst	MAFFT_PT	MAFFT-GINSI	dpa_align	200	1.1	
ltn	MAFFT	MAFFT-GINSI	dpa_align	1000	82.2	
hr	MAFFT_PT	MAFFT-GINSI	dpa_align	200	91.1	
zf-CCHH	CLUSTALO	MAFFT-GINSI	dpa_align	1000	67.5	
msb	MAFFT_PT	MAFFT-GINSI	dpa_align	100	50.4	
tgfb	MAFFT_PT	MAFFT-GINSI	dpa_align	1000	74.9	
mofe	MAFFT_PT	MAFFT-GINSI	dpa_align	200	71.7	
