mmp	CLUSTALO	MAFFT-GINSI	dpa_align	100	92.6	
sodfe	CLUSTALO	MAFFT-GINSI	dpa_align	1000	90.3	
DEATH	MAFFT_PT	MAFFT-GINSI	dpa_align	200	73.5	
Acetyltransf	MAFFT_PT	MAFFT-GINSI	dpa_align	2000	46.4	
rnasemam	MAFFT_PT	MAFFT-GINSI	dpa_align	200	93.7	
serpin	CLUSTALO	MAFFT-GINSI	dpa_align	50	92.5	
Ald_Xan_dh_2	MAFFT_PT	MAFFT-GINSI	dpa_align	200	85.5	
sdr	MAFFT	MAFFT-GINSI	dpa_align	200	59.4	
serpin	CLUSTALO	MAFFT-GINSI	dpa_align	100	94.0	
cytb	MAFFT_PT	MAFFT-GINSI	dpa_align	2000	86.0	
kringle	MAFFT	MAFFT-GINSI	dpa_align	2000	96.7	
gpdh	CLUSTALO	MAFFT-GINSI	dpa_align	50	93.9	
glob	CLUSTALO	MAFFT-GINSI	dpa_align	100	93.3	
Rhodanese	MAFFT	MAFFT-GINSI	dpa_align	500	54.7	
seatoxin	CLUSTALO	MAFFT-GINSI	dpa_align	200	81.2	
ricin	CLUSTALO	MAFFT-GINSI	dpa_align	200	91.4	
tms	MAFFT	MAFFT-GINSI	dpa_align	200	94.9	
aldosered	MAFFT_PT	MAFFT-GINSI	dpa_align	100	67.9	
tms	CLUSTALO	MAFFT-GINSI	dpa_align	2000	95.1	
ChtBD	MAFFT	MAFFT-GINSI	dpa_align	500	96.9	
ChtBD	CLUSTALO	MAFFT-GINSI	dpa_align	500	95.9	
mofe	MAFFT	MAFFT-GINSI	dpa_align	100	80.4	
bowman	MAFFT_PT	MAFFT-GINSI	dpa_align	200	38.1	
rvp	MAFFT_PT	MAFFT-GINSI	dpa_align	500	84.8	
mofe	MAFFT	MAFFT-GINSI	dpa_align	50	83.5	
blmb	CLUSTALO	MAFFT-GINSI	dpa_align	1000	44.3	
HLH	CLUSTALO	MAFFT-GINSI	dpa_align	2000	76.9	
hip	MAFFT_PT	MAFFT-GINSI	dpa_align	500	88.4	
ricin	MAFFT	MAFFT-GINSI	dpa_align	100	89.8	
ldh	CLUSTALO	MAFFT-GINSI	dpa_align	1000	90.7	
hom	MAFFT_PT	MAFFT-GINSI	dpa_align	200	92.7	
cytb	MAFFT_PT	MAFFT-GINSI	dpa_align	1000	75.6	
tgfb	MAFFT	MAFFT-GINSI	dpa_align	100	91.6	
int	MAFFT	MAFFT-GINSI	dpa_align	2000	52.9	
hla	CLUSTALO	MAFFT-GINSI	dpa_align	2000	100.0	
p450	MAFFT	MAFFT-GINSI	dpa_align	50	56.0	
hla	MAFFT_PT	MAFFT-GINSI	dpa_align	50	99.6	
toxin	MAFFT	MAFFT-GINSI	dpa_align	50	88.9	
tim	MAFFT_PT	MAFFT-GINSI	dpa_align	1000	98.7	
HLH	MAFFT	MAFFT-GINSI	dpa_align	200	75.6	
rub	MAFFT_PT	MAFFT-GINSI	dpa_align	1000	99.2	
Stap_Strp_toxin	MAFFT_PT	MAFFT-GINSI	dpa_align	2000	80.6	
OTCace	MAFFT	MAFFT-GINSI	dpa_align	1000	96.3	
kringle	MAFFT_PT	MAFFT-GINSI	dpa_align	50	82.8	
rrm	CLUSTALO	MAFFT-GINSI	dpa_align	200	77.0	
biotin_lipoyl	MAFFT	MAFFT-GINSI	dpa_align	100	90.4	
tRNA-synt_2b	CLUSTALO	MAFFT-GINSI	dpa_align	2000	57.2	
sti	CLUSTALO	MAFFT-GINSI	dpa_align	200	80.5	
tRNA-synt_2b	MAFFT_PT	MAFFT-GINSI	dpa_align	200	56.8	
OTCace	MAFFT_PT	MAFFT-GINSI	dpa_align	50	93.6	
tgfb	MAFFT_PT	MAFFT-GINSI	dpa_align	500	90.9	
lyase_1	MAFFT_PT	MAFFT-GINSI	dpa_align	100	80.5	
sodfe	MAFFT_PT	MAFFT-GINSI	dpa_align	200	89.2	
il8	CLUSTALO	MAFFT-GINSI	dpa_align	2000	89.2	
slectin	MAFFT_PT	MAFFT-GINSI	dpa_align	500	94.3	
flav	MAFFT_PT	MAFFT-GINSI	dpa_align	2000	89.9	
scorptoxin	MAFFT	MAFFT-GINSI	dpa_align	200	90.2	
az	CLUSTALO	MAFFT-GINSI	dpa_align	500	73.7	
sdr	CLUSTALO	MAFFT-GINSI	dpa_align	500	77.6	
rnasemam	MAFFT	MAFFT-GINSI	dpa_align	2000	93.8	
ghf1	MAFFT	MAFFT-GINSI	dpa_align	50	76.2	
LIM	MAFFT	MAFFT-GINSI	dpa_align	2000	97.7	
asp	CLUSTALO	MAFFT-GINSI	dpa_align	2000	85.3	
rnasemam	MAFFT_PT	MAFFT-GINSI	dpa_align	500	93.8	
sodcu	MAFFT	MAFFT-GINSI	dpa_align	200	91.6	
cytb	CLUSTALO	MAFFT-GINSI	dpa_align	2000	87.5	
proteasome	MAFFT_PT	MAFFT-GINSI	dpa_align	2000	84.8	
rvp	CLUSTALO	MAFFT-GINSI	dpa_align	500	80.5	
slectin	MAFFT_PT	MAFFT-GINSI	dpa_align	200	87.3	
GEL	CLUSTALO	MAFFT-GINSI	dpa_align	50	67.4	
il8	MAFFT	MAFFT-GINSI	dpa_align	50	79.9	
toxin	CLUSTALO	MAFFT-GINSI	dpa_align	1000	90.6	
uce	CLUSTALO	MAFFT-GINSI	dpa_align	100	79.2	
scorptoxin	CLUSTALO	MAFFT-GINSI	dpa_align	500	88.3	
ins	MAFFT	MAFFT-GINSI	dpa_align	2000	93.3	
icd	CLUSTALO	MAFFT-GINSI	dpa_align	100	91.1	
HLH	CLUSTALO	MAFFT-GINSI	dpa_align	100	74.3	
scorptoxin	MAFFT_PT	MAFFT-GINSI	dpa_align	500	88.3	
proteasome	MAFFT	MAFFT-GINSI	dpa_align	200	83.8	
aat	CLUSTALO	MAFFT-GINSI	dpa_align	200	77.9	
p450	CLUSTALO	MAFFT-GINSI	dpa_align	2000	65.3	
gpdh	MAFFT_PT	MAFFT-GINSI	dpa_align	2000	94.8	
DMRL_synthase	MAFFT	MAFFT-GINSI	dpa_align	50	87.0	
tim	MAFFT	MAFFT-GINSI	dpa_align	1000	96.8	
ghf5	MAFFT	MAFFT-GINSI	dpa_align	100	49.3	
oxidored_q6	MAFFT_PT	MAFFT-GINSI	dpa_align	50	97.4	
ace	MAFFT_PT	MAFFT-GINSI	dpa_align	50	69.0	
tRNA-synt_2b	MAFFT	MAFFT-GINSI	dpa_align	50	41.9	
sdr	MAFFT	MAFFT-GINSI	dpa_align	500	48.3	
cytb	CLUSTALO	MAFFT-GINSI	dpa_align	100	77.7	
Stap_Strp_toxin	MAFFT	MAFFT-GINSI	dpa_align	500	80.6	
OTCace	CLUSTALO	MAFFT-GINSI	dpa_align	2000	92.9	
Rhodanese	CLUSTALO	MAFFT-GINSI	dpa_align	50	57.9	
hpr	MAFFT_PT	MAFFT-GINSI	dpa_align	50	86.9	
rhv	MAFFT	MAFFT-GINSI	dpa_align	500	60.2	
cah	CLUSTALO	MAFFT-GINSI	dpa_align	1000	87.6	
aldosered	CLUSTALO	MAFFT-GINSI	dpa_align	500	89.1	
blm	MAFFT	MAFFT-GINSI	dpa_align	200	78.8	
rhv	CLUSTALO	MAFFT-GINSI	dpa_align	1000	36.7	
cys	MAFFT	MAFFT-GINSI	dpa_align	1000	89.8	
hr	MAFFT_PT	MAFFT-GINSI	dpa_align	1000	99.0	
asp	MAFFT_PT	MAFFT-GINSI	dpa_align	200	74.7	
PDZ	MAFFT	MAFFT-GINSI	dpa_align	1000	73.7	
KAS	MAFFT	MAFFT-GINSI	dpa_align	50	84.4	
rhv	MAFFT_PT	MAFFT-GINSI	dpa_align	100	73.8	
HLH	MAFFT	MAFFT-GINSI	dpa_align	500	77.2	
sodfe	MAFFT_PT	MAFFT-GINSI	dpa_align	2000	89.6	
Ald_Xan_dh_2	MAFFT	MAFFT-GINSI	dpa_align	2000	84.3	
il8	CLUSTALO	MAFFT-GINSI	dpa_align	200	89.8	
ChtBD	MAFFT	MAFFT-GINSI	dpa_align	1000	96.9	
KAS	MAFFT_PT	MAFFT-GINSI	dpa_align	1000	72.4	
scorptoxin	MAFFT	MAFFT-GINSI	dpa_align	50	90.0	
ltn	CLUSTALO	MAFFT-GINSI	dpa_align	100	90.9	
Sulfotransfer	MAFFT_PT	MAFFT-GINSI	dpa_align	500	52.8	
icd	MAFFT_PT	MAFFT-GINSI	dpa_align	100	86.0	
mofe	CLUSTALO	MAFFT-GINSI	dpa_align	2000	88.2	
ghf13	MAFFT_PT	MAFFT-GINSI	dpa_align	100	59.5	
hla	CLUSTALO	MAFFT-GINSI	dpa_align	50	98.8	
kringle	MAFFT	MAFFT-GINSI	dpa_align	200	89.9	
glob	MAFFT	MAFFT-GINSI	dpa_align	500	92.1	
bowman	MAFFT	MAFFT-GINSI	dpa_align	100	95.3	
az	CLUSTALO	MAFFT-GINSI	dpa_align	1000	73.7	
rub	CLUSTALO	MAFFT-GINSI	dpa_align	2000	99.2	
aat	CLUSTALO	MAFFT-GINSI	dpa_align	1000	83.8	
cryst	CLUSTALO	MAFFT-GINSI	dpa_align	2000	90.2	
hom	CLUSTALO	MAFFT-GINSI	dpa_align	200	93.2	
ldh	MAFFT_PT	MAFFT-GINSI	dpa_align	100	91.4	
hom	MAFFT_PT	MAFFT-GINSI	dpa_align	100	88.2	
mmp	CLUSTALO	MAFFT-GINSI	dpa_align	1000	97.5	
tgfb	MAFFT_PT	MAFFT-GINSI	dpa_align	2000	92.7	
gluts	MAFFT	MAFFT-GINSI	dpa_align	1000	86.9	
ghf13	MAFFT_PT	MAFFT-GINSI	dpa_align	200	58.3	
KAS	MAFFT	MAFFT-GINSI	dpa_align	500	82.9	
LIM	MAFFT	MAFFT-GINSI	dpa_align	50	97.7	
gluts	CLUSTALO	MAFFT-GINSI	dpa_align	200	88.1	
ldh	MAFFT	MAFFT-GINSI	dpa_align	1000	88.5	
cyclo	MAFFT	MAFFT-GINSI	dpa_align	2000	91.3	
Stap_Strp_toxin	MAFFT	MAFFT-GINSI	dpa_align	2000	80.6	
slectin	CLUSTALO	MAFFT-GINSI	dpa_align	50	91.0	
adh	MAFFT	MAFFT-GINSI	dpa_align	500	98.3	
lyase_1	CLUSTALO	MAFFT-GINSI	dpa_align	500	76.9	
LIM	CLUSTALO	MAFFT-GINSI	dpa_align	500	97.7	
tgfb	MAFFT_PT	MAFFT-GINSI	dpa_align	200	90.9	
profilin	MAFFT_PT	MAFFT-GINSI	dpa_align	2000	91.0	
Rhodanese	MAFFT	MAFFT-GINSI	dpa_align	100	40.7	
p450	MAFFT_PT	MAFFT-GINSI	dpa_align	100	41.0	
DEATH	MAFFT	MAFFT-GINSI	dpa_align	1000	74.6	
Acetyltransf	MAFFT	MAFFT-GINSI	dpa_align	50	57.5	
aat	MAFFT	MAFFT-GINSI	dpa_align	50	65.3	
DEATH	CLUSTALO	MAFFT-GINSI	dpa_align	2000	73.0	
peroxidase	CLUSTALO	MAFFT-GINSI	dpa_align	500	89.7	
tms	MAFFT	MAFFT-GINSI	dpa_align	500	94.6	
tgfb	MAFFT	MAFFT-GINSI	dpa_align	200	92.3	
OTCace	MAFFT	MAFFT-GINSI	dpa_align	50	95.1	
ghf22	MAFFT	MAFFT-GINSI	dpa_align	500	95.6	
blmb	MAFFT	MAFFT-GINSI	dpa_align	50	59.2	
ins	MAFFT_PT	MAFFT-GINSI	dpa_align	100	60.3	
kringle	CLUSTALO	MAFFT-GINSI	dpa_align	100	95.6	
DMRL_synthase	MAFFT	MAFFT-GINSI	dpa_align	500	91.5	
rub	CLUSTALO	MAFFT-GINSI	dpa_align	100	94.5	
tRNA-synt_2b	CLUSTALO	MAFFT-GINSI	dpa_align	1000	56.5	
kringle	MAFFT_PT	MAFFT-GINSI	dpa_align	1000	94.7	
DEATH	MAFFT	MAFFT-GINSI	dpa_align	100	69.1	
mofe	MAFFT_PT	MAFFT-GINSI	dpa_align	100	81.2	
aadh	MAFFT_PT	MAFFT-GINSI	dpa_align	1000	84.1	
TNF	MAFFT_PT	MAFFT-GINSI	dpa_align	200	85.6	
flav	MAFFT	MAFFT-GINSI	dpa_align	50	87.4	
peroxidase	MAFFT	MAFFT-GINSI	dpa_align	2000	91.4	
Stap_Strp_toxin	MAFFT_PT	MAFFT-GINSI	dpa_align	500	80.6	
aldosered	MAFFT_PT	MAFFT-GINSI	dpa_align	500	73.6	
hom	CLUSTALO	MAFFT-GINSI	dpa_align	1000	92.3	
PDZ	MAFFT	MAFFT-GINSI	dpa_align	50	67.1	
ghf11	CLUSTALO	MAFFT-GINSI	dpa_align	200	92.7	
sti	CLUSTALO	MAFFT-GINSI	dpa_align	2000	83.0	
zf-CCHH	MAFFT	MAFFT-GINSI	dpa_align	50	66.9	
rnasemam	MAFFT	MAFFT-GINSI	dpa_align	200	93.2	
Sulfotransfer	CLUSTALO	MAFFT-GINSI	dpa_align	200	78.4	
ghf11	MAFFT	MAFFT-GINSI	dpa_align	100	88.5	
rrm	CLUSTALO	MAFFT-GINSI	dpa_align	100	73.2	
kunitz	MAFFT_PT	MAFFT-GINSI	dpa_align	2000	94.3	
aldosered	MAFFT	MAFFT-GINSI	dpa_align	100	79.9	
HMG_box	MAFFT	MAFFT-GINSI	dpa_align	50	81.3	
aadh	CLUSTALO	MAFFT-GINSI	dpa_align	2000	85.7	
rrm	MAFFT_PT	MAFFT-GINSI	dpa_align	500	70.0	
Sulfotransfer	CLUSTALO	MAFFT-GINSI	dpa_align	50	69.9	
cys	CLUSTALO	MAFFT-GINSI	dpa_align	1000	91.2	
rvp	MAFFT_PT	MAFFT-GINSI	dpa_align	100	67.1	
adh	MAFFT	MAFFT-GINSI	dpa_align	100	99.5	
hpr	CLUSTALO	MAFFT-GINSI	dpa_align	50	88.7	
int	CLUSTALO	MAFFT-GINSI	dpa_align	100	68.2	
cyt3	CLUSTALO	MAFFT-GINSI	dpa_align	50	76.6	
glob	MAFFT	MAFFT-GINSI	dpa_align	50	94.5	
sti	MAFFT_PT	MAFFT-GINSI	dpa_align	2000	83.0	
hr	MAFFT_PT	MAFFT-GINSI	dpa_align	500	98.0	
ricin	MAFFT	MAFFT-GINSI	dpa_align	500	92.5	
DEATH	MAFFT_PT	MAFFT-GINSI	dpa_align	1000	73.2	
ghf22	MAFFT_PT	MAFFT-GINSI	dpa_align	50	87.9	
profilin	MAFFT	MAFFT-GINSI	dpa_align	2000	91.0	
rnasemam	CLUSTALO	MAFFT-GINSI	dpa_align	1000	93.8	
hip	MAFFT_PT	MAFFT-GINSI	dpa_align	50	83.7	
zf-CCHH	CLUSTALO	MAFFT-GINSI	dpa_align	500	81.6	
cyt3	CLUSTALO	MAFFT-GINSI	dpa_align	100	74.2	
int	MAFFT	MAFFT-GINSI	dpa_align	200	48.8	
asp	CLUSTALO	MAFFT-GINSI	dpa_align	500	75.0	
GEL	MAFFT	MAFFT-GINSI	dpa_align	2000	68.6	
Stap_Strp_toxin	MAFFT	MAFFT-GINSI	dpa_align	50	78.5	
blm	MAFFT_PT	MAFFT-GINSI	dpa_align	50	21.8	
cryst	MAFFT_PT	MAFFT-GINSI	dpa_align	200	38.6	
biotin_lipoyl	CLUSTALO	MAFFT-GINSI	dpa_align	200	93.8	
cryst	CLUSTALO	MAFFT-GINSI	dpa_align	500	79.5	
rnasemam	MAFFT	MAFFT-GINSI	dpa_align	1000	93.8	
blm	MAFFT	MAFFT-GINSI	dpa_align	1000	96.6	
subt	MAFFT	MAFFT-GINSI	dpa_align	500	65.3	
az	CLUSTALO	MAFFT-GINSI	dpa_align	2000	75.1	
TNF	MAFFT_PT	MAFFT-GINSI	dpa_align	100	86.0	
profilin	MAFFT	MAFFT-GINSI	dpa_align	100	84.9	
subt	CLUSTALO	MAFFT-GINSI	dpa_align	200	74.6	
hpr	CLUSTALO	MAFFT-GINSI	dpa_align	100	91.3	
oxidored_q6	CLUSTALO	MAFFT-GINSI	dpa_align	200	97.1	
sdr	MAFFT	MAFFT-GINSI	dpa_align	1000	51.5	
annexin	MAFFT_PT	MAFFT-GINSI	dpa_align	1000	74.6	
myb_DNA-binding	MAFFT_PT	MAFFT-GINSI	dpa_align	500	89.4	
sodcu	MAFFT_PT	MAFFT-GINSI	dpa_align	500	91.5	
tms	MAFFT	MAFFT-GINSI	dpa_align	2000	95.2	
rvp	MAFFT_PT	MAFFT-GINSI	dpa_align	50	49.5	
HMG_box	MAFFT	MAFFT-GINSI	dpa_align	200	85.0	
ricin	MAFFT	MAFFT-GINSI	dpa_align	200	84.9	
trfl	CLUSTALO	MAFFT-GINSI	dpa_align	2000	55.1	
ins	MAFFT_PT	MAFFT-GINSI	dpa_align	200	87.1	
az	MAFFT	MAFFT-GINSI	dpa_align	500	71.9	
tms	MAFFT	MAFFT-GINSI	dpa_align	50	92.8	
biotin_lipoyl	CLUSTALO	MAFFT-GINSI	dpa_align	2000	94.6	
cytb	CLUSTALO	MAFFT-GINSI	dpa_align	50	72.5	
serpin	CLUSTALO	MAFFT-GINSI	dpa_align	1000	94.6	
az	MAFFT_PT	MAFFT-GINSI	dpa_align	50	60.0	
az	MAFFT_PT	MAFFT-GINSI	dpa_align	200	66.6	
ghf22	MAFFT	MAFFT-GINSI	dpa_align	50	95.3	
HMG_box	MAFFT	MAFFT-GINSI	dpa_align	1000	90.7	
ChtBD	MAFFT_PT	MAFFT-GINSI	dpa_align	200	97.8	
asp	MAFFT_PT	MAFFT-GINSI	dpa_align	2000	78.2	
egf	MAFFT	MAFFT-GINSI	dpa_align	1000	67.6	
kringle	MAFFT	MAFFT-GINSI	dpa_align	100	85.9	
glob	MAFFT	MAFFT-GINSI	dpa_align	2000	95.8	
Ald_Xan_dh_2	MAFFT_PT	MAFFT-GINSI	dpa_align	500	84.0	
hr	CLUSTALO	MAFFT-GINSI	dpa_align	200	99.0	
ChtBD	MAFFT	MAFFT-GINSI	dpa_align	2000	96.9	
DMRL_synthase	CLUSTALO	MAFFT-GINSI	dpa_align	1000	91.7	
az	MAFFT_PT	MAFFT-GINSI	dpa_align	2000	75.1	
cyt3	MAFFT_PT	MAFFT-GINSI	dpa_align	2000	87.4	
bowman	MAFFT_PT	MAFFT-GINSI	dpa_align	500	66.3	
ghf13	CLUSTALO	MAFFT-GINSI	dpa_align	200	59.4	
myb_DNA-binding	MAFFT_PT	MAFFT-GINSI	dpa_align	200	87.8	
uce	MAFFT_PT	MAFFT-GINSI	dpa_align	500	68.6	
il8	MAFFT	MAFFT-GINSI	dpa_align	200	86.0	
uce	MAFFT_PT	MAFFT-GINSI	dpa_align	2000	84.7	
lyase_1	MAFFT	MAFFT-GINSI	dpa_align	1000	82.7	
flav	MAFFT_PT	MAFFT-GINSI	dpa_align	100	77.3	
ghf10	MAFFT_PT	MAFFT-GINSI	dpa_align	200	81.4	
scorptoxin	MAFFT	MAFFT-GINSI	dpa_align	100	95.2	
seatoxin	CLUSTALO	MAFFT-GINSI	dpa_align	500	81.2	
GEL	MAFFT	MAFFT-GINSI	dpa_align	500	71.2	
ChtBD	CLUSTALO	MAFFT-GINSI	dpa_align	200	96.9	
cys	CLUSTALO	MAFFT-GINSI	dpa_align	2000	93.1	
peroxidase	CLUSTALO	MAFFT-GINSI	dpa_align	100	90.0	
icd	MAFFT	MAFFT-GINSI	dpa_align	100	91.3	
rub	MAFFT	MAFFT-GINSI	dpa_align	50	99.2	
seatoxin	MAFFT	MAFFT-GINSI	dpa_align	500	81.2	
Rhodanese	MAFFT_PT	MAFFT-GINSI	dpa_align	100	62.4	
blm	MAFFT_PT	MAFFT-GINSI	dpa_align	200	33.4	
glob	CLUSTALO	MAFFT-GINSI	dpa_align	1000	93.2	
ldh	CLUSTALO	MAFFT-GINSI	dpa_align	50	86.2	
aldosered	MAFFT	MAFFT-GINSI	dpa_align	1000	84.6	
flav	CLUSTALO	MAFFT-GINSI	dpa_align	500	85.8	
gluts	MAFFT	MAFFT-GINSI	dpa_align	100	75.1	
ChtBD	MAFFT_PT	MAFFT-GINSI	dpa_align	100	95.7	
msb	CLUSTALO	MAFFT-GINSI	dpa_align	500	86.1	
kringle	CLUSTALO	MAFFT-GINSI	dpa_align	50	93.1	
HMG_box	MAFFT_PT	MAFFT-GINSI	dpa_align	2000	98.2	
Rhodanese	MAFFT_PT	MAFFT-GINSI	dpa_align	1000	71.6	
sodfe	MAFFT	MAFFT-GINSI	dpa_align	50	86.9	
zf-CCHH	MAFFT	MAFFT-GINSI	dpa_align	2000	74.5	
rrm	MAFFT	MAFFT-GINSI	dpa_align	1000	64.2	
ins	CLUSTALO	MAFFT-GINSI	dpa_align	1000	93.3	
profilin	MAFFT_PT	MAFFT-GINSI	dpa_align	100	84.7	
hip	MAFFT	MAFFT-GINSI	dpa_align	100	88.2	
GEL	MAFFT	MAFFT-GINSI	dpa_align	1000	64.2	
adh	MAFFT_PT	MAFFT-GINSI	dpa_align	2000	98.7	
ghf22	MAFFT_PT	MAFFT-GINSI	dpa_align	1000	96.2	
TNF	MAFFT	MAFFT-GINSI	dpa_align	500	85.0	
blmb	CLUSTALO	MAFFT-GINSI	dpa_align	200	39.6	
PDZ	CLUSTALO	MAFFT-GINSI	dpa_align	500	75.0	
hormone_rec	CLUSTALO	MAFFT-GINSI	dpa_align	1000	76.2	
hom	MAFFT	MAFFT-GINSI	dpa_align	500	91.6	
sodcu	MAFFT_PT	MAFFT-GINSI	dpa_align	200	89.0	
HMG_box	MAFFT_PT	MAFFT-GINSI	dpa_align	50	81.4	
egf	MAFFT	MAFFT-GINSI	dpa_align	100	67.5	
hormone_rec	MAFFT	MAFFT-GINSI	dpa_align	100	67.2	
aat	CLUSTALO	MAFFT-GINSI	dpa_align	2000	84.4	
phc	CLUSTALO	MAFFT-GINSI	dpa_align	2000	97.2	
sti	MAFFT_PT	MAFFT-GINSI	dpa_align	100	76.0	
ghf11	MAFFT	MAFFT-GINSI	dpa_align	1000	93.8	
bowman	MAFFT_PT	MAFFT-GINSI	dpa_align	50	73.5	
sodcu	CLUSTALO	MAFFT-GINSI	dpa_align	1000	92.0	
tgfb	CLUSTALO	MAFFT-GINSI	dpa_align	500	94.4	
tms	MAFFT_PT	MAFFT-GINSI	dpa_align	200	93.8	
sti	MAFFT_PT	MAFFT-GINSI	dpa_align	50	74.8	
hpr	CLUSTALO	MAFFT-GINSI	dpa_align	2000	98.1	
p450	CLUSTALO	MAFFT-GINSI	dpa_align	500	72.7	
phc	MAFFT	MAFFT-GINSI	dpa_align	50	93.1	
blmb	MAFFT_PT	MAFFT-GINSI	dpa_align	100	23.0	
hormone_rec	CLUSTALO	MAFFT-GINSI	dpa_align	100	76.5	
rhv	MAFFT	MAFFT-GINSI	dpa_align	100	74.5	
trfl	MAFFT_PT	MAFFT-GINSI	dpa_align	200	55.8	
adh	CLUSTALO	MAFFT-GINSI	dpa_align	500	98.3	
Sulfotransfer	MAFFT	MAFFT-GINSI	dpa_align	500	66.0	
serpin	MAFFT_PT	MAFFT-GINSI	dpa_align	500	84.5	
ricin	CLUSTALO	MAFFT-GINSI	dpa_align	500	85.6	
tRNA-synt_2b	MAFFT	MAFFT-GINSI	dpa_align	2000	57.4	
egf	MAFFT_PT	MAFFT-GINSI	dpa_align	1000	67.1	
aadh	MAFFT	MAFFT-GINSI	dpa_align	500	75.9	
Ald_Xan_dh_2	MAFFT_PT	MAFFT-GINSI	dpa_align	1000	84.8	
int	MAFFT_PT	MAFFT-GINSI	dpa_align	500	42.6	
tgfb	MAFFT_PT	MAFFT-GINSI	dpa_align	1000	91.9	
rub	MAFFT	MAFFT-GINSI	dpa_align	100	93.3	
Rhodanese	MAFFT_PT	MAFFT-GINSI	dpa_align	500	70.3	
annexin	CLUSTALO	MAFFT-GINSI	dpa_align	50	99.7	
ghf22	MAFFT	MAFFT-GINSI	dpa_align	1000	96.2	
tim	MAFFT_PT	MAFFT-GINSI	dpa_align	500	94.2	
aat	MAFFT_PT	MAFFT-GINSI	dpa_align	50	58.5	
Ald_Xan_dh_2	MAFFT	MAFFT-GINSI	dpa_align	200	70.5	
DEATH	MAFFT_PT	MAFFT-GINSI	dpa_align	2000	73.0	
rvp	MAFFT_PT	MAFFT-GINSI	dpa_align	1000	84.7	
myb_DNA-binding	CLUSTALO	MAFFT-GINSI	dpa_align	1000	91.0	
myb_DNA-binding	CLUSTALO	MAFFT-GINSI	dpa_align	2000	88.6	
serpin	MAFFT_PT	MAFFT-GINSI	dpa_align	100	78.3	
ldh	MAFFT_PT	MAFFT-GINSI	dpa_align	500	89.3	
kringle	MAFFT_PT	MAFFT-GINSI	dpa_align	200	91.7	
peroxidase	MAFFT	MAFFT-GINSI	dpa_align	500	91.7	
ghf22	CLUSTALO	MAFFT-GINSI	dpa_align	200	96.1	
il8	MAFFT	MAFFT-GINSI	dpa_align	500	87.2	
ghf11	MAFFT_PT	MAFFT-GINSI	dpa_align	1000	93.8	
toxin	MAFFT_PT	MAFFT-GINSI	dpa_align	200	88.3	
hr	MAFFT_PT	MAFFT-GINSI	dpa_align	200	96.0	
subt	MAFFT_PT	MAFFT-GINSI	dpa_align	2000	56.3	
biotin_lipoyl	MAFFT	MAFFT-GINSI	dpa_align	500	92.1	
TNF	MAFFT	MAFFT-GINSI	dpa_align	50	87.1	
aadh	CLUSTALO	MAFFT-GINSI	dpa_align	1000	84.6	
asp	MAFFT	MAFFT-GINSI	dpa_align	1000	90.6	
az	MAFFT	MAFFT-GINSI	dpa_align	1000	75.0	
hla	MAFFT_PT	MAFFT-GINSI	dpa_align	200	99.8	
ghf10	MAFFT	MAFFT-GINSI	dpa_align	1000	94.8	
aldosered	MAFFT_PT	MAFFT-GINSI	dpa_align	50	77.5	
il8	MAFFT_PT	MAFFT-GINSI	dpa_align	1000	89.3	
rvp	CLUSTALO	MAFFT-GINSI	dpa_align	100	77.7	
hr	MAFFT	MAFFT-GINSI	dpa_align	2000	99.3	
icd	CLUSTALO	MAFFT-GINSI	dpa_align	500	92.2	
ghf10	MAFFT_PT	MAFFT-GINSI	dpa_align	50	83.1	
ChtBD	MAFFT	MAFFT-GINSI	dpa_align	100	95.9	
glob	MAFFT_PT	MAFFT-GINSI	dpa_align	500	95.4	
aadh	MAFFT	MAFFT-GINSI	dpa_align	200	76.9	
tim	MAFFT_PT	MAFFT-GINSI	dpa_align	2000	98.5	
proteasome	CLUSTALO	MAFFT-GINSI	dpa_align	2000	84.5	
phoslip	MAFFT_PT	MAFFT-GINSI	dpa_align	2000	94.4	
tim	MAFFT	MAFFT-GINSI	dpa_align	100	95.2	
DMRL_synthase	MAFFT_PT	MAFFT-GINSI	dpa_align	2000	91.5	
ace	CLUSTALO	MAFFT-GINSI	dpa_align	100	81.1	
glob	CLUSTALO	MAFFT-GINSI	dpa_align	500	93.6	
biotin_lipoyl	MAFFT_PT	MAFFT-GINSI	dpa_align	200	88.6	
scorptoxin	CLUSTALO	MAFFT-GINSI	dpa_align	100	90.6	
trfl	MAFFT_PT	MAFFT-GINSI	dpa_align	50	74.2	
ghf22	MAFFT_PT	MAFFT-GINSI	dpa_align	200	94.9	
TNF	CLUSTALO	MAFFT-GINSI	dpa_align	1000	85.7	
msb	MAFFT_PT	MAFFT-GINSI	dpa_align	50	70.4	
cyt3	CLUSTALO	MAFFT-GINSI	dpa_align	2000	87.4	
proteasome	MAFFT_PT	MAFFT-GINSI	dpa_align	1000	85.8	
kunitz	CLUSTALO	MAFFT-GINSI	dpa_align	100	85.6	
gpdh	MAFFT_PT	MAFFT-GINSI	dpa_align	500	95.1	
aldosered	MAFFT_PT	MAFFT-GINSI	dpa_align	200	81.5	
adh	MAFFT_PT	MAFFT-GINSI	dpa_align	500	98.8	
il8	CLUSTALO	MAFFT-GINSI	dpa_align	100	88.5	
profilin	CLUSTALO	MAFFT-GINSI	dpa_align	1000	91.0	
PDZ	CLUSTALO	MAFFT-GINSI	dpa_align	200	71.2	
Acetyltransf	MAFFT_PT	MAFFT-GINSI	dpa_align	100	53.1	
rhv	MAFFT_PT	MAFFT-GINSI	dpa_align	50	75.8	
msb	CLUSTALO	MAFFT-GINSI	dpa_align	50	83.1	
HLH	MAFFT	MAFFT-GINSI	dpa_align	100	73.7	
blmb	MAFFT	MAFFT-GINSI	dpa_align	2000	58.4	
cah	MAFFT	MAFFT-GINSI	dpa_align	500	85.0	
ghf1	MAFFT	MAFFT-GINSI	dpa_align	1000	93.6	
trfl	CLUSTALO	MAFFT-GINSI	dpa_align	1000	55.1	
p450	MAFFT	MAFFT-GINSI	dpa_align	200	62.2	
proteasome	MAFFT_PT	MAFFT-GINSI	dpa_align	50	83.1	
hpr	MAFFT_PT	MAFFT-GINSI	dpa_align	500	94.8	
serpin	MAFFT	MAFFT-GINSI	dpa_align	2000	93.8	
cah	MAFFT	MAFFT-GINSI	dpa_align	200	89.2	
adh	CLUSTALO	MAFFT-GINSI	dpa_align	50	98.7	
DEATH	MAFFT	MAFFT-GINSI	dpa_align	50	71.7	
OTCace	MAFFT	MAFFT-GINSI	dpa_align	2000	94.7	
hormone_rec	CLUSTALO	MAFFT-GINSI	dpa_align	2000	76.9	
hip	CLUSTALO	MAFFT-GINSI	dpa_align	1000	88.4	
mofe	CLUSTALO	MAFFT-GINSI	dpa_align	1000	87.0	
DEATH	CLUSTALO	MAFFT-GINSI	dpa_align	200	64.6	
uce	MAFFT	MAFFT-GINSI	dpa_align	500	78.5	
subt	MAFFT	MAFFT-GINSI	dpa_align	1000	72.5	
ghf11	MAFFT_PT	MAFFT-GINSI	dpa_align	100	85.3	
slectin	MAFFT	MAFFT-GINSI	dpa_align	500	87.7	
rnasemam	CLUSTALO	MAFFT-GINSI	dpa_align	100	92.5	
blm	MAFFT_PT	MAFFT-GINSI	dpa_align	100	30.7	
trfl	MAFFT	MAFFT-GINSI	dpa_align	500	55.2	
ace	MAFFT	MAFFT-GINSI	dpa_align	200	78.5	
oxidored_q6	MAFFT_PT	MAFFT-GINSI	dpa_align	2000	98.4	
phc	MAFFT_PT	MAFFT-GINSI	dpa_align	1000	96.1	
HLH	MAFFT_PT	MAFFT-GINSI	dpa_align	100	74.5	
blmb	CLUSTALO	MAFFT-GINSI	dpa_align	50	38.0	
cah	MAFFT	MAFFT-GINSI	dpa_align	100	83.7	
mmp	MAFFT	MAFFT-GINSI	dpa_align	500	97.3	
cyt3	MAFFT_PT	MAFFT-GINSI	dpa_align	100	69.9	
phoslip	MAFFT	MAFFT-GINSI	dpa_align	100	94.4	
mmp	MAFFT	MAFFT-GINSI	dpa_align	1000	93.9	
sodcu	CLUSTALO	MAFFT-GINSI	dpa_align	2000	90.9	
gpdh	CLUSTALO	MAFFT-GINSI	dpa_align	200	95.1	
mmp	MAFFT	MAFFT-GINSI	dpa_align	50	92.5	
ghf10	CLUSTALO	MAFFT-GINSI	dpa_align	200	92.3	
bowman	MAFFT	MAFFT-GINSI	dpa_align	500	66.3	
ghf1	CLUSTALO	MAFFT-GINSI	dpa_align	100	90.0	
blmb	MAFFT_PT	MAFFT-GINSI	dpa_align	2000	34.3	
cyt3	MAFFT	MAFFT-GINSI	dpa_align	1000	85.4	
PDZ	MAFFT_PT	MAFFT-GINSI	dpa_align	2000	71.1	
ins	MAFFT	MAFFT-GINSI	dpa_align	100	61.4	
annexin	MAFFT_PT	MAFFT-GINSI	dpa_align	200	99.4	
zf-CCHH	CLUSTALO	MAFFT-GINSI	dpa_align	50	76.7	
HMG_box	MAFFT	MAFFT-GINSI	dpa_align	2000	92.8	
phc	MAFFT_PT	MAFFT-GINSI	dpa_align	50	93.0	
egf	CLUSTALO	MAFFT-GINSI	dpa_align	100	66.3	
gpdh	MAFFT	MAFFT-GINSI	dpa_align	200	94.4	
DMRL_synthase	CLUSTALO	MAFFT-GINSI	dpa_align	50	92.0	
seatoxin	CLUSTALO	MAFFT-GINSI	dpa_align	2000	81.2	
OTCace	MAFFT_PT	MAFFT-GINSI	dpa_align	100	96.7	
KAS	CLUSTALO	MAFFT-GINSI	dpa_align	1000	76.5	
slectin	CLUSTALO	MAFFT-GINSI	dpa_align	2000	94.9	
Acetyltransf	CLUSTALO	MAFFT-GINSI	dpa_align	500	56.2	
cys	CLUSTALO	MAFFT-GINSI	dpa_align	100	83.9	
ins	CLUSTALO	MAFFT-GINSI	dpa_align	200	90.7	
hom	MAFFT	MAFFT-GINSI	dpa_align	2000	94.4	
hpr	MAFFT	MAFFT-GINSI	dpa_align	2000	98.1	
ghf10	MAFFT_PT	MAFFT-GINSI	dpa_align	100	91.8	
subt	CLUSTALO	MAFFT-GINSI	dpa_align	100	69.3	
aadh	MAFFT_PT	MAFFT-GINSI	dpa_align	500	85.6	
profilin	MAFFT_PT	MAFFT-GINSI	dpa_align	500	91.0	
sdr	MAFFT	MAFFT-GINSI	dpa_align	50	58.7	
int	CLUSTALO	MAFFT-GINSI	dpa_align	50	58.6	
PDZ	MAFFT	MAFFT-GINSI	dpa_align	200	71.3	
myb_DNA-binding	MAFFT_PT	MAFFT-GINSI	dpa_align	100	84.0	
ldh	MAFFT_PT	MAFFT-GINSI	dpa_align	2000	83.4	
hla	MAFFT_PT	MAFFT-GINSI	dpa_align	500	99.8	
sti	MAFFT_PT	MAFFT-GINSI	dpa_align	500	81.3	
uce	MAFFT_PT	MAFFT-GINSI	dpa_align	200	68.7	
oxidored_q6	MAFFT	MAFFT-GINSI	dpa_align	100	97.6	
blmb	CLUSTALO	MAFFT-GINSI	dpa_align	100	42.7	
scorptoxin	MAFFT_PT	MAFFT-GINSI	dpa_align	200	92.9	
biotin_lipoyl	MAFFT	MAFFT-GINSI	dpa_align	50	86.7	
ghf13	CLUSTALO	MAFFT-GINSI	dpa_align	50	61.0	
scorptoxin	CLUSTALO	MAFFT-GINSI	dpa_align	1000	88.3	
mmp	MAFFT	MAFFT-GINSI	dpa_align	200	95.1	
peroxidase	MAFFT_PT	MAFFT-GINSI	dpa_align	100	89.6	
glob	CLUSTALO	MAFFT-GINSI	dpa_align	50	91.7	
glob	MAFFT_PT	MAFFT-GINSI	dpa_align	50	95.0	
Rhodanese	CLUSTALO	MAFFT-GINSI	dpa_align	1000	57.3	
oxidored_q6	CLUSTALO	MAFFT-GINSI	dpa_align	100	77.1	
ghf1	MAFFT	MAFFT-GINSI	dpa_align	2000	82.6	
blmb	MAFFT_PT	MAFFT-GINSI	dpa_align	1000	41.6	
flav	CLUSTALO	MAFFT-GINSI	dpa_align	1000	90.7	
cytb	CLUSTALO	MAFFT-GINSI	dpa_align	1000	80.7	
cyclo	CLUSTALO	MAFFT-GINSI	dpa_align	50	86.9	
ricin	MAFFT_PT	MAFFT-GINSI	dpa_align	200	86.1	
ghf10	MAFFT	MAFFT-GINSI	dpa_align	50	84.6	
lyase_1	MAFFT_PT	MAFFT-GINSI	dpa_align	50	78.2	
ChtBD	MAFFT_PT	MAFFT-GINSI	dpa_align	50	84.8	
KAS	MAFFT_PT	MAFFT-GINSI	dpa_align	500	83.1	
ghf1	MAFFT_PT	MAFFT-GINSI	dpa_align	1000	91.5	
aldosered	CLUSTALO	MAFFT-GINSI	dpa_align	100	88.9	
hormone_rec	MAFFT_PT	MAFFT-GINSI	dpa_align	500	76.7	
rhv	MAFFT_PT	MAFFT-GINSI	dpa_align	1000	45.8	
egf	MAFFT_PT	MAFFT-GINSI	dpa_align	50	49.3	
Rhodanese	MAFFT	MAFFT-GINSI	dpa_align	2000	69.2	
rnasemam	CLUSTALO	MAFFT-GINSI	dpa_align	500	93.8	
aat	MAFFT	MAFFT-GINSI	dpa_align	2000	80.2	
rrm	MAFFT_PT	MAFFT-GINSI	dpa_align	2000	76.7	
kunitz	MAFFT	MAFFT-GINSI	dpa_align	2000	95.6	
toxin	MAFFT	MAFFT-GINSI	dpa_align	100	81.9	
ghf11	MAFFT	MAFFT-GINSI	dpa_align	50	86.5	
icd	MAFFT	MAFFT-GINSI	dpa_align	2000	93.3	
phoslip	MAFFT_PT	MAFFT-GINSI	dpa_align	50	88.3	
rvp	MAFFT	MAFFT-GINSI	dpa_align	200	84.6	
profilin	MAFFT	MAFFT-GINSI	dpa_align	200	84.2	
mmp	CLUSTALO	MAFFT-GINSI	dpa_align	200	92.7	
rub	MAFFT	MAFFT-GINSI	dpa_align	2000	99.2	
rvp	CLUSTALO	MAFFT-GINSI	dpa_align	200	77.8	
HLH	MAFFT	MAFFT-GINSI	dpa_align	1000	73.7	
rhv	MAFFT	MAFFT-GINSI	dpa_align	2000	73.0	
cyclo	CLUSTALO	MAFFT-GINSI	dpa_align	1000	90.3	
ghf22	CLUSTALO	MAFFT-GINSI	dpa_align	50	94.8	
mmp	MAFFT_PT	MAFFT-GINSI	dpa_align	500	80.8	
rub	CLUSTALO	MAFFT-GINSI	dpa_align	50	95.3	
GEL	CLUSTALO	MAFFT-GINSI	dpa_align	500	67.7	
subt	MAFFT	MAFFT-GINSI	dpa_align	2000	76.1	
il8	MAFFT_PT	MAFFT-GINSI	dpa_align	50	76.0	
az	MAFFT	MAFFT-GINSI	dpa_align	200	69.9	
bowman	CLUSTALO	MAFFT-GINSI	dpa_align	500	66.3	
Acetyltransf	MAFFT_PT	MAFFT-GINSI	dpa_align	50	46.7	
Rhodanese	CLUSTALO	MAFFT-GINSI	dpa_align	500	61.6	
lyase_1	MAFFT	MAFFT-GINSI	dpa_align	50	71.9	
gpdh	CLUSTALO	MAFFT-GINSI	dpa_align	500	94.3	
biotin_lipoyl	MAFFT	MAFFT-GINSI	dpa_align	2000	92.1	
ltn	MAFFT	MAFFT-GINSI	dpa_align	50	90.2	
kringle	MAFFT_PT	MAFFT-GINSI	dpa_align	500	85.8	
mofe	MAFFT_PT	MAFFT-GINSI	dpa_align	1000	89.1	
scorptoxin	MAFFT_PT	MAFFT-GINSI	dpa_align	1000	88.3	
ghf11	CLUSTALO	MAFFT-GINSI	dpa_align	1000	93.8	
HLH	MAFFT	MAFFT-GINSI	dpa_align	2000	78.8	
cys	CLUSTALO	MAFFT-GINSI	dpa_align	50	85.3	
sti	MAFFT	MAFFT-GINSI	dpa_align	500	82.5	
sti	MAFFT	MAFFT-GINSI	dpa_align	100	84.0	
asp	MAFFT	MAFFT-GINSI	dpa_align	100	85.4	
mofe	MAFFT_PT	MAFFT-GINSI	dpa_align	200	82.5	
ghf5	MAFFT_PT	MAFFT-GINSI	dpa_align	50	47.8	
rub	CLUSTALO	MAFFT-GINSI	dpa_align	500	99.2	
trfl	CLUSTALO	MAFFT-GINSI	dpa_align	50	44.0	
slectin	MAFFT_PT	MAFFT-GINSI	dpa_align	100	93.9	
il8	MAFFT_PT	MAFFT-GINSI	dpa_align	2000	89.2	
zf-CCHH	MAFFT	MAFFT-GINSI	dpa_align	500	67.7	
egf	MAFFT	MAFFT-GINSI	dpa_align	200	67.1	
cys	MAFFT_PT	MAFFT-GINSI	dpa_align	200	76.8	
annexin	MAFFT	MAFFT-GINSI	dpa_align	100	99.3	
proteasome	MAFFT_PT	MAFFT-GINSI	dpa_align	200	84.8	
peroxidase	MAFFT_PT	MAFFT-GINSI	dpa_align	1000	89.8	
ghf5	CLUSTALO	MAFFT-GINSI	dpa_align	50	38.9	
il8	CLUSTALO	MAFFT-GINSI	dpa_align	500	88.7	
cyclo	MAFFT_PT	MAFFT-GINSI	dpa_align	500	68.9	
Rhodanese	MAFFT_PT	MAFFT-GINSI	dpa_align	50	44.8	
asp	MAFFT	MAFFT-GINSI	dpa_align	2000	91.5	
uce	MAFFT	MAFFT-GINSI	dpa_align	100	74.3	
proteasome	CLUSTALO	MAFFT-GINSI	dpa_align	100	87.1	
cytb	CLUSTALO	MAFFT-GINSI	dpa_align	200	74.9	
flav	CLUSTALO	MAFFT-GINSI	dpa_align	200	82.5	
hom	MAFFT	MAFFT-GINSI	dpa_align	50	90.1	
ricin	CLUSTALO	MAFFT-GINSI	dpa_align	2000	85.2	
HMG_box	CLUSTALO	MAFFT-GINSI	dpa_align	200	95.5	
tim	MAFFT	MAFFT-GINSI	dpa_align	50	95.2	
ins	MAFFT_PT	MAFFT-GINSI	dpa_align	1000	93.3	
sodcu	MAFFT_PT	MAFFT-GINSI	dpa_align	50	89.0	
tim	CLUSTALO	MAFFT-GINSI	dpa_align	1000	97.7	
p450	MAFFT	MAFFT-GINSI	dpa_align	500	59.7	
KAS	CLUSTALO	MAFFT-GINSI	dpa_align	500	83.8	
asp	CLUSTALO	MAFFT-GINSI	dpa_align	100	73.5	
ghf11	MAFFT_PT	MAFFT-GINSI	dpa_align	200	84.1	
kunitz	MAFFT	MAFFT-GINSI	dpa_align	1000	93.2	
il8	CLUSTALO	MAFFT-GINSI	dpa_align	1000	86.7	
int	MAFFT	MAFFT-GINSI	dpa_align	1000	76.8	
hormone_rec	MAFFT_PT	MAFFT-GINSI	dpa_align	1000	75.3	
HLH	CLUSTALO	MAFFT-GINSI	dpa_align	50	72.4	
ins	CLUSTALO	MAFFT-GINSI	dpa_align	500	96.1	
tim	MAFFT_PT	MAFFT-GINSI	dpa_align	200	94.6	
phc	MAFFT_PT	MAFFT-GINSI	dpa_align	100	95.9	
cytb	MAFFT	MAFFT-GINSI	dpa_align	50	76.5	
hormone_rec	MAFFT	MAFFT-GINSI	dpa_align	2000	75.6	
biotin_lipoyl	CLUSTALO	MAFFT-GINSI	dpa_align	100	92.8	
sti	CLUSTALO	MAFFT-GINSI	dpa_align	1000	83.0	
DEATH	CLUSTALO	MAFFT-GINSI	dpa_align	100	74.4	
blmb	CLUSTALO	MAFFT-GINSI	dpa_align	2000	51.1	
PDZ	CLUSTALO	MAFFT-GINSI	dpa_align	1000	75.8	
zf-CCHH	MAFFT	MAFFT-GINSI	dpa_align	200	58.9	
ace	MAFFT_PT	MAFFT-GINSI	dpa_align	2000	74.1	
sdr	MAFFT_PT	MAFFT-GINSI	dpa_align	500	75.3	
myb_DNA-binding	MAFFT	MAFFT-GINSI	dpa_align	200	76.6	
rvp	CLUSTALO	MAFFT-GINSI	dpa_align	1000	87.0	
bowman	CLUSTALO	MAFFT-GINSI	dpa_align	100	92.7	
peroxidase	MAFFT	MAFFT-GINSI	dpa_align	50	82.0	
aldosered	MAFFT	MAFFT-GINSI	dpa_align	2000	87.5	
ghf10	CLUSTALO	MAFFT-GINSI	dpa_align	50	92.1	
cah	MAFFT_PT	MAFFT-GINSI	dpa_align	500	83.2	
hla	CLUSTALO	MAFFT-GINSI	dpa_align	500	99.8	
tRNA-synt_2b	CLUSTALO	MAFFT-GINSI	dpa_align	500	57.3	
icd	MAFFT_PT	MAFFT-GINSI	dpa_align	2000	93.2	
icd	MAFFT_PT	MAFFT-GINSI	dpa_align	500	92.4	
p450	MAFFT_PT	MAFFT-GINSI	dpa_align	50	43.9	
Acetyltransf	CLUSTALO	MAFFT-GINSI	dpa_align	200	51.9	
ldh	MAFFT	MAFFT-GINSI	dpa_align	2000	81.4	
aldosered	MAFFT	MAFFT-GINSI	dpa_align	50	80.3	
annexin	MAFFT_PT	MAFFT-GINSI	dpa_align	2000	84.3	
glob	CLUSTALO	MAFFT-GINSI	dpa_align	2000	93.7	
ghf11	MAFFT	MAFFT-GINSI	dpa_align	500	93.3	
tms	MAFFT_PT	MAFFT-GINSI	dpa_align	2000	95.2	
tgfb	CLUSTALO	MAFFT-GINSI	dpa_align	50	90.1	
ltn	MAFFT	MAFFT-GINSI	dpa_align	100	92.6	
TNF	MAFFT_PT	MAFFT-GINSI	dpa_align	50	82.0	
trfl	MAFFT_PT	MAFFT-GINSI	dpa_align	1000	55.1	
serpin	MAFFT	MAFFT-GINSI	dpa_align	100	94.9	
sodfe	MAFFT	MAFFT-GINSI	dpa_align	100	87.0	
p450	MAFFT	MAFFT-GINSI	dpa_align	1000	61.0	
Stap_Strp_toxin	MAFFT_PT	MAFFT-GINSI	dpa_align	50	78.6	
cah	MAFFT	MAFFT-GINSI	dpa_align	1000	87.0	
sti	MAFFT	MAFFT-GINSI	dpa_align	2000	83.0	
tgfb	MAFFT_PT	MAFFT-GINSI	dpa_align	100	91.4	
phc	MAFFT	MAFFT-GINSI	dpa_align	2000	96.3	
Stap_Strp_toxin	MAFFT	MAFFT-GINSI	dpa_align	100	79.7	
msb	MAFFT	MAFFT-GINSI	dpa_align	500	78.9	
HLH	MAFFT_PT	MAFFT-GINSI	dpa_align	2000	80.1	
Ald_Xan_dh_2	CLUSTALO	MAFFT-GINSI	dpa_align	500	85.7	
hip	MAFFT_PT	MAFFT-GINSI	dpa_align	200	88.4	
lyase_1	MAFFT_PT	MAFFT-GINSI	dpa_align	2000	77.4	
ace	CLUSTALO	MAFFT-GINSI	dpa_align	200	81.8	
ace	MAFFT_PT	MAFFT-GINSI	dpa_align	1000	76.2	
kringle	MAFFT_PT	MAFFT-GINSI	dpa_align	100	82.9	
PDZ	MAFFT	MAFFT-GINSI	dpa_align	100	68.5	
rnasemam	MAFFT_PT	MAFFT-GINSI	dpa_align	50	79.5	
DMRL_synthase	MAFFT	MAFFT-GINSI	dpa_align	1000	91.5	
sodcu	MAFFT_PT	MAFFT-GINSI	dpa_align	100	90.9	
myb_DNA-binding	MAFFT	MAFFT-GINSI	dpa_align	1000	87.4	
aadh	MAFFT	MAFFT-GINSI	dpa_align	50	80.4	
rrm	MAFFT	MAFFT-GINSI	dpa_align	500	64.6	
ghf22	MAFFT	MAFFT-GINSI	dpa_align	200	95.6	
zf-CCHH	CLUSTALO	MAFFT-GINSI	dpa_align	100	79.5	
rhv	CLUSTALO	MAFFT-GINSI	dpa_align	50	80.9	
gluts	CLUSTALO	MAFFT-GINSI	dpa_align	1000	81.1	
blm	CLUSTALO	MAFFT-GINSI	dpa_align	500	97.1	
TNF	MAFFT	MAFFT-GINSI	dpa_align	200	86.0	
lyase_1	MAFFT_PT	MAFFT-GINSI	dpa_align	1000	81.1	
int	MAFFT_PT	MAFFT-GINSI	dpa_align	200	39.5	
kringle	CLUSTALO	MAFFT-GINSI	dpa_align	2000	96.5	
slectin	MAFFT_PT	MAFFT-GINSI	dpa_align	1000	94.9	
blmb	MAFFT	MAFFT-GINSI	dpa_align	1000	72.1	
DMRL_synthase	MAFFT_PT	MAFFT-GINSI	dpa_align	1000	91.5	
serpin	MAFFT	MAFFT-GINSI	dpa_align	1000	95.5	
ghf1	MAFFT	MAFFT-GINSI	dpa_align	100	76.9	
ricin	MAFFT_PT	MAFFT-GINSI	dpa_align	50	84.6	
cryst	CLUSTALO	MAFFT-GINSI	dpa_align	200	54.2	
flav	MAFFT	MAFFT-GINSI	dpa_align	500	87.8	
phc	MAFFT_PT	MAFFT-GINSI	dpa_align	2000	96.3	
icd	CLUSTALO	MAFFT-GINSI	dpa_align	50	91.0	
sti	CLUSTALO	MAFFT-GINSI	dpa_align	50	78.5	
hip	MAFFT	MAFFT-GINSI	dpa_align	200	88.4	
hpr	MAFFT	MAFFT-GINSI	dpa_align	1000	97.7	
hip	CLUSTALO	MAFFT-GINSI	dpa_align	2000	88.4	
az	CLUSTALO	MAFFT-GINSI	dpa_align	100	69.3	
cyclo	CLUSTALO	MAFFT-GINSI	dpa_align	2000	91.3	
ricin	MAFFT	MAFFT-GINSI	dpa_align	50	83.6	
GEL	MAFFT_PT	MAFFT-GINSI	dpa_align	100	68.6	
cyt3	MAFFT	MAFFT-GINSI	dpa_align	2000	85.4	
cys	MAFFT	MAFFT-GINSI	dpa_align	2000	91.8	
gluts	CLUSTALO	MAFFT-GINSI	dpa_align	500	84.3	
rrm	MAFFT	MAFFT-GINSI	dpa_align	50	61.2	
cyt3	MAFFT_PT	MAFFT-GINSI	dpa_align	500	87.4	
sdr	CLUSTALO	MAFFT-GINSI	dpa_align	100	66.1	
ghf10	CLUSTALO	MAFFT-GINSI	dpa_align	1000	91.5	
GEL	MAFFT_PT	MAFFT-GINSI	dpa_align	50	67.5	
egf	CLUSTALO	MAFFT-GINSI	dpa_align	50	55.5	
gluts	MAFFT_PT	MAFFT-GINSI	dpa_align	200	91.6	
asp	CLUSTALO	MAFFT-GINSI	dpa_align	200	71.7	
gpdh	CLUSTALO	MAFFT-GINSI	dpa_align	1000	94.5	
mmp	MAFFT_PT	MAFFT-GINSI	dpa_align	200	95.0	
myb_DNA-binding	MAFFT	MAFFT-GINSI	dpa_align	100	77.4	
egf	MAFFT_PT	MAFFT-GINSI	dpa_align	200	61.9	
hip	CLUSTALO	MAFFT-GINSI	dpa_align	50	83.5	
flav	MAFFT_PT	MAFFT-GINSI	dpa_align	1000	89.1	
ltn	CLUSTALO	MAFFT-GINSI	dpa_align	500	93.3	
hip	MAFFT	MAFFT-GINSI	dpa_align	50	86.3	
p450	MAFFT_PT	MAFFT-GINSI	dpa_align	2000	54.6	
hr	CLUSTALO	MAFFT-GINSI	dpa_align	2000	99.6	
gpdh	MAFFT	MAFFT-GINSI	dpa_align	500	93.9	
HMG_box	MAFFT_PT	MAFFT-GINSI	dpa_align	100	83.3	
il8	CLUSTALO	MAFFT-GINSI	dpa_align	50	86.5	
cryst	MAFFT	MAFFT-GINSI	dpa_align	2000	90.0	
KAS	CLUSTALO	MAFFT-GINSI	dpa_align	100	82.7	
subt	MAFFT_PT	MAFFT-GINSI	dpa_align	200	51.7	
ghf13	MAFFT	MAFFT-GINSI	dpa_align	500	65.5	
rvp	MAFFT_PT	MAFFT-GINSI	dpa_align	2000	83.8	
rrm	CLUSTALO	MAFFT-GINSI	dpa_align	1000	78.0	
peroxidase	MAFFT_PT	MAFFT-GINSI	dpa_align	200	90.2	
phoslip	CLUSTALO	MAFFT-GINSI	dpa_align	2000	94.4	
ldh	MAFFT_PT	MAFFT-GINSI	dpa_align	50	86.0	
seatoxin	MAFFT	MAFFT-GINSI	dpa_align	100	81.2	
OTCace	CLUSTALO	MAFFT-GINSI	dpa_align	500	92.8	
ltn	MAFFT_PT	MAFFT-GINSI	dpa_align	1000	93.3	
sodfe	CLUSTALO	MAFFT-GINSI	dpa_align	2000	90.2	
DEATH	MAFFT	MAFFT-GINSI	dpa_align	200	71.7	
bowman	MAFFT_PT	MAFFT-GINSI	dpa_align	1000	66.3	
cyt3	MAFFT	MAFFT-GINSI	dpa_align	100	76.0	
phoslip	CLUSTALO	MAFFT-GINSI	dpa_align	100	93.7	
bowman	MAFFT_PT	MAFFT-GINSI	dpa_align	2000	66.3	
GEL	MAFFT	MAFFT-GINSI	dpa_align	200	67.5	
oxidored_q6	MAFFT	MAFFT-GINSI	dpa_align	50	97.8	
Ald_Xan_dh_2	MAFFT	MAFFT-GINSI	dpa_align	500	85.2	
subt	CLUSTALO	MAFFT-GINSI	dpa_align	500	77.3	
int	CLUSTALO	MAFFT-GINSI	dpa_align	200	72.7	
serpin	CLUSTALO	MAFFT-GINSI	dpa_align	500	94.2	
aat	MAFFT_PT	MAFFT-GINSI	dpa_align	1000	68.2	
mmp	MAFFT_PT	MAFFT-GINSI	dpa_align	1000	95.6	
ChtBD	MAFFT	MAFFT-GINSI	dpa_align	200	97.8	
ace	MAFFT	MAFFT-GINSI	dpa_align	50	71.0	
glob	MAFFT_PT	MAFFT-GINSI	dpa_align	2000	95.8	
mofe	MAFFT_PT	MAFFT-GINSI	dpa_align	500	84.7	
ghf10	MAFFT	MAFFT-GINSI	dpa_align	200	91.9	
slectin	MAFFT	MAFFT-GINSI	dpa_align	2000	94.8	
lyase_1	MAFFT_PT	MAFFT-GINSI	dpa_align	200	82.4	
cys	MAFFT	MAFFT-GINSI	dpa_align	200	91.3	
mofe	MAFFT_PT	MAFFT-GINSI	dpa_align	50	80.2	
rrm	MAFFT	MAFFT-GINSI	dpa_align	100	64.8	
sti	MAFFT	MAFFT-GINSI	dpa_align	1000	83.0	
cyclo	MAFFT	MAFFT-GINSI	dpa_align	500	86.8	
bowman	CLUSTALO	MAFFT-GINSI	dpa_align	50	89.2	
annexin	MAFFT	MAFFT-GINSI	dpa_align	50	99.3	
aldosered	CLUSTALO	MAFFT-GINSI	dpa_align	2000	89.3	
cytb	MAFFT	MAFFT-GINSI	dpa_align	200	75.4	
cyclo	CLUSTALO	MAFFT-GINSI	dpa_align	200	89.1	
ace	MAFFT	MAFFT-GINSI	dpa_align	100	73.1	
oxidored_q6	MAFFT_PT	MAFFT-GINSI	dpa_align	100	97.6	
cytb	MAFFT_PT	MAFFT-GINSI	dpa_align	500	67.4	
ltn	CLUSTALO	MAFFT-GINSI	dpa_align	1000	94.4	
gpdh	MAFFT_PT	MAFFT-GINSI	dpa_align	1000	95.2	
TNF	CLUSTALO	MAFFT-GINSI	dpa_align	50	84.7	
KAS	MAFFT	MAFFT-GINSI	dpa_align	100	84.4	
ghf10	CLUSTALO	MAFFT-GINSI	dpa_align	500	93.0	
peroxidase	MAFFT	MAFFT-GINSI	dpa_align	100	73.5	
ChtBD	CLUSTALO	MAFFT-GINSI	dpa_align	1000	96.9	
cys	CLUSTALO	MAFFT-GINSI	dpa_align	500	92.0	
biotin_lipoyl	CLUSTALO	MAFFT-GINSI	dpa_align	50	93.5	
tRNA-synt_2b	CLUSTALO	MAFFT-GINSI	dpa_align	100	57.9	
hom	MAFFT	MAFFT-GINSI	dpa_align	200	91.4	
hip	CLUSTALO	MAFFT-GINSI	dpa_align	200	88.4	
ins	MAFFT	MAFFT-GINSI	dpa_align	500	95.1	
cys	MAFFT	MAFFT-GINSI	dpa_align	500	87.6	
gpdh	MAFFT	MAFFT-GINSI	dpa_align	1000	94.9	
peroxidase	MAFFT	MAFFT-GINSI	dpa_align	200	90.3	
ghf11	CLUSTALO	MAFFT-GINSI	dpa_align	500	93.2	
ghf13	CLUSTALO	MAFFT-GINSI	dpa_align	500	64.2	
phc	CLUSTALO	MAFFT-GINSI	dpa_align	500	97.7	
int	MAFFT_PT	MAFFT-GINSI	dpa_align	2000	56.6	
tms	MAFFT_PT	MAFFT-GINSI	dpa_align	100	91.7	
phoslip	MAFFT	MAFFT-GINSI	dpa_align	2000	94.4	
HMG_box	MAFFT	MAFFT-GINSI	dpa_align	100	83.7	
blm	MAFFT	MAFFT-GINSI	dpa_align	100	77.2	
kunitz	MAFFT_PT	MAFFT-GINSI	dpa_align	100	75.3	
egf	CLUSTALO	MAFFT-GINSI	dpa_align	500	70.5	
ltn	MAFFT	MAFFT-GINSI	dpa_align	200	93.4	
scorptoxin	MAFFT	MAFFT-GINSI	dpa_align	500	88.3	
blmb	CLUSTALO	MAFFT-GINSI	dpa_align	500	52.3	
ghf10	MAFFT	MAFFT-GINSI	dpa_align	100	90.0	
ghf1	CLUSTALO	MAFFT-GINSI	dpa_align	200	90.9	
kunitz	MAFFT	MAFFT-GINSI	dpa_align	500	90.5	
LIM	MAFFT	MAFFT-GINSI	dpa_align	100	97.7	
rhv	MAFFT_PT	MAFFT-GINSI	dpa_align	500	38.9	
ghf13	MAFFT_PT	MAFFT-GINSI	dpa_align	50	66.0	
p450	CLUSTALO	MAFFT-GINSI	dpa_align	50	67.2	
toxin	MAFFT	MAFFT-GINSI	dpa_align	1000	90.6	
zf-CCHH	MAFFT_PT	MAFFT-GINSI	dpa_align	1000	79.7	
toxin	CLUSTALO	MAFFT-GINSI	dpa_align	200	91.0	
PDZ	MAFFT_PT	MAFFT-GINSI	dpa_align	100	57.8	
ldh	MAFFT	MAFFT-GINSI	dpa_align	50	78.6	
tms	MAFFT	MAFFT-GINSI	dpa_align	100	92.8	
gluts	MAFFT	MAFFT-GINSI	dpa_align	200	84.5	
ChtBD	CLUSTALO	MAFFT-GINSI	dpa_align	100	94.9	
rnasemam	CLUSTALO	MAFFT-GINSI	dpa_align	200	92.7	
aat	CLUSTALO	MAFFT-GINSI	dpa_align	500	83.4	
cryst	MAFFT_PT	MAFFT-GINSI	dpa_align	100	33.6	
ghf5	MAFFT_PT	MAFFT-GINSI	dpa_align	100	44.9	
hom	MAFFT	MAFFT-GINSI	dpa_align	100	90.0	
PDZ	MAFFT_PT	MAFFT-GINSI	dpa_align	200	59.1	
oxidored_q6	MAFFT_PT	MAFFT-GINSI	dpa_align	200	97.4	
ldh	CLUSTALO	MAFFT-GINSI	dpa_align	500	89.9	
aadh	CLUSTALO	MAFFT-GINSI	dpa_align	100	84.4	
rvp	MAFFT	MAFFT-GINSI	dpa_align	2000	81.5	
phc	MAFFT	MAFFT-GINSI	dpa_align	1000	96.5	
ghf1	MAFFT_PT	MAFFT-GINSI	dpa_align	2000	92.5	
az	MAFFT	MAFFT-GINSI	dpa_align	2000	75.1	
rnasemam	CLUSTALO	MAFFT-GINSI	dpa_align	2000	93.8	
cys	CLUSTALO	MAFFT-GINSI	dpa_align	200	89.8	
glob	MAFFT	MAFFT-GINSI	dpa_align	1000	96.0	
tRNA-synt_2b	MAFFT	MAFFT-GINSI	dpa_align	100	52.7	
p450	CLUSTALO	MAFFT-GINSI	dpa_align	1000	69.7	
TNF	CLUSTALO	MAFFT-GINSI	dpa_align	100	79.6	
sodfe	MAFFT	MAFFT-GINSI	dpa_align	1000	73.9	
lyase_1	MAFFT	MAFFT-GINSI	dpa_align	2000	74.2	
proteasome	CLUSTALO	MAFFT-GINSI	dpa_align	200	86.3	
p450	MAFFT	MAFFT-GINSI	dpa_align	2000	54.9	
cah	MAFFT_PT	MAFFT-GINSI	dpa_align	1000	89.0	
ghf1	MAFFT_PT	MAFFT-GINSI	dpa_align	200	87.9	
annexin	MAFFT	MAFFT-GINSI	dpa_align	200	99.3	
HMG_box	MAFFT_PT	MAFFT-GINSI	dpa_align	500	94.8	
kringle	CLUSTALO	MAFFT-GINSI	dpa_align	500	93.0	
aat	MAFFT_PT	MAFFT-GINSI	dpa_align	2000	68.7	
OTCace	MAFFT_PT	MAFFT-GINSI	dpa_align	1000	94.6	
TNF	MAFFT_PT	MAFFT-GINSI	dpa_align	2000	85.7	
myb_DNA-binding	CLUSTALO	MAFFT-GINSI	dpa_align	100	74.9	
rub	CLUSTALO	MAFFT-GINSI	dpa_align	200	95.3	
Sulfotransfer	MAFFT	MAFFT-GINSI	dpa_align	1000	69.9	
toxin	CLUSTALO	MAFFT-GINSI	dpa_align	2000	90.6	
aat	MAFFT	MAFFT-GINSI	dpa_align	500	84.7	
gpdh	CLUSTALO	MAFFT-GINSI	dpa_align	100	94.9	
mofe	MAFFT_PT	MAFFT-GINSI	dpa_align	2000	87.7	
trfl	MAFFT	MAFFT-GINSI	dpa_align	1000	55.1	
ghf5	MAFFT_PT	MAFFT-GINSI	dpa_align	500	53.5	
ChtBD	MAFFT_PT	MAFFT-GINSI	dpa_align	500	95.9	
Stap_Strp_toxin	CLUSTALO	MAFFT-GINSI	dpa_align	1000	80.6	
cryst	MAFFT	MAFFT-GINSI	dpa_align	1000	89.8	
tRNA-synt_2b	CLUSTALO	MAFFT-GINSI	dpa_align	50	58.0	
cah	MAFFT_PT	MAFFT-GINSI	dpa_align	2000	90.2	
mmp	MAFFT	MAFFT-GINSI	dpa_align	100	96.1	
seatoxin	MAFFT_PT	MAFFT-GINSI	dpa_align	50	79.9	
il8	MAFFT	MAFFT-GINSI	dpa_align	2000	89.2	
ChtBD	MAFFT	MAFFT-GINSI	dpa_align	50	95.7	
DEATH	MAFFT_PT	MAFFT-GINSI	dpa_align	50	68.1	
TNF	MAFFT	MAFFT-GINSI	dpa_align	2000	85.7	
cytb	MAFFT	MAFFT-GINSI	dpa_align	500	85.6	
adh	MAFFT	MAFFT-GINSI	dpa_align	200	99.5	
oxidored_q6	MAFFT_PT	MAFFT-GINSI	dpa_align	500	98.0	
ricin	MAFFT_PT	MAFFT-GINSI	dpa_align	100	90.0	
peroxidase	CLUSTALO	MAFFT-GINSI	dpa_align	2000	88.8	
slectin	CLUSTALO	MAFFT-GINSI	dpa_align	200	86.5	
serpin	MAFFT_PT	MAFFT-GINSI	dpa_align	2000	95.2	
sodfe	MAFFT	MAFFT-GINSI	dpa_align	2000	90.7	
Ald_Xan_dh_2	MAFFT	MAFFT-GINSI	dpa_align	100	83.0	
TNF	CLUSTALO	MAFFT-GINSI	dpa_align	2000	85.7	
peroxidase	MAFFT_PT	MAFFT-GINSI	dpa_align	50	86.2	
tim	MAFFT	MAFFT-GINSI	dpa_align	200	95.9	
cah	CLUSTALO	MAFFT-GINSI	dpa_align	2000	90.4	
kringle	CLUSTALO	MAFFT-GINSI	dpa_align	1000	96.5	
trfl	MAFFT	MAFFT-GINSI	dpa_align	2000	55.1	
ChtBD	CLUSTALO	MAFFT-GINSI	dpa_align	50	97.3	
ghf5	MAFFT	MAFFT-GINSI	dpa_align	200	57.4	
GEL	CLUSTALO	MAFFT-GINSI	dpa_align	200	62.3	
ghf13	CLUSTALO	MAFFT-GINSI	dpa_align	2000	63.3	
ghf1	MAFFT_PT	MAFFT-GINSI	dpa_align	500	89.9	
sodfe	MAFFT_PT	MAFFT-GINSI	dpa_align	500	66.6	
gpdh	MAFFT_PT	MAFFT-GINSI	dpa_align	100	95.0	
peroxidase	MAFFT_PT	MAFFT-GINSI	dpa_align	2000	89.9	
ricin	MAFFT	MAFFT-GINSI	dpa_align	2000	85.1	
ace	MAFFT_PT	MAFFT-GINSI	dpa_align	100	71.7	
adh	MAFFT_PT	MAFFT-GINSI	dpa_align	1000	98.5	
Stap_Strp_toxin	CLUSTALO	MAFFT-GINSI	dpa_align	200	79.9	
gluts	CLUSTALO	MAFFT-GINSI	dpa_align	2000	84.7	
Rhodanese	MAFFT_PT	MAFFT-GINSI	dpa_align	200	69.5	
sdr	MAFFT_PT	MAFFT-GINSI	dpa_align	1000	75.0	
msb	CLUSTALO	MAFFT-GINSI	dpa_align	1000	84.2	
DMRL_synthase	CLUSTALO	MAFFT-GINSI	dpa_align	2000	91.7	
sti	CLUSTALO	MAFFT-GINSI	dpa_align	500	83.6	
proteasome	MAFFT	MAFFT-GINSI	dpa_align	2000	85.4	
blm	CLUSTALO	MAFFT-GINSI	dpa_align	1000	97.5	
tRNA-synt_2b	MAFFT	MAFFT-GINSI	dpa_align	500	58.0	
phoslip	MAFFT_PT	MAFFT-GINSI	dpa_align	100	81.7	
profilin	MAFFT_PT	MAFFT-GINSI	dpa_align	50	83.8	
cyclo	MAFFT_PT	MAFFT-GINSI	dpa_align	1000	73.9	
cyclo	MAFFT_PT	MAFFT-GINSI	dpa_align	50	57.7	
hom	CLUSTALO	MAFFT-GINSI	dpa_align	50	89.0	
ghf13	CLUSTALO	MAFFT-GINSI	dpa_align	100	58.8	
LIM	MAFFT_PT	MAFFT-GINSI	dpa_align	1000	88.1	
Stap_Strp_toxin	CLUSTALO	MAFFT-GINSI	dpa_align	500	80.6	
aldosered	MAFFT	MAFFT-GINSI	dpa_align	200	85.7	
glob	MAFFT	MAFFT-GINSI	dpa_align	200	90.9	
profilin	MAFFT_PT	MAFFT-GINSI	dpa_align	200	83.4	
aadh	MAFFT_PT	MAFFT-GINSI	dpa_align	50	85.4	
zf-CCHH	MAFFT	MAFFT-GINSI	dpa_align	1000	59.9	
aadh	MAFFT	MAFFT-GINSI	dpa_align	1000	85.4	
rub	CLUSTALO	MAFFT-GINSI	dpa_align	1000	99.2	
tms	MAFFT_PT	MAFFT-GINSI	dpa_align	500	95.9	
cah	CLUSTALO	MAFFT-GINSI	dpa_align	200	84.2	
profilin	MAFFT	MAFFT-GINSI	dpa_align	50	83.4	
tgfb	CLUSTALO	MAFFT-GINSI	dpa_align	1000	92.4	
ghf5	MAFFT	MAFFT-GINSI	dpa_align	1000	69.2	
myb_DNA-binding	CLUSTALO	MAFFT-GINSI	dpa_align	200	79.6	
asp	CLUSTALO	MAFFT-GINSI	dpa_align	1000	78.7	
annexin	CLUSTALO	MAFFT-GINSI	dpa_align	500	74.7	
ins	CLUSTALO	MAFFT-GINSI	dpa_align	50	89.7	
cys	MAFFT_PT	MAFFT-GINSI	dpa_align	1000	83.7	
rub	MAFFT_PT	MAFFT-GINSI	dpa_align	500	99.2	
msb	MAFFT	MAFFT-GINSI	dpa_align	100	74.7	
ltn	MAFFT_PT	MAFFT-GINSI	dpa_align	200	81.8	
rnasemam	CLUSTALO	MAFFT-GINSI	dpa_align	50	94.4	
tgfb	MAFFT	MAFFT-GINSI	dpa_align	1000	92.2	
msb	MAFFT_PT	MAFFT-GINSI	dpa_align	1000	78.1	
flav	MAFFT_PT	MAFFT-GINSI	dpa_align	200	86.7	
rhv	CLUSTALO	MAFFT-GINSI	dpa_align	200	56.3	
mmp	MAFFT_PT	MAFFT-GINSI	dpa_align	100	80.3	
aat	MAFFT	MAFFT-GINSI	dpa_align	100	73.2	
zf-CCHH	MAFFT_PT	MAFFT-GINSI	dpa_align	50	75.1	
icd	MAFFT_PT	MAFFT-GINSI	dpa_align	1000	92.1	
uce	MAFFT	MAFFT-GINSI	dpa_align	1000	87.1	
gluts	MAFFT_PT	MAFFT-GINSI	dpa_align	1000	93.0	
rrm	CLUSTALO	MAFFT-GINSI	dpa_align	500	76.3	
Acetyltransf	MAFFT_PT	MAFFT-GINSI	dpa_align	500	48.4	
cys	MAFFT	MAFFT-GINSI	dpa_align	50	84.9	
icd	MAFFT	MAFFT-GINSI	dpa_align	1000	93.3	
egf	MAFFT_PT	MAFFT-GINSI	dpa_align	100	57.4	
annexin	CLUSTALO	MAFFT-GINSI	dpa_align	200	84.5	
sodcu	MAFFT	MAFFT-GINSI	dpa_align	2000	92.7	
hpr	MAFFT	MAFFT-GINSI	dpa_align	200	96.6	
gluts	MAFFT_PT	MAFFT-GINSI	dpa_align	2000	90.8	
LIM	CLUSTALO	MAFFT-GINSI	dpa_align	1000	97.7	
KAS	MAFFT	MAFFT-GINSI	dpa_align	2000	72.2	
hpr	MAFFT_PT	MAFFT-GINSI	dpa_align	100	93.8	
blm	MAFFT	MAFFT-GINSI	dpa_align	50	75.6	
uce	MAFFT_PT	MAFFT-GINSI	dpa_align	100	69.3	
hpr	CLUSTALO	MAFFT-GINSI	dpa_align	1000	97.1	
phoslip	MAFFT	MAFFT-GINSI	dpa_align	500	95.9	
int	MAFFT	MAFFT-GINSI	dpa_align	50	36.5	
sti	MAFFT	MAFFT-GINSI	dpa_align	50	79.7	
gluts	MAFFT	MAFFT-GINSI	dpa_align	500	87.5	
msb	MAFFT_PT	MAFFT-GINSI	dpa_align	200	67.7	
rnasemam	MAFFT_PT	MAFFT-GINSI	dpa_align	2000	93.8	
blm	MAFFT	MAFFT-GINSI	dpa_align	500	83.0	
rub	MAFFT_PT	MAFFT-GINSI	dpa_align	2000	98.0	
blmb	MAFFT	MAFFT-GINSI	dpa_align	100	58.5	
Acetyltransf	MAFFT	MAFFT-GINSI	dpa_align	100	55.6	
ghf10	CLUSTALO	MAFFT-GINSI	dpa_align	100	90.3	
subt	MAFFT_PT	MAFFT-GINSI	dpa_align	50	43.1	
ghf13	MAFFT	MAFFT-GINSI	dpa_align	100	69.2	
sodcu	CLUSTALO	MAFFT-GINSI	dpa_align	50	89.4	
oxidored_q6	CLUSTALO	MAFFT-GINSI	dpa_align	50	76.4	
ghf5	CLUSTALO	MAFFT-GINSI	dpa_align	2000	65.5	
ltn	MAFFT_PT	MAFFT-GINSI	dpa_align	500	90.5	
Rhodanese	MAFFT	MAFFT-GINSI	dpa_align	1000	70.0	
int	CLUSTALO	MAFFT-GINSI	dpa_align	1000	82.1	
biotin_lipoyl	MAFFT_PT	MAFFT-GINSI	dpa_align	2000	94.4	
Ald_Xan_dh_2	MAFFT	MAFFT-GINSI	dpa_align	1000	84.5	
hla	CLUSTALO	MAFFT-GINSI	dpa_align	200	99.8	
HLH	CLUSTALO	MAFFT-GINSI	dpa_align	500	76.1	
rub	MAFFT_PT	MAFFT-GINSI	dpa_align	100	99.2	
glob	MAFFT_PT	MAFFT-GINSI	dpa_align	200	85.6	
mofe	CLUSTALO	MAFFT-GINSI	dpa_align	100	89.6	
sodfe	CLUSTALO	MAFFT-GINSI	dpa_align	50	86.8	
DMRL_synthase	MAFFT_PT	MAFFT-GINSI	dpa_align	500	92.7	
profilin	MAFFT	MAFFT-GINSI	dpa_align	1000	91.0	
tgfb	CLUSTALO	MAFFT-GINSI	dpa_align	200	90.9	
PDZ	CLUSTALO	MAFFT-GINSI	dpa_align	50	72.6	
tRNA-synt_2b	CLUSTALO	MAFFT-GINSI	dpa_align	200	59.3	
uce	MAFFT_PT	MAFFT-GINSI	dpa_align	1000	76.9	
hpr	CLUSTALO	MAFFT-GINSI	dpa_align	200	92.0	
LIM	CLUSTALO	MAFFT-GINSI	dpa_align	2000	97.7	
asp	MAFFT	MAFFT-GINSI	dpa_align	500	90.9	
phoslip	CLUSTALO	MAFFT-GINSI	dpa_align	1000	94.4	
hr	CLUSTALO	MAFFT-GINSI	dpa_align	1000	99.6	
sdr	MAFFT	MAFFT-GINSI	dpa_align	2000	51.4	
ltn	MAFFT	MAFFT-GINSI	dpa_align	1000	94.3	
hpr	CLUSTALO	MAFFT-GINSI	dpa_align	500	96.4	
egf	MAFFT	MAFFT-GINSI	dpa_align	500	68.7	
rhv	MAFFT	MAFFT-GINSI	dpa_align	1000	79.4	
toxin	MAFFT_PT	MAFFT-GINSI	dpa_align	50	84.6	
toxin	MAFFT_PT	MAFFT-GINSI	dpa_align	500	90.6	
p450	MAFFT_PT	MAFFT-GINSI	dpa_align	500	46.5	
cyclo	CLUSTALO	MAFFT-GINSI	dpa_align	500	89.8	
LIM	CLUSTALO	MAFFT-GINSI	dpa_align	200	97.7	
PDZ	MAFFT	MAFFT-GINSI	dpa_align	500	74.7	
blm	MAFFT_PT	MAFFT-GINSI	dpa_align	1000	36.3	
ldh	MAFFT	MAFFT-GINSI	dpa_align	100	81.7	
ins	MAFFT	MAFFT-GINSI	dpa_align	1000	93.3	
HMG_box	CLUSTALO	MAFFT-GINSI	dpa_align	1000	96.9	
HMG_box	MAFFT_PT	MAFFT-GINSI	dpa_align	1000	94.1	
zf-CCHH	CLUSTALO	MAFFT-GINSI	dpa_align	1000	88.5	
tms	MAFFT	MAFFT-GINSI	dpa_align	1000	95.4	
mmp	MAFFT	MAFFT-GINSI	dpa_align	2000	97.4	
aldosered	MAFFT	MAFFT-GINSI	dpa_align	500	86.1	
ace	MAFFT	MAFFT-GINSI	dpa_align	500	77.4	
ghf13	CLUSTALO	MAFFT-GINSI	dpa_align	1000	62.5	
cytb	MAFFT	MAFFT-GINSI	dpa_align	2000	82.4	
lyase_1	MAFFT_PT	MAFFT-GINSI	dpa_align	500	86.0	
blm	MAFFT_PT	MAFFT-GINSI	dpa_align	2000	75.4	
biotin_lipoyl	MAFFT_PT	MAFFT-GINSI	dpa_align	1000	92.9	
HMG_box	MAFFT	MAFFT-GINSI	dpa_align	500	89.8	
OTCace	CLUSTALO	MAFFT-GINSI	dpa_align	1000	92.7	
sdr	CLUSTALO	MAFFT-GINSI	dpa_align	1000	74.9	
mofe	CLUSTALO	MAFFT-GINSI	dpa_align	500	87.7	
subt	MAFFT	MAFFT-GINSI	dpa_align	100	65.5	
lyase_1	CLUSTALO	MAFFT-GINSI	dpa_align	1000	76.4	
ghf10	MAFFT	MAFFT-GINSI	dpa_align	500	88.8	
HMG_box	CLUSTALO	MAFFT-GINSI	dpa_align	50	88.2	
ghf5	CLUSTALO	MAFFT-GINSI	dpa_align	100	33.3	
ghf5	MAFFT	MAFFT-GINSI	dpa_align	500	66.0	
ghf10	MAFFT	MAFFT-GINSI	dpa_align	2000	94.7	
gpdh	MAFFT	MAFFT-GINSI	dpa_align	50	94.6	
flav	CLUSTALO	MAFFT-GINSI	dpa_align	2000	91.5	
HLH	MAFFT	MAFFT-GINSI	dpa_align	50	74.0	
msb	MAFFT_PT	MAFFT-GINSI	dpa_align	500	71.7	
kunitz	CLUSTALO	MAFFT-GINSI	dpa_align	50	77.5	
proteasome	MAFFT	MAFFT-GINSI	dpa_align	100	83.4	
rrm	CLUSTALO	MAFFT-GINSI	dpa_align	50	69.5	
mmp	MAFFT_PT	MAFFT-GINSI	dpa_align	50	91.8	
icd	CLUSTALO	MAFFT-GINSI	dpa_align	1000	92.2	
icd	MAFFT	MAFFT-GINSI	dpa_align	50	89.8	
asp	CLUSTALO	MAFFT-GINSI	dpa_align	50	63.2	
cyclo	CLUSTALO	MAFFT-GINSI	dpa_align	100	88.4	
profilin	MAFFT	MAFFT-GINSI	dpa_align	500	91.0	
GEL	MAFFT_PT	MAFFT-GINSI	dpa_align	200	64.6	
lyase_1	CLUSTALO	MAFFT-GINSI	dpa_align	100	77.3	
flav	MAFFT	MAFFT-GINSI	dpa_align	200	90.1	
scorptoxin	CLUSTALO	MAFFT-GINSI	dpa_align	200	90.1	
HLH	MAFFT_PT	MAFFT-GINSI	dpa_align	500	75.4	
bowman	CLUSTALO	MAFFT-GINSI	dpa_align	2000	66.3	
HMG_box	CLUSTALO	MAFFT-GINSI	dpa_align	100	93.1	
sodcu	CLUSTALO	MAFFT-GINSI	dpa_align	100	88.4	
gluts	MAFFT_PT	MAFFT-GINSI	dpa_align	100	89.3	
Sulfotransfer	CLUSTALO	MAFFT-GINSI	dpa_align	100	70.0	
cyclo	MAFFT_PT	MAFFT-GINSI	dpa_align	2000	72.5	
sdr	CLUSTALO	MAFFT-GINSI	dpa_align	200	70.9	
LIM	CLUSTALO	MAFFT-GINSI	dpa_align	100	97.7	
cryst	CLUSTALO	MAFFT-GINSI	dpa_align	50	39.8	
seatoxin	MAFFT_PT	MAFFT-GINSI	dpa_align	200	81.2	
ltn	MAFFT_PT	MAFFT-GINSI	dpa_align	2000	94.5	
aat	MAFFT_PT	MAFFT-GINSI	dpa_align	100	61.3	
cryst	CLUSTALO	MAFFT-GINSI	dpa_align	1000	82.8	
cah	MAFFT	MAFFT-GINSI	dpa_align	50	84.2	
profilin	CLUSTALO	MAFFT-GINSI	dpa_align	50	84.6	
Acetyltransf	CLUSTALO	MAFFT-GINSI	dpa_align	2000	56.0	
ldh	CLUSTALO	MAFFT-GINSI	dpa_align	200	76.8	
sdr	MAFFT_PT	MAFFT-GINSI	dpa_align	50	76.2	
cah	MAFFT_PT	MAFFT-GINSI	dpa_align	200	87.7	
proteasome	MAFFT_PT	MAFFT-GINSI	dpa_align	100	85.1	
p450	CLUSTALO	MAFFT-GINSI	dpa_align	100	71.6	
LIM	MAFFT	MAFFT-GINSI	dpa_align	500	98.4	
HMG_box	MAFFT_PT	MAFFT-GINSI	dpa_align	200	90.5	
TNF	CLUSTALO	MAFFT-GINSI	dpa_align	500	82.9	
ghf5	CLUSTALO	MAFFT-GINSI	dpa_align	200	50.1	
hla	CLUSTALO	MAFFT-GINSI	dpa_align	100	99.8	
icd	MAFFT	MAFFT-GINSI	dpa_align	500	91.3	
ChtBD	MAFFT_PT	MAFFT-GINSI	dpa_align	2000	96.9	
Ald_Xan_dh_2	CLUSTALO	MAFFT-GINSI	dpa_align	2000	84.1	
PDZ	CLUSTALO	MAFFT-GINSI	dpa_align	2000	82.0	
Stap_Strp_toxin	MAFFT_PT	MAFFT-GINSI	dpa_align	100	81.5	
flav	MAFFT_PT	MAFFT-GINSI	dpa_align	50	60.3	
biotin_lipoyl	CLUSTALO	MAFFT-GINSI	dpa_align	500	93.7	
LIM	MAFFT_PT	MAFFT-GINSI	dpa_align	50	90.6	
cryst	MAFFT	MAFFT-GINSI	dpa_align	100	53.7	
int	MAFFT	MAFFT-GINSI	dpa_align	100	38.7	
tgfb	CLUSTALO	MAFFT-GINSI	dpa_align	2000	92.7	
hpr	MAFFT	MAFFT-GINSI	dpa_align	500	96.2	
sodfe	CLUSTALO	MAFFT-GINSI	dpa_align	100	90.6	
kunitz	MAFFT_PT	MAFFT-GINSI	dpa_align	50	69.5	
rnasemam	MAFFT	MAFFT-GINSI	dpa_align	50	91.1	
ghf11	CLUSTALO	MAFFT-GINSI	dpa_align	2000	93.8	
aadh	CLUSTALO	MAFFT-GINSI	dpa_align	50	85.7	
tms	CLUSTALO	MAFFT-GINSI	dpa_align	1000	95.9	
cah	CLUSTALO	MAFFT-GINSI	dpa_align	100	79.9	
cyclo	MAFFT	MAFFT-GINSI	dpa_align	100	77.6	
seatoxin	MAFFT	MAFFT-GINSI	dpa_align	50	74.5	
ghf13	MAFFT_PT	MAFFT-GINSI	dpa_align	2000	60.1	
cah	MAFFT_PT	MAFFT-GINSI	dpa_align	50	81.8	
serpin	MAFFT_PT	MAFFT-GINSI	dpa_align	1000	85.6	
slectin	MAFFT	MAFFT-GINSI	dpa_align	100	85.8	
blmb	MAFFT	MAFFT-GINSI	dpa_align	200	59.8	
bowman	MAFFT_PT	MAFFT-GINSI	dpa_align	100	37.5	
ins	CLUSTALO	MAFFT-GINSI	dpa_align	100	90.6	
proteasome	MAFFT	MAFFT-GINSI	dpa_align	1000	84.7	
oxidored_q6	CLUSTALO	MAFFT-GINSI	dpa_align	2000	97.2	
glob	CLUSTALO	MAFFT-GINSI	dpa_align	200	93.1	
DMRL_synthase	MAFFT_PT	MAFFT-GINSI	dpa_align	50	90.6	
asp	MAFFT_PT	MAFFT-GINSI	dpa_align	1000	73.8	
sdr	MAFFT	MAFFT-GINSI	dpa_align	100	68.2	
cryst	MAFFT_PT	MAFFT-GINSI	dpa_align	1000	41.9	
Ald_Xan_dh_2	MAFFT_PT	MAFFT-GINSI	dpa_align	50	71.7	
trfl	MAFFT	MAFFT-GINSI	dpa_align	50	96.3	
tgfb	MAFFT_PT	MAFFT-GINSI	dpa_align	50	87.9	
aadh	MAFFT_PT	MAFFT-GINSI	dpa_align	2000	82.0	
subt	MAFFT	MAFFT-GINSI	dpa_align	50	62.9	
rhv	CLUSTALO	MAFFT-GINSI	dpa_align	100	80.0	
proteasome	CLUSTALO	MAFFT-GINSI	dpa_align	1000	85.5	
az	CLUSTALO	MAFFT-GINSI	dpa_align	200	71.4	
ins	CLUSTALO	MAFFT-GINSI	dpa_align	2000	93.3	
lyase_1	MAFFT	MAFFT-GINSI	dpa_align	500	84.5	
tim	CLUSTALO	MAFFT-GINSI	dpa_align	50	96.1	
peroxidase	CLUSTALO	MAFFT-GINSI	dpa_align	1000	91.3	
sodcu	CLUSTALO	MAFFT-GINSI	dpa_align	500	92.0	
phc	CLUSTALO	MAFFT-GINSI	dpa_align	1000	98.2	
oxidored_q6	CLUSTALO	MAFFT-GINSI	dpa_align	1000	97.7	
msb	MAFFT_PT	MAFFT-GINSI	dpa_align	2000	88.0	
annexin	CLUSTALO	MAFFT-GINSI	dpa_align	100	84.5	
mofe	CLUSTALO	MAFFT-GINSI	dpa_align	200	87.4	
zf-CCHH	MAFFT	MAFFT-GINSI	dpa_align	100	56.6	
slectin	MAFFT_PT	MAFFT-GINSI	dpa_align	50	87.4	
cah	MAFFT_PT	MAFFT-GINSI	dpa_align	100	79.1	
sdr	MAFFT_PT	MAFFT-GINSI	dpa_align	2000	68.7	
hla	MAFFT	MAFFT-GINSI	dpa_align	50	99.6	
ghf22	MAFFT_PT	MAFFT-GINSI	dpa_align	500	96.1	
kunitz	CLUSTALO	MAFFT-GINSI	dpa_align	200	79.5	
hr	MAFFT	MAFFT-GINSI	dpa_align	500	99.6	
tim	MAFFT	MAFFT-GINSI	dpa_align	2000	97.2	
kunitz	MAFFT	MAFFT-GINSI	dpa_align	200	89.7	
HLH	MAFFT_PT	MAFFT-GINSI	dpa_align	50	75.1	
hla	MAFFT	MAFFT-GINSI	dpa_align	200	99.6	
Ald_Xan_dh_2	CLUSTALO	MAFFT-GINSI	dpa_align	1000	85.3	
LIM	MAFFT	MAFFT-GINSI	dpa_align	200	97.7	
Sulfotransfer	CLUSTALO	MAFFT-GINSI	dpa_align	2000	73.3	
ChtBD	CLUSTALO	MAFFT-GINSI	dpa_align	2000	96.9	
ghf13	MAFFT_PT	MAFFT-GINSI	dpa_align	1000	60.6	
il8	MAFFT	MAFFT-GINSI	dpa_align	1000	85.8	
hr	MAFFT	MAFFT-GINSI	dpa_align	200	98.6	
ldh	MAFFT	MAFFT-GINSI	dpa_align	200	80.6	
hpr	MAFFT_PT	MAFFT-GINSI	dpa_align	2000	96.6	
adh	CLUSTALO	MAFFT-GINSI	dpa_align	1000	98.4	
sti	MAFFT	MAFFT-GINSI	dpa_align	200	85.4	
Stap_Strp_toxin	CLUSTALO	MAFFT-GINSI	dpa_align	100	80.9	
DEATH	CLUSTALO	MAFFT-GINSI	dpa_align	500	74.4	
oxidored_q6	MAFFT	MAFFT-GINSI	dpa_align	500	97.1	
uce	CLUSTALO	MAFFT-GINSI	dpa_align	1000	90.9	
trfl	CLUSTALO	MAFFT-GINSI	dpa_align	100	44.1	
trfl	CLUSTALO	MAFFT-GINSI	dpa_align	500	55.6	
profilin	CLUSTALO	MAFFT-GINSI	dpa_align	2000	91.0	
hr	CLUSTALO	MAFFT-GINSI	dpa_align	50	97.3	
gpdh	MAFFT_PT	MAFFT-GINSI	dpa_align	200	94.9	
egf	CLUSTALO	MAFFT-GINSI	dpa_align	2000	71.6	
hpr	MAFFT_PT	MAFFT-GINSI	dpa_align	1000	96.6	
kringle	CLUSTALO	MAFFT-GINSI	dpa_align	200	92.5	
az	MAFFT	MAFFT-GINSI	dpa_align	50	70.4	
tRNA-synt_2b	MAFFT_PT	MAFFT-GINSI	dpa_align	50	55.2	
serpin	MAFFT_PT	MAFFT-GINSI	dpa_align	200	78.7	
Rhodanese	MAFFT_PT	MAFFT-GINSI	dpa_align	2000	69.5	
TNF	MAFFT_PT	MAFFT-GINSI	dpa_align	500	88.9	
subt	CLUSTALO	MAFFT-GINSI	dpa_align	1000	79.6	
flav	MAFFT_PT	MAFFT-GINSI	dpa_align	500	86.6	
toxin	CLUSTALO	MAFFT-GINSI	dpa_align	500	90.6	
p450	MAFFT	MAFFT-GINSI	dpa_align	100	58.1	
GEL	CLUSTALO	MAFFT-GINSI	dpa_align	1000	68.6	
Ald_Xan_dh_2	MAFFT_PT	MAFFT-GINSI	dpa_align	100	83.5	
hom	MAFFT_PT	MAFFT-GINSI	dpa_align	500	92.0	
Sulfotransfer	MAFFT_PT	MAFFT-GINSI	dpa_align	1000	64.5	
sodfe	MAFFT_PT	MAFFT-GINSI	dpa_align	50	86.1	
rvp	CLUSTALO	MAFFT-GINSI	dpa_align	50	72.8	
cytb	MAFFT_PT	MAFFT-GINSI	dpa_align	100	51.6	
PDZ	MAFFT_PT	MAFFT-GINSI	dpa_align	1000	62.1	
profilin	CLUSTALO	MAFFT-GINSI	dpa_align	500	88.0	
aat	MAFFT_PT	MAFFT-GINSI	dpa_align	500	63.2	
adh	MAFFT	MAFFT-GINSI	dpa_align	2000	98.8	
tim	MAFFT_PT	MAFFT-GINSI	dpa_align	100	91.0	
bowman	MAFFT	MAFFT-GINSI	dpa_align	1000	66.3	
tms	CLUSTALO	MAFFT-GINSI	dpa_align	50	93.7	
ghf10	MAFFT_PT	MAFFT-GINSI	dpa_align	2000	94.9	
peroxidase	MAFFT_PT	MAFFT-GINSI	dpa_align	500	90.3	
msb	MAFFT	MAFFT-GINSI	dpa_align	50	70.6	
cyclo	MAFFT	MAFFT-GINSI	dpa_align	50	76.2	
OTCace	CLUSTALO	MAFFT-GINSI	dpa_align	100	93.7	
sodcu	MAFFT	MAFFT-GINSI	dpa_align	1000	91.0	
ldh	MAFFT	MAFFT-GINSI	dpa_align	500	88.6	
hormone_rec	MAFFT_PT	MAFFT-GINSI	dpa_align	50	60.6	
rrm	MAFFT	MAFFT-GINSI	dpa_align	200	69.3	
cyt3	MAFFT	MAFFT-GINSI	dpa_align	200	79.5	
ace	CLUSTALO	MAFFT-GINSI	dpa_align	50	79.6	
adh	MAFFT_PT	MAFFT-GINSI	dpa_align	100	98.5	
tRNA-synt_2b	MAFFT_PT	MAFFT-GINSI	dpa_align	2000	57.0	
sodfe	MAFFT	MAFFT-GINSI	dpa_align	200	84.2	
uce	MAFFT_PT	MAFFT-GINSI	dpa_align	50	63.1	
DEATH	MAFFT_PT	MAFFT-GINSI	dpa_align	500	71.9	
kunitz	CLUSTALO	MAFFT-GINSI	dpa_align	1000	93.5	
egf	MAFFT	MAFFT-GINSI	dpa_align	2000	70.0	
ins	MAFFT	MAFFT-GINSI	dpa_align	200	81.8	
tRNA-synt_2b	MAFFT_PT	MAFFT-GINSI	dpa_align	100	51.6	
oxidored_q6	MAFFT	MAFFT-GINSI	dpa_align	1000	98.2	
zf-CCHH	MAFFT_PT	MAFFT-GINSI	dpa_align	100	76.1	
serpin	MAFFT	MAFFT-GINSI	dpa_align	500	94.1	
toxin	CLUSTALO	MAFFT-GINSI	dpa_align	100	90.9	
hormone_rec	MAFFT_PT	MAFFT-GINSI	dpa_align	2000	73.9	
LIM	MAFFT_PT	MAFFT-GINSI	dpa_align	2000	98.4	
DMRL_synthase	MAFFT	MAFFT-GINSI	dpa_align	200	91.3	
Sulfotransfer	MAFFT	MAFFT-GINSI	dpa_align	100	59.8	
TNF	CLUSTALO	MAFFT-GINSI	dpa_align	200	85.9	
lyase_1	CLUSTALO	MAFFT-GINSI	dpa_align	2000	78.4	
proteasome	CLUSTALO	MAFFT-GINSI	dpa_align	500	85.2	
lyase_1	CLUSTALO	MAFFT-GINSI	dpa_align	200	78.3	
ghf5	CLUSTALO	MAFFT-GINSI	dpa_align	500	56.0	
adh	CLUSTALO	MAFFT-GINSI	dpa_align	100	98.7	
phoslip	MAFFT_PT	MAFFT-GINSI	dpa_align	1000	94.4	
ghf11	CLUSTALO	MAFFT-GINSI	dpa_align	50	92.2	
mofe	MAFFT	MAFFT-GINSI	dpa_align	1000	88.0	
HLH	MAFFT_PT	MAFFT-GINSI	dpa_align	200	73.0	
OTCace	CLUSTALO	MAFFT-GINSI	dpa_align	200	92.3	
kunitz	MAFFT_PT	MAFFT-GINSI	dpa_align	500	81.5	
Ald_Xan_dh_2	CLUSTALO	MAFFT-GINSI	dpa_align	100	85.8	
rub	MAFFT	MAFFT-GINSI	dpa_align	1000	99.2	
ace	MAFFT	MAFFT-GINSI	dpa_align	2000	82.8	
phoslip	CLUSTALO	MAFFT-GINSI	dpa_align	200	94.3	
ghf5	MAFFT	MAFFT-GINSI	dpa_align	2000	67.4	
asp	MAFFT_PT	MAFFT-GINSI	dpa_align	500	72.9	
bowman	MAFFT	MAFFT-GINSI	dpa_align	2000	66.3	
hla	MAFFT	MAFFT-GINSI	dpa_align	500	99.7	
oxidored_q6	MAFFT	MAFFT-GINSI	dpa_align	2000	98.2	
biotin_lipoyl	CLUSTALO	MAFFT-GINSI	dpa_align	1000	93.3	
asp	MAFFT	MAFFT-GINSI	dpa_align	50	82.0	
hip	MAFFT	MAFFT-GINSI	dpa_align	2000	88.4	
ricin	CLUSTALO	MAFFT-GINSI	dpa_align	100	91.5	
trfl	MAFFT	MAFFT-GINSI	dpa_align	100	47.5	
rnasemam	MAFFT_PT	MAFFT-GINSI	dpa_align	1000	93.8	
LIM	MAFFT_PT	MAFFT-GINSI	dpa_align	200	84.8	
glob	MAFFT_PT	MAFFT-GINSI	dpa_align	100	93.8	
sdr	CLUSTALO	MAFFT-GINSI	dpa_align	50	62.8	
hom	MAFFT	MAFFT-GINSI	dpa_align	1000	91.9	
hla	MAFFT_PT	MAFFT-GINSI	dpa_align	100	99.6	
sdr	CLUSTALO	MAFFT-GINSI	dpa_align	2000	72.5	
hla	CLUSTALO	MAFFT-GINSI	dpa_align	1000	100.0	
msb	MAFFT_PT	MAFFT-GINSI	dpa_align	100	73.1	
rhv	CLUSTALO	MAFFT-GINSI	dpa_align	500	36.3	
tRNA-synt_2b	MAFFT_PT	MAFFT-GINSI	dpa_align	500	54.5	
Acetyltransf	CLUSTALO	MAFFT-GINSI	dpa_align	1000	56.9	
flav	CLUSTALO	MAFFT-GINSI	dpa_align	100	70.0	
cah	CLUSTALO	MAFFT-GINSI	dpa_align	50	70.6	
zf-CCHH	MAFFT_PT	MAFFT-GINSI	dpa_align	200	82.0	
annexin	MAFFT	MAFFT-GINSI	dpa_align	1000	99.4	
DEATH	MAFFT	MAFFT-GINSI	dpa_align	2000	73.0	
cyt3	MAFFT	MAFFT-GINSI	dpa_align	50	74.0	
annexin	MAFFT_PT	MAFFT-GINSI	dpa_align	50	99.5	
Acetyltransf	CLUSTALO	MAFFT-GINSI	dpa_align	100	53.3	
ghf1	CLUSTALO	MAFFT-GINSI	dpa_align	2000	93.2	
scorptoxin	CLUSTALO	MAFFT-GINSI	dpa_align	2000	88.3	
hom	MAFFT_PT	MAFFT-GINSI	dpa_align	50	89.1	
slectin	CLUSTALO	MAFFT-GINSI	dpa_align	100	93.5	
hip	MAFFT_PT	MAFFT-GINSI	dpa_align	2000	88.4	
slectin	CLUSTALO	MAFFT-GINSI	dpa_align	500	92.8	
Rhodanese	CLUSTALO	MAFFT-GINSI	dpa_align	200	57.7	
seatoxin	MAFFT_PT	MAFFT-GINSI	dpa_align	100	81.2	
biotin_lipoyl	MAFFT	MAFFT-GINSI	dpa_align	200	90.1	
ricin	MAFFT	MAFFT-GINSI	dpa_align	1000	85.1	
tim	MAFFT_PT	MAFFT-GINSI	dpa_align	50	89.7	
trfl	MAFFT_PT	MAFFT-GINSI	dpa_align	2000	55.1	
cyt3	CLUSTALO	MAFFT-GINSI	dpa_align	1000	87.4	
Rhodanese	CLUSTALO	MAFFT-GINSI	dpa_align	2000	56.9	
aadh	CLUSTALO	MAFFT-GINSI	dpa_align	500	82.9	
phoslip	MAFFT_PT	MAFFT-GINSI	dpa_align	500	94.3	
cryst	MAFFT_PT	MAFFT-GINSI	dpa_align	500	88.0	
ghf13	MAFFT_PT	MAFFT-GINSI	dpa_align	500	65.2	
blm	CLUSTALO	MAFFT-GINSI	dpa_align	200	94.3	
bowman	CLUSTALO	MAFFT-GINSI	dpa_align	200	41.0	
DMRL_synthase	MAFFT_PT	MAFFT-GINSI	dpa_align	100	90.6	
myb_DNA-binding	CLUSTALO	MAFFT-GINSI	dpa_align	500	87.4	
OTCace	MAFFT	MAFFT-GINSI	dpa_align	100	94.6	
Sulfotransfer	MAFFT	MAFFT-GINSI	dpa_align	200	61.6	
aldosered	CLUSTALO	MAFFT-GINSI	dpa_align	200	88.7	
ricin	CLUSTALO	MAFFT-GINSI	dpa_align	1000	85.2	
peroxidase	CLUSTALO	MAFFT-GINSI	dpa_align	50	86.6	
Acetyltransf	MAFFT	MAFFT-GINSI	dpa_align	200	53.7	
hip	MAFFT_PT	MAFFT-GINSI	dpa_align	1000	88.4	
uce	CLUSTALO	MAFFT-GINSI	dpa_align	500	90.4	
seatoxin	CLUSTALO	MAFFT-GINSI	dpa_align	1000	81.2	
gluts	MAFFT_PT	MAFFT-GINSI	dpa_align	50	86.2	
sti	MAFFT_PT	MAFFT-GINSI	dpa_align	200	78.8	
hpr	MAFFT	MAFFT-GINSI	dpa_align	50	96.6	
hr	MAFFT_PT	MAFFT-GINSI	dpa_align	2000	99.6	
sti	CLUSTALO	MAFFT-GINSI	dpa_align	100	75.4	
Sulfotransfer	MAFFT_PT	MAFFT-GINSI	dpa_align	100	33.0	
DMRL_synthase	CLUSTALO	MAFFT-GINSI	dpa_align	100	91.0	
scorptoxin	MAFFT_PT	MAFFT-GINSI	dpa_align	50	92.9	
KAS	MAFFT_PT	MAFFT-GINSI	dpa_align	50	84.2	
rhv	CLUSTALO	MAFFT-GINSI	dpa_align	2000	30.6	
glob	MAFFT	MAFFT-GINSI	dpa_align	100	92.1	
OTCace	MAFFT	MAFFT-GINSI	dpa_align	500	96.1	
Stap_Strp_toxin	CLUSTALO	MAFFT-GINSI	dpa_align	2000	80.6	
tRNA-synt_2b	MAFFT	MAFFT-GINSI	dpa_align	200	53.8	
gpdh	MAFFT_PT	MAFFT-GINSI	dpa_align	50	94.9	
serpin	MAFFT_PT	MAFFT-GINSI	dpa_align	50	76.2	
hip	MAFFT	MAFFT-GINSI	dpa_align	1000	88.4	
il8	MAFFT_PT	MAFFT-GINSI	dpa_align	100	85.7	
blm	MAFFT_PT	MAFFT-GINSI	dpa_align	500	42.6	
asp	MAFFT_PT	MAFFT-GINSI	dpa_align	50	65.1	
gluts	CLUSTALO	MAFFT-GINSI	dpa_align	50	88.9	
GEL	MAFFT_PT	MAFFT-GINSI	dpa_align	2000	69.6	
hom	CLUSTALO	MAFFT-GINSI	dpa_align	500	93.2	
tRNA-synt_2b	MAFFT	MAFFT-GINSI	dpa_align	1000	59.3	
adh	MAFFT	MAFFT-GINSI	dpa_align	1000	99.5	
scorptoxin	CLUSTALO	MAFFT-GINSI	dpa_align	50	90.3	
rub	MAFFT	MAFFT-GINSI	dpa_align	500	99.2	
Rhodanese	CLUSTALO	MAFFT-GINSI	dpa_align	100	57.6	
Acetyltransf	MAFFT_PT	MAFFT-GINSI	dpa_align	200	47.6	
PDZ	MAFFT_PT	MAFFT-GINSI	dpa_align	50	61.3	
KAS	MAFFT	MAFFT-GINSI	dpa_align	200	76.5	
az	MAFFT_PT	MAFFT-GINSI	dpa_align	100	73.3	
adh	CLUSTALO	MAFFT-GINSI	dpa_align	2000	98.2	
ghf13	MAFFT	MAFFT-GINSI	dpa_align	1000	61.4	
hla	MAFFT_PT	MAFFT-GINSI	dpa_align	1000	99.8	
kunitz	MAFFT_PT	MAFFT-GINSI	dpa_align	200	88.4	
Stap_Strp_toxin	MAFFT	MAFFT-GINSI	dpa_align	200	80.9	
sodcu	MAFFT	MAFFT-GINSI	dpa_align	50	81.5	
toxin	MAFFT	MAFFT-GINSI	dpa_align	200	93.2	
hormone_rec	CLUSTALO	MAFFT-GINSI	dpa_align	50	74.9	
seatoxin	MAFFT	MAFFT-GINSI	dpa_align	2000	81.2	
hormone_rec	MAFFT	MAFFT-GINSI	dpa_align	50	65.4	
LIM	MAFFT	MAFFT-GINSI	dpa_align	1000	97.7	
annexin	MAFFT	MAFFT-GINSI	dpa_align	2000	83.9	
serpin	CLUSTALO	MAFFT-GINSI	dpa_align	200	92.5	
DEATH	CLUSTALO	MAFFT-GINSI	dpa_align	1000	73.1	
oxidored_q6	MAFFT	MAFFT-GINSI	dpa_align	200	97.9	
LIM	MAFFT_PT	MAFFT-GINSI	dpa_align	100	86.8	
Sulfotransfer	MAFFT_PT	MAFFT-GINSI	dpa_align	200	50.0	
blm	MAFFT	MAFFT-GINSI	dpa_align	2000	96.8	
rvp	MAFFT_PT	MAFFT-GINSI	dpa_align	200	65.2	
zf-CCHH	MAFFT_PT	MAFFT-GINSI	dpa_align	2000	76.7	
hormone_rec	MAFFT_PT	MAFFT-GINSI	dpa_align	100	52.8	
HLH	CLUSTALO	MAFFT-GINSI	dpa_align	1000	76.1	
kunitz	MAFFT	MAFFT-GINSI	dpa_align	100	81.5	
tms	CLUSTALO	MAFFT-GINSI	dpa_align	500	95.7	
phoslip	MAFFT	MAFFT-GINSI	dpa_align	50	94.6	
hip	MAFFT_PT	MAFFT-GINSI	dpa_align	100	88.8	
subt	CLUSTALO	MAFFT-GINSI	dpa_align	2000	79.4	
ace	CLUSTALO	MAFFT-GINSI	dpa_align	500	83.4	
GEL	CLUSTALO	MAFFT-GINSI	dpa_align	100	64.6	
kringle	MAFFT_PT	MAFFT-GINSI	dpa_align	2000	96.5	
hla	MAFFT_PT	MAFFT-GINSI	dpa_align	2000	100.0	
cyt3	MAFFT_PT	MAFFT-GINSI	dpa_align	200	83.1	
tms	MAFFT_PT	MAFFT-GINSI	dpa_align	50	90.6	
sodcu	MAFFT	MAFFT-GINSI	dpa_align	100	88.4	
biotin_lipoyl	MAFFT_PT	MAFFT-GINSI	dpa_align	50	79.9	
DMRL_synthase	MAFFT	MAFFT-GINSI	dpa_align	100	90.6	
rub	MAFFT_PT	MAFFT-GINSI	dpa_align	50	93.7	
toxin	CLUSTALO	MAFFT-GINSI	dpa_align	50	88.8	
Sulfotransfer	MAFFT_PT	MAFFT-GINSI	dpa_align	2000	74.7	
tim	CLUSTALO	MAFFT-GINSI	dpa_align	100	96.8	
GEL	MAFFT_PT	MAFFT-GINSI	dpa_align	1000	65.1	
aadh	MAFFT	MAFFT-GINSI	dpa_align	100	77.4	
sodfe	MAFFT	MAFFT-GINSI	dpa_align	500	86.5	
scorptoxin	MAFFT	MAFFT-GINSI	dpa_align	2000	88.3	
aldosered	CLUSTALO	MAFFT-GINSI	dpa_align	50	88.5	
OTCace	MAFFT_PT	MAFFT-GINSI	dpa_align	200	94.5	
hip	CLUSTALO	MAFFT-GINSI	dpa_align	100	84.4	
hpr	MAFFT_PT	MAFFT-GINSI	dpa_align	200	92.3	
phc	MAFFT	MAFFT-GINSI	dpa_align	100	94.6	
phc	MAFFT_PT	MAFFT-GINSI	dpa_align	200	94.4	
rrm	MAFFT_PT	MAFFT-GINSI	dpa_align	200	62.4	
ghf22	CLUSTALO	MAFFT-GINSI	dpa_align	2000	96.2	
HMG_box	CLUSTALO	MAFFT-GINSI	dpa_align	500	95.2	
cyt3	MAFFT_PT	MAFFT-GINSI	dpa_align	1000	87.4	
aldosered	MAFFT_PT	MAFFT-GINSI	dpa_align	2000	86.4	
GEL	MAFFT	MAFFT-GINSI	dpa_align	100	67.6	
TNF	MAFFT	MAFFT-GINSI	dpa_align	100	88.7	
sodfe	MAFFT_PT	MAFFT-GINSI	dpa_align	100	63.7	
hip	CLUSTALO	MAFFT-GINSI	dpa_align	500	88.4	
kringle	MAFFT	MAFFT-GINSI	dpa_align	500	91.0	
ace	MAFFT_PT	MAFFT-GINSI	dpa_align	500	75.7	
annexin	MAFFT_PT	MAFFT-GINSI	dpa_align	100	99.6	
seatoxin	MAFFT	MAFFT-GINSI	dpa_align	1000	81.2	
toxin	MAFFT_PT	MAFFT-GINSI	dpa_align	100	90.5	
sti	MAFFT_PT	MAFFT-GINSI	dpa_align	1000	83.0	
ace	MAFFT	MAFFT-GINSI	dpa_align	1000	83.2	
msb	CLUSTALO	MAFFT-GINSI	dpa_align	2000	87.6	
icd	MAFFT	MAFFT-GINSI	dpa_align	200	90.5	
int	MAFFT_PT	MAFFT-GINSI	dpa_align	1000	56.8	
blmb	MAFFT_PT	MAFFT-GINSI	dpa_align	200	28.1	
mmp	CLUSTALO	MAFFT-GINSI	dpa_align	500	96.6	
kunitz	MAFFT	MAFFT-GINSI	dpa_align	50	90.7	
slectin	MAFFT_PT	MAFFT-GINSI	dpa_align	2000	94.9	
aat	CLUSTALO	MAFFT-GINSI	dpa_align	100	77.8	
ltn	CLUSTALO	MAFFT-GINSI	dpa_align	50	82.8	
egf	MAFFT	MAFFT-GINSI	dpa_align	50	64.7	
myb_DNA-binding	MAFFT_PT	MAFFT-GINSI	dpa_align	50	87.8	
msb	CLUSTALO	MAFFT-GINSI	dpa_align	100	82.3	
egf	CLUSTALO	MAFFT-GINSI	dpa_align	1000	77.0	
cyclo	MAFFT	MAFFT-GINSI	dpa_align	1000	86.1	
cryst	MAFFT	MAFFT-GINSI	dpa_align	500	62.7	
ChtBD	MAFFT_PT	MAFFT-GINSI	dpa_align	1000	96.9	
scorptoxin	MAFFT_PT	MAFFT-GINSI	dpa_align	100	91.6	
hr	MAFFT	MAFFT-GINSI	dpa_align	50	98.3	
LIM	MAFFT_PT	MAFFT-GINSI	dpa_align	500	88.1	
DMRL_synthase	CLUSTALO	MAFFT-GINSI	dpa_align	500	91.9	
msb	MAFFT	MAFFT-GINSI	dpa_align	200	74.1	
gpdh	MAFFT	MAFFT-GINSI	dpa_align	100	95.1	
lyase_1	CLUSTALO	MAFFT-GINSI	dpa_align	50	83.5	
egf	MAFFT_PT	MAFFT-GINSI	dpa_align	2000	70.7	
hom	CLUSTALO	MAFFT-GINSI	dpa_align	2000	91.9	
ricin	CLUSTALO	MAFFT-GINSI	dpa_align	50	93.0	
sodcu	MAFFT_PT	MAFFT-GINSI	dpa_align	1000	91.1	
hormone_rec	CLUSTALO	MAFFT-GINSI	dpa_align	200	74.5	
ldh	MAFFT_PT	MAFFT-GINSI	dpa_align	1000	82.6	
phoslip	MAFFT_PT	MAFFT-GINSI	dpa_align	200	94.9	
tgfb	MAFFT	MAFFT-GINSI	dpa_align	50	91.1	
Sulfotransfer	MAFFT	MAFFT-GINSI	dpa_align	2000	73.6	
OTCace	CLUSTALO	MAFFT-GINSI	dpa_align	50	92.3	
mofe	MAFFT	MAFFT-GINSI	dpa_align	500	87.2	
icd	CLUSTALO	MAFFT-GINSI	dpa_align	2000	92.6	
Acetyltransf	CLUSTALO	MAFFT-GINSI	dpa_align	50	59.9	
tms	MAFFT_PT	MAFFT-GINSI	dpa_align	1000	95.5	
ricin	MAFFT_PT	MAFFT-GINSI	dpa_align	500	93.4	
cryst	MAFFT_PT	MAFFT-GINSI	dpa_align	2000	90.0	
ghf22	MAFFT_PT	MAFFT-GINSI	dpa_align	2000	96.2	
hr	MAFFT_PT	MAFFT-GINSI	dpa_align	100	97.6	
Ald_Xan_dh_2	MAFFT_PT	MAFFT-GINSI	dpa_align	2000	83.9	
gluts	CLUSTALO	MAFFT-GINSI	dpa_align	100	86.0	
icd	MAFFT_PT	MAFFT-GINSI	dpa_align	50	89.9	
myb_DNA-binding	MAFFT_PT	MAFFT-GINSI	dpa_align	2000	90.8	
KAS	MAFFT_PT	MAFFT-GINSI	dpa_align	200	84.3	
az	CLUSTALO	MAFFT-GINSI	dpa_align	50	64.7	
Sulfotransfer	MAFFT	MAFFT-GINSI	dpa_align	50	61.5	
adh	CLUSTALO	MAFFT-GINSI	dpa_align	200	98.4	
cyclo	MAFFT	MAFFT-GINSI	dpa_align	200	86.3	
cytb	MAFFT	MAFFT-GINSI	dpa_align	1000	74.5	
flav	MAFFT	MAFFT-GINSI	dpa_align	100	82.4	
mmp	CLUSTALO	MAFFT-GINSI	dpa_align	2000	97.4	
toxin	MAFFT_PT	MAFFT-GINSI	dpa_align	1000	90.6	
ghf1	MAFFT_PT	MAFFT-GINSI	dpa_align	50	84.2	
bowman	MAFFT	MAFFT-GINSI	dpa_align	50	67.4	
DMRL_synthase	CLUSTALO	MAFFT-GINSI	dpa_align	200	90.7	
ghf1	CLUSTALO	MAFFT-GINSI	dpa_align	1000	91.6	
trfl	CLUSTALO	MAFFT-GINSI	dpa_align	200	56.1	
GEL	MAFFT_PT	MAFFT-GINSI	dpa_align	500	65.6	
rvp	MAFFT	MAFFT-GINSI	dpa_align	50	83.6	
hormone_rec	MAFFT	MAFFT-GINSI	dpa_align	1000	69.1	
bowman	MAFFT	MAFFT-GINSI	dpa_align	200	38.7	
GEL	CLUSTALO	MAFFT-GINSI	dpa_align	2000	68.8	
hr	MAFFT	MAFFT-GINSI	dpa_align	100	97.6	
asp	MAFFT_PT	MAFFT-GINSI	dpa_align	100	61.8	
int	MAFFT_PT	MAFFT-GINSI	dpa_align	50	38.5	
Sulfotransfer	CLUSTALO	MAFFT-GINSI	dpa_align	1000	74.3	
cytb	MAFFT	MAFFT-GINSI	dpa_align	100	69.0	
ins	MAFFT	MAFFT-GINSI	dpa_align	50	70.2	
ghf22	CLUSTALO	MAFFT-GINSI	dpa_align	100	96.6	
cytb	MAFFT_PT	MAFFT-GINSI	dpa_align	50	49.5	
rvp	MAFFT	MAFFT-GINSI	dpa_align	500	79.6	
aat	CLUSTALO	MAFFT-GINSI	dpa_align	50	81.3	
blmb	MAFFT_PT	MAFFT-GINSI	dpa_align	500	32.2	
oxidored_q6	MAFFT_PT	MAFFT-GINSI	dpa_align	1000	97.8	
ghf11	MAFFT	MAFFT-GINSI	dpa_align	200	92.7	
OTCace	MAFFT	MAFFT-GINSI	dpa_align	200	94.5	
ltn	MAFFT	MAFFT-GINSI	dpa_align	500	92.1	
sdr	MAFFT_PT	MAFFT-GINSI	dpa_align	200	79.0	
int	CLUSTALO	MAFFT-GINSI	dpa_align	2000	81.5	
annexin	CLUSTALO	MAFFT-GINSI	dpa_align	2000	83.2	
ghf13	MAFFT	MAFFT-GINSI	dpa_align	50	64.7	
cryst	MAFFT	MAFFT-GINSI	dpa_align	50	55.4	
oxidored_q6	CLUSTALO	MAFFT-GINSI	dpa_align	500	97.5	
cys	MAFFT	MAFFT-GINSI	dpa_align	100	86.1	
aldosered	MAFFT_PT	MAFFT-GINSI	dpa_align	1000	66.0	
seatoxin	CLUSTALO	MAFFT-GINSI	dpa_align	50	73.1	
Acetyltransf	MAFFT	MAFFT-GINSI	dpa_align	1000	47.5	
cyt3	CLUSTALO	MAFFT-GINSI	dpa_align	200	85.6	
ldh	MAFFT_PT	MAFFT-GINSI	dpa_align	200	91.4	
blm	CLUSTALO	MAFFT-GINSI	dpa_align	2000	97.7	
hr	MAFFT_PT	MAFFT-GINSI	dpa_align	50	89.1	
cyclo	MAFFT_PT	MAFFT-GINSI	dpa_align	100	66.4	
ghf22	MAFFT	MAFFT-GINSI	dpa_align	2000	96.2	
rrm	MAFFT_PT	MAFFT-GINSI	dpa_align	100	61.1	
biotin_lipoyl	MAFFT_PT	MAFFT-GINSI	dpa_align	500	90.8	
subt	MAFFT_PT	MAFFT-GINSI	dpa_align	100	48.6	
Sulfotransfer	CLUSTALO	MAFFT-GINSI	dpa_align	500	74.0	
gluts	MAFFT	MAFFT-GINSI	dpa_align	2000	73.0	
rhv	MAFFT	MAFFT-GINSI	dpa_align	200	50.6	
cytb	CLUSTALO	MAFFT-GINSI	dpa_align	500	73.3	
scorptoxin	MAFFT_PT	MAFFT-GINSI	dpa_align	2000	88.3	
cys	MAFFT_PT	MAFFT-GINSI	dpa_align	100	67.1	
KAS	MAFFT_PT	MAFFT-GINSI	dpa_align	2000	82.6	
tms	CLUSTALO	MAFFT-GINSI	dpa_align	100	95.6	
lyase_1	MAFFT	MAFFT-GINSI	dpa_align	100	74.0	
DMRL_synthase	MAFFT_PT	MAFFT-GINSI	dpa_align	200	90.4	
myb_DNA-binding	CLUSTALO	MAFFT-GINSI	dpa_align	50	76.2	
il8	MAFFT_PT	MAFFT-GINSI	dpa_align	500	88.3	
hormone_rec	MAFFT_PT	MAFFT-GINSI	dpa_align	200	64.0	
proteasome	CLUSTALO	MAFFT-GINSI	dpa_align	50	86.5	
DEATH	CLUSTALO	MAFFT-GINSI	dpa_align	50	69.1	
KAS	CLUSTALO	MAFFT-GINSI	dpa_align	200	82.1	
ltn	MAFFT	MAFFT-GINSI	dpa_align	2000	94.5	
seatoxin	CLUSTALO	MAFFT-GINSI	dpa_align	100	81.2	
toxin	MAFFT	MAFFT-GINSI	dpa_align	2000	90.6	
KAS	CLUSTALO	MAFFT-GINSI	dpa_align	50	81.6	
ghf10	CLUSTALO	MAFFT-GINSI	dpa_align	2000	94.7	
il8	MAFFT_PT	MAFFT-GINSI	dpa_align	200	80.3	
sodcu	MAFFT_PT	MAFFT-GINSI	dpa_align	2000	90.3	
rrm	CLUSTALO	MAFFT-GINSI	dpa_align	2000	80.6	
tRNA-synt_2b	MAFFT_PT	MAFFT-GINSI	dpa_align	1000	55.8	
phc	MAFFT_PT	MAFFT-GINSI	dpa_align	500	96.2	
ghf10	MAFFT_PT	MAFFT-GINSI	dpa_align	1000	90.4	
phc	CLUSTALO	MAFFT-GINSI	dpa_align	200	97.7	
subt	MAFFT_PT	MAFFT-GINSI	dpa_align	1000	54.4	
tgfb	MAFFT	MAFFT-GINSI	dpa_align	2000	92.7	
trfl	MAFFT_PT	MAFFT-GINSI	dpa_align	500	44.0	
kringle	MAFFT	MAFFT-GINSI	dpa_align	50	86.2	
ace	CLUSTALO	MAFFT-GINSI	dpa_align	1000	86.6	
p450	MAFFT_PT	MAFFT-GINSI	dpa_align	200	52.0	
ghf5	MAFFT_PT	MAFFT-GINSI	dpa_align	200	53.9	
ghf13	MAFFT	MAFFT-GINSI	dpa_align	2000	60.5	
ghf5	MAFFT_PT	MAFFT-GINSI	dpa_align	2000	69.2	
aat	MAFFT_PT	MAFFT-GINSI	dpa_align	200	64.2	
mofe	CLUSTALO	MAFFT-GINSI	dpa_align	50	86.2	
hom	CLUSTALO	MAFFT-GINSI	dpa_align	100	92.1	
flav	CLUSTALO	MAFFT-GINSI	dpa_align	50	72.5	
ghf11	MAFFT_PT	MAFFT-GINSI	dpa_align	50	84.4	
DEATH	MAFFT_PT	MAFFT-GINSI	dpa_align	100	74.7	
proteasome	MAFFT	MAFFT-GINSI	dpa_align	500	85.7	
aadh	MAFFT_PT	MAFFT-GINSI	dpa_align	200	87.1	
seatoxin	MAFFT_PT	MAFFT-GINSI	dpa_align	2000	81.2	
mofe	MAFFT	MAFFT-GINSI	dpa_align	200	87.5	
phc	MAFFT	MAFFT-GINSI	dpa_align	200	96.3	
kunitz	MAFFT_PT	MAFFT-GINSI	dpa_align	1000	92.3	
annexin	MAFFT	MAFFT-GINSI	dpa_align	500	77.7	
slectin	MAFFT	MAFFT-GINSI	dpa_align	200	92.2	
gluts	MAFFT_PT	MAFFT-GINSI	dpa_align	500	92.3	
slectin	MAFFT	MAFFT-GINSI	dpa_align	1000	94.8	
uce	MAFFT	MAFFT-GINSI	dpa_align	50	75.3	
cryst	MAFFT	MAFFT-GINSI	dpa_align	200	38.0	
icd	MAFFT_PT	MAFFT-GINSI	dpa_align	200	88.1	
myb_DNA-binding	MAFFT_PT	MAFFT-GINSI	dpa_align	1000	87.8	
msb	CLUSTALO	MAFFT-GINSI	dpa_align	200	83.9	
hla	MAFFT	MAFFT-GINSI	dpa_align	100	98.5	
egf	MAFFT_PT	MAFFT-GINSI	dpa_align	500	60.2	
annexin	CLUSTALO	MAFFT-GINSI	dpa_align	1000	84.2	
ltn	MAFFT_PT	MAFFT-GINSI	dpa_align	50	76.1	
seatoxin	MAFFT_PT	MAFFT-GINSI	dpa_align	1000	81.2	
Rhodanese	MAFFT	MAFFT-GINSI	dpa_align	200	50.9	
tgfb	MAFFT	MAFFT-GINSI	dpa_align	500	91.7	
ghf11	MAFFT_PT	MAFFT-GINSI	dpa_align	500	94.0	
scorptoxin	MAFFT	MAFFT-GINSI	dpa_align	1000	88.3	
flav	MAFFT	MAFFT-GINSI	dpa_align	1000	88.9	
rvp	MAFFT	MAFFT-GINSI	dpa_align	1000	83.2	
cyclo	MAFFT_PT	MAFFT-GINSI	dpa_align	200	69.7	
myb_DNA-binding	MAFFT	MAFFT-GINSI	dpa_align	50	85.8	
kunitz	CLUSTALO	MAFFT-GINSI	dpa_align	500	85.2	
ghf22	CLUSTALO	MAFFT-GINSI	dpa_align	1000	96.2	
p450	CLUSTALO	MAFFT-GINSI	dpa_align	200	72.3	
ace	MAFFT_PT	MAFFT-GINSI	dpa_align	200	75.7	
uce	MAFFT	MAFFT-GINSI	dpa_align	2000	81.0	
hr	CLUSTALO	MAFFT-GINSI	dpa_align	500	99.6	
cryst	MAFFT_PT	MAFFT-GINSI	dpa_align	50	34.5	
cryst	CLUSTALO	MAFFT-GINSI	dpa_align	100	55.3	
phoslip	CLUSTALO	MAFFT-GINSI	dpa_align	50	93.1	
aat	MAFFT	MAFFT-GINSI	dpa_align	1000	81.2	
KAS	MAFFT_PT	MAFFT-GINSI	dpa_align	100	84.9	
mofe	MAFFT	MAFFT-GINSI	dpa_align	2000	86.4	
hr	CLUSTALO	MAFFT-GINSI	dpa_align	100	97.3	
HLH	MAFFT_PT	MAFFT-GINSI	dpa_align	1000	86.3	
DMRL_synthase	MAFFT	MAFFT-GINSI	dpa_align	2000	91.5	
ghf1	MAFFT	MAFFT-GINSI	dpa_align	200	80.9	
TNF	MAFFT	MAFFT-GINSI	dpa_align	1000	85.7	
ghf11	CLUSTALO	MAFFT-GINSI	dpa_align	100	88.6	
toxin	MAFFT	MAFFT-GINSI	dpa_align	500	90.6	
seatoxin	MAFFT_PT	MAFFT-GINSI	dpa_align	500	81.2	
mmp	CLUSTALO	MAFFT-GINSI	dpa_align	50	94.3	
Stap_Strp_toxin	MAFFT_PT	MAFFT-GINSI	dpa_align	200	81.8	
ghf11	MAFFT_PT	MAFFT-GINSI	dpa_align	2000	93.8	
hormone_rec	MAFFT	MAFFT-GINSI	dpa_align	500	72.7	
uce	CLUSTALO	MAFFT-GINSI	dpa_align	50	83.3	
phc	CLUSTALO	MAFFT-GINSI	dpa_align	100	96.6	
int	MAFFT_PT	MAFFT-GINSI	dpa_align	100	47.8	
myb_DNA-binding	MAFFT	MAFFT-GINSI	dpa_align	500	86.4	
rrm	MAFFT_PT	MAFFT-GINSI	dpa_align	50	57.9	
trfl	MAFFT_PT	MAFFT-GINSI	dpa_align	100	44.6	
hormone_rec	CLUSTALO	MAFFT-GINSI	dpa_align	500	73.0	
az	MAFFT	MAFFT-GINSI	dpa_align	100	71.9	
uce	MAFFT	MAFFT-GINSI	dpa_align	200	80.4	
hip	MAFFT	MAFFT-GINSI	dpa_align	500	88.4	
rnasemam	MAFFT	MAFFT-GINSI	dpa_align	500	93.8	
cyt3	MAFFT_PT	MAFFT-GINSI	dpa_align	50	59.7	
az	MAFFT_PT	MAFFT-GINSI	dpa_align	500	71.9	
rrm	MAFFT_PT	MAFFT-GINSI	dpa_align	1000	73.6	
hla	MAFFT	MAFFT-GINSI	dpa_align	1000	99.8	
subt	MAFFT_PT	MAFFT-GINSI	dpa_align	500	53.5	
ghf1	CLUSTALO	MAFFT-GINSI	dpa_align	50	87.7	
HMG_box	CLUSTALO	MAFFT-GINSI	dpa_align	2000	97.0	
cah	MAFFT	MAFFT-GINSI	dpa_align	2000	90.4	
tms	CLUSTALO	MAFFT-GINSI	dpa_align	200	95.0	
sodcu	MAFFT	MAFFT-GINSI	dpa_align	500	92.8	
PDZ	CLUSTALO	MAFFT-GINSI	dpa_align	100	72.9	
ghf1	MAFFT_PT	MAFFT-GINSI	dpa_align	100	86.3	
rvp	MAFFT	MAFFT-GINSI	dpa_align	100	66.4	
Acetyltransf	MAFFT	MAFFT-GINSI	dpa_align	500	45.9	
int	CLUSTALO	MAFFT-GINSI	dpa_align	500	81.0	
phc	CLUSTALO	MAFFT-GINSI	dpa_align	50	96.5	
egf	CLUSTALO	MAFFT-GINSI	dpa_align	200	69.2	
rhv	MAFFT_PT	MAFFT-GINSI	dpa_align	2000	41.7	
cyt3	CLUSTALO	MAFFT-GINSI	dpa_align	500	87.4	
OTCace	MAFFT_PT	MAFFT-GINSI	dpa_align	2000	93.7	
blmb	MAFFT_PT	MAFFT-GINSI	dpa_align	50	21.3	
ghf10	MAFFT_PT	MAFFT-GINSI	dpa_align	500	92.2	
flav	MAFFT	MAFFT-GINSI	dpa_align	2000	90.3	
zf-CCHH	CLUSTALO	MAFFT-GINSI	dpa_align	2000	89.6	
hormone_rec	MAFFT	MAFFT-GINSI	dpa_align	200	69.2	
phoslip	CLUSTALO	MAFFT-GINSI	dpa_align	500	94.7	
Ald_Xan_dh_2	MAFFT	MAFFT-GINSI	dpa_align	50	83.2	
PDZ	MAFFT	MAFFT-GINSI	dpa_align	2000	75.7	
icd	CLUSTALO	MAFFT-GINSI	dpa_align	200	92.6	
Rhodanese	MAFFT	MAFFT-GINSI	dpa_align	50	49.3	
rhv	MAFFT_PT	MAFFT-GINSI	dpa_align	200	39.3	
tim	MAFFT	MAFFT-GINSI	dpa_align	500	95.7	
proteasome	MAFFT	MAFFT-GINSI	dpa_align	50	82.1	
gpdh	CLUSTALO	MAFFT-GINSI	dpa_align	2000	94.5	
blm	CLUSTALO	MAFFT-GINSI	dpa_align	50	94.3	
hom	MAFFT_PT	MAFFT-GINSI	dpa_align	2000	94.1	
ltn	CLUSTALO	MAFFT-GINSI	dpa_align	2000	94.5	
slectin	CLUSTALO	MAFFT-GINSI	dpa_align	1000	94.9	
Acetyltransf	MAFFT	MAFFT-GINSI	dpa_align	2000	51.0	
adh	MAFFT_PT	MAFFT-GINSI	dpa_align	200	98.7	
sodfe	CLUSTALO	MAFFT-GINSI	dpa_align	500	67.8	
gluts	MAFFT	MAFFT-GINSI	dpa_align	50	80.1	
sodfe	CLUSTALO	MAFFT-GINSI	dpa_align	200	88.4	
tim	CLUSTALO	MAFFT-GINSI	dpa_align	2000	98.0	
ghf22	MAFFT_PT	MAFFT-GINSI	dpa_align	100	87.2	
Ald_Xan_dh_2	CLUSTALO	MAFFT-GINSI	dpa_align	200	85.8	
az	MAFFT_PT	MAFFT-GINSI	dpa_align	1000	75.2	
p450	MAFFT_PT	MAFFT-GINSI	dpa_align	1000	45.7	
ghf22	MAFFT	MAFFT-GINSI	dpa_align	100	95.9	
KAS	CLUSTALO	MAFFT-GINSI	dpa_align	2000	72.2	
cytb	MAFFT_PT	MAFFT-GINSI	dpa_align	200	51.5	
aadh	MAFFT_PT	MAFFT-GINSI	dpa_align	100	83.0	
rnasemam	MAFFT	MAFFT-GINSI	dpa_align	100	95.5	
ghf1	CLUSTALO	MAFFT-GINSI	dpa_align	500	90.3	
cys	MAFFT_PT	MAFFT-GINSI	dpa_align	2000	82.6	
sdr	MAFFT_PT	MAFFT-GINSI	dpa_align	100	74.5	
profilin	MAFFT_PT	MAFFT-GINSI	dpa_align	1000	91.0	
ghf5	MAFFT_PT	MAFFT-GINSI	dpa_align	1000	69.5	
proteasome	MAFFT_PT	MAFFT-GINSI	dpa_align	500	84.3	
ltn	MAFFT_PT	MAFFT-GINSI	dpa_align	100	74.6	
Stap_Strp_toxin	MAFFT	MAFFT-GINSI	dpa_align	1000	80.6	
trfl	MAFFT	MAFFT-GINSI	dpa_align	200	95.7	
aadh	MAFFT	MAFFT-GINSI	dpa_align	2000	84.3	
rub	MAFFT_PT	MAFFT-GINSI	dpa_align	200	93.7	
ldh	CLUSTALO	MAFFT-GINSI	dpa_align	2000	90.9	
ldh	CLUSTALO	MAFFT-GINSI	dpa_align	100	89.6	
PDZ	MAFFT_PT	MAFFT-GINSI	dpa_align	500	57.8	
rrm	MAFFT	MAFFT-GINSI	dpa_align	2000	70.2	
toxin	MAFFT_PT	MAFFT-GINSI	dpa_align	2000	90.6	
peroxidase	MAFFT	MAFFT-GINSI	dpa_align	1000	91.6	
rvp	CLUSTALO	MAFFT-GINSI	dpa_align	2000	84.2	
GEL	MAFFT	MAFFT-GINSI	dpa_align	50	64.1	
biotin_lipoyl	MAFFT	MAFFT-GINSI	dpa_align	1000	94.3	
il8	MAFFT	MAFFT-GINSI	dpa_align	100	80.4	
aat	MAFFT	MAFFT-GINSI	dpa_align	200	65.2	
msb	MAFFT	MAFFT-GINSI	dpa_align	1000	81.4	
blmb	MAFFT	MAFFT-GINSI	dpa_align	500	53.3	
ace	CLUSTALO	MAFFT-GINSI	dpa_align	2000	83.8	
cah	CLUSTALO	MAFFT-GINSI	dpa_align	500	87.8	
adh	MAFFT	MAFFT-GINSI	dpa_align	50	98.6	
ghf22	CLUSTALO	MAFFT-GINSI	dpa_align	500	94.8	
phoslip	MAFFT	MAFFT-GINSI	dpa_align	1000	94.4	
LIM	CLUSTALO	MAFFT-GINSI	dpa_align	50	97.7	
ins	MAFFT_PT	MAFFT-GINSI	dpa_align	500	88.6	
OTCace	MAFFT_PT	MAFFT-GINSI	dpa_align	500	93.9	
Ald_Xan_dh_2	CLUSTALO	MAFFT-GINSI	dpa_align	50	80.7	
rnasemam	MAFFT_PT	MAFFT-GINSI	dpa_align	100	89.6	
KAS	MAFFT	MAFFT-GINSI	dpa_align	1000	78.7	
cys	MAFFT_PT	MAFFT-GINSI	dpa_align	500	76.5	
lyase_1	MAFFT	MAFFT-GINSI	dpa_align	200	78.8	
sodfe	MAFFT_PT	MAFFT-GINSI	dpa_align	1000	90.4	
Stap_Strp_toxin	CLUSTALO	MAFFT-GINSI	dpa_align	50	73.4	
int	MAFFT	MAFFT-GINSI	dpa_align	500	43.7	
serpin	CLUSTALO	MAFFT-GINSI	dpa_align	2000	96.0	
HLH	CLUSTALO	MAFFT-GINSI	dpa_align	200	71.4	
aldosered	CLUSTALO	MAFFT-GINSI	dpa_align	1000	90.5	
annexin	MAFFT_PT	MAFFT-GINSI	dpa_align	500	99.5	
biotin_lipoyl	MAFFT_PT	MAFFT-GINSI	dpa_align	100	89.1	
uce	CLUSTALO	MAFFT-GINSI	dpa_align	2000	93.2	
zf-CCHH	MAFFT_PT	MAFFT-GINSI	dpa_align	500	79.5	
aadh	CLUSTALO	MAFFT-GINSI	dpa_align	200	81.7	
serpin	MAFFT	MAFFT-GINSI	dpa_align	50	92.2	
serpin	MAFFT	MAFFT-GINSI	dpa_align	200	94.6	
glob	MAFFT_PT	MAFFT-GINSI	dpa_align	1000	96.1	
hpr	MAFFT	MAFFT-GINSI	dpa_align	100	98.5	
Stap_Strp_toxin	MAFFT_PT	MAFFT-GINSI	dpa_align	1000	80.6	
phc	MAFFT	MAFFT-GINSI	dpa_align	500	96.5	
DEATH	MAFFT	MAFFT-GINSI	dpa_align	500	73.6	
slectin	MAFFT	MAFFT-GINSI	dpa_align	50	86.4	
cyt3	MAFFT	MAFFT-GINSI	dpa_align	500	85.4	
phoslip	MAFFT	MAFFT-GINSI	dpa_align	200	94.2	
ricin	MAFFT_PT	MAFFT-GINSI	dpa_align	2000	85.2	
rub	MAFFT	MAFFT-GINSI	dpa_align	200	99.2	
ghf11	MAFFT	MAFFT-GINSI	dpa_align	2000	93.8	
uce	CLUSTALO	MAFFT-GINSI	dpa_align	200	86.1	
subt	MAFFT	MAFFT-GINSI	dpa_align	200	66.1	
blm	CLUSTALO	MAFFT-GINSI	dpa_align	100	93.3	
peroxidase	CLUSTALO	MAFFT-GINSI	dpa_align	200	85.5	
subt	CLUSTALO	MAFFT-GINSI	dpa_align	50	70.0	
profilin	CLUSTALO	MAFFT-GINSI	dpa_align	100	87.5	
TNF	MAFFT_PT	MAFFT-GINSI	dpa_align	1000	85.7	
ins	MAFFT_PT	MAFFT-GINSI	dpa_align	2000	93.3	
tim	CLUSTALO	MAFFT-GINSI	dpa_align	500	97.3	
cys	MAFFT_PT	MAFFT-GINSI	dpa_align	50	70.8	
ghf5	MAFFT	MAFFT-GINSI	dpa_align	50	52.0	
seatoxin	MAFFT	MAFFT-GINSI	dpa_align	200	81.2	
zf-CCHH	CLUSTALO	MAFFT-GINSI	dpa_align	200	84.9	
ghf1	MAFFT	MAFFT-GINSI	dpa_align	500	93.1	
kringle	MAFFT	MAFFT-GINSI	dpa_align	1000	95.8	
hla	MAFFT	MAFFT-GINSI	dpa_align	2000	99.8	
adh	MAFFT_PT	MAFFT-GINSI	dpa_align	50	98.5	
asp	MAFFT	MAFFT-GINSI	dpa_align	200	87.9	
kunitz	CLUSTALO	MAFFT-GINSI	dpa_align	2000	96.2	
ltn	CLUSTALO	MAFFT-GINSI	dpa_align	200	92.2	
Acetyltransf	MAFFT_PT	MAFFT-GINSI	dpa_align	1000	50.1	
tim	CLUSTALO	MAFFT-GINSI	dpa_align	200	96.5	
bowman	CLUSTALO	MAFFT-GINSI	dpa_align	1000	66.3	
Sulfotransfer	MAFFT_PT	MAFFT-GINSI	dpa_align	50	30.9	
ghf13	MAFFT	MAFFT-GINSI	dpa_align	200	66.6	
myb_DNA-binding	MAFFT	MAFFT-GINSI	dpa_align	2000	79.8	
ins	MAFFT_PT	MAFFT-GINSI	dpa_align	50	62.0	
msb	MAFFT	MAFFT-GINSI	dpa_align	2000	80.3	
tgfb	CLUSTALO	MAFFT-GINSI	dpa_align	100	92.1	
rhv	MAFFT	MAFFT-GINSI	dpa_align	50	74.3	
gpdh	MAFFT	MAFFT-GINSI	dpa_align	2000	94.8	
hr	MAFFT	MAFFT-GINSI	dpa_align	1000	98.9	
ghf5	CLUSTALO	MAFFT-GINSI	dpa_align	1000	61.9	
mmp	MAFFT_PT	MAFFT-GINSI	dpa_align	2000	97.4	
sodcu	CLUSTALO	MAFFT-GINSI	dpa_align	200	92.6	
profilin	CLUSTALO	MAFFT-GINSI	dpa_align	200	86.4	
hom	MAFFT_PT	MAFFT-GINSI	dpa_align	1000	92.6	
ricin	MAFFT_PT	MAFFT-GINSI	dpa_align	1000	85.2	
