sodfe	MAFFT_PT	MAFFT-GINSI	dpa_align	500	23.9	
lyase_1	MAFFT_PT	MAFFT-GINSI	dpa_align	100	62.2	
gluts	CLUSTALO	MAFFT-GINSI	dpa_align	2000	62.7	
hormone_rec	MAFFT	MAFFT-GINSI	dpa_align	50	35.9	
uce	MAFFT	MAFFT-GINSI	dpa_align	100	34.9	
sodfe	CLUSTALO	MAFFT-GINSI	dpa_align	50	56.9	
flav	MAFFT	MAFFT-GINSI	dpa_align	100	61.1	
scorptoxin	CLUSTALO	MAFFT-GINSI	dpa_align	2000	69.9	
az	CLUSTALO	MAFFT-GINSI	dpa_align	2000	40.8	
toxin	MAFFT	MAFFT-GINSI	dpa_align	1000	53.2	
lyase_1	MAFFT_PT	MAFFT-GINSI	dpa_align	200	64.8	
profilin	CLUSTALO	MAFFT-GINSI	dpa_align	500	74.2	
DEATH	CLUSTALO	MAFFT-GINSI	dpa_align	100	42.7	
zf-CCHH	MAFFT	MAFFT-GINSI	dpa_align	50	37.1	
Sulfotransfer	MAFFT	MAFFT-GINSI	dpa_align	200	31.1	
egf	CLUSTALO	MAFFT-GINSI	dpa_align	500	30.9	
icd	MAFFT	MAFFT-GINSI	dpa_align	50	76.3	
sodfe	CLUSTALO	MAFFT-GINSI	dpa_align	100	62.2	
flav	MAFFT_PT	MAFFT-GINSI	dpa_align	500	65.1	
subt	CLUSTALO	MAFFT-GINSI	dpa_align	1000	40.8	
tim	CLUSTALO	MAFFT-GINSI	dpa_align	1000	89.2	
hr	MAFFT_PT	MAFFT-GINSI	dpa_align	500	92.4	
peroxidase	MAFFT	MAFFT-GINSI	dpa_align	2000	73.6	
cyt3	MAFFT	MAFFT-GINSI	dpa_align	50	41.5	
adh	MAFFT	MAFFT-GINSI	dpa_align	2000	96.5	
GEL	MAFFT_PT	MAFFT-GINSI	dpa_align	1000	38.4	
phoslip	CLUSTALO	MAFFT-GINSI	dpa_align	200	69.9	
sdr	MAFFT_PT	MAFFT-GINSI	dpa_align	100	29.7	
HMG_box	MAFFT_PT	MAFFT-GINSI	dpa_align	500	81.5	
kunitz	MAFFT	MAFFT-GINSI	dpa_align	100	50.0	
GEL	MAFFT_PT	MAFFT-GINSI	dpa_align	500	36.3	
tRNA-synt_2b	MAFFT_PT	MAFFT-GINSI	dpa_align	500	29.7	
ricin	MAFFT_PT	MAFFT-GINSI	dpa_align	2000	69.2	
lyase_1	CLUSTALO	MAFFT-GINSI	dpa_align	200	57.3	
HLH	MAFFT_PT	MAFFT-GINSI	dpa_align	2000	60.7	
hla	CLUSTALO	MAFFT-GINSI	dpa_align	2000	100.0	
p450	MAFFT	MAFFT-GINSI	dpa_align	200	27.9	
hpr	CLUSTALO	MAFFT-GINSI	dpa_align	2000	94.3	
GEL	MAFFT	MAFFT-GINSI	dpa_align	500	41.1	
tgfb	MAFFT	MAFFT-GINSI	dpa_align	200	64.1	
seatoxin	MAFFT	MAFFT-GINSI	dpa_align	50	30.6	
subt	CLUSTALO	MAFFT-GINSI	dpa_align	2000	41.6	
msb	CLUSTALO	MAFFT-GINSI	dpa_align	2000	53.8	
az	MAFFT_PT	MAFFT-GINSI	dpa_align	1000	38.6	
HMG_box	CLUSTALO	MAFFT-GINSI	dpa_align	100	76.5	
PDZ	CLUSTALO	MAFFT-GINSI	dpa_align	50	50.5	
serpin	MAFFT_PT	MAFFT-GINSI	dpa_align	200	47.2	
Stap_Strp_toxin	CLUSTALO	MAFFT-GINSI	dpa_align	2000	44.4	
Sulfotransfer	CLUSTALO	MAFFT-GINSI	dpa_align	50	39.5	
hr	CLUSTALO	MAFFT-GINSI	dpa_align	200	94.9	
ricin	MAFFT_PT	MAFFT-GINSI	dpa_align	500	78.8	
mofe	MAFFT	MAFFT-GINSI	dpa_align	2000	70.6	
profilin	MAFFT_PT	MAFFT-GINSI	dpa_align	50	66.4	
flav	CLUSTALO	MAFFT-GINSI	dpa_align	1000	70.3	
ldh	MAFFT_PT	MAFFT-GINSI	dpa_align	50	55.7	
phoslip	CLUSTALO	MAFFT-GINSI	dpa_align	2000	72.8	
cryst	MAFFT	MAFFT-GINSI	dpa_align	1000	64.6	
ltn	MAFFT_PT	MAFFT-GINSI	dpa_align	50	44.7	
subt	CLUSTALO	MAFFT-GINSI	dpa_align	100	18.1	
sodcu	MAFFT_PT	MAFFT-GINSI	dpa_align	1000	78.9	
glob	MAFFT	MAFFT-GINSI	dpa_align	500	48.8	
ace	CLUSTALO	MAFFT-GINSI	dpa_align	500	67.0	
HMG_box	CLUSTALO	MAFFT-GINSI	dpa_align	1000	82.7	
ltn	MAFFT_PT	MAFFT-GINSI	dpa_align	200	51.0	
icd	MAFFT_PT	MAFFT-GINSI	dpa_align	100	71.9	
asp	CLUSTALO	MAFFT-GINSI	dpa_align	100	43.0	
bowman	MAFFT	MAFFT-GINSI	dpa_align	100	87.1	
kunitz	MAFFT	MAFFT-GINSI	dpa_align	1000	70.0	
subt	MAFFT	MAFFT-GINSI	dpa_align	2000	40.3	
Ald_Xan_dh_2	MAFFT	MAFFT-GINSI	dpa_align	100	66.9	
ghf22	CLUSTALO	MAFFT-GINSI	dpa_align	500	83.1	
proteasome	CLUSTALO	MAFFT-GINSI	dpa_align	100	45.5	
tgfb	CLUSTALO	MAFFT-GINSI	dpa_align	1000	65.0	
tgfb	CLUSTALO	MAFFT-GINSI	dpa_align	2000	65.0	
sdr	CLUSTALO	MAFFT-GINSI	dpa_align	200	19.2	
oxidored_q6	CLUSTALO	MAFFT-GINSI	dpa_align	100	44.4	
az	MAFFT	MAFFT-GINSI	dpa_align	1000	40.2	
kringle	MAFFT	MAFFT-GINSI	dpa_align	100	61.8	
proteasome	CLUSTALO	MAFFT-GINSI	dpa_align	50	41.0	
sdr	CLUSTALO	MAFFT-GINSI	dpa_align	50	9.1	
msb	MAFFT	MAFFT-GINSI	dpa_align	2000	45.5	
cytb	MAFFT_PT	MAFFT-GINSI	dpa_align	500	39.1	
aadh	MAFFT_PT	MAFFT-GINSI	dpa_align	2000	49.2	
Ald_Xan_dh_2	MAFFT_PT	MAFFT-GINSI	dpa_align	2000	67.2	
sodfe	CLUSTALO	MAFFT-GINSI	dpa_align	1000	62.2	
sdr	MAFFT	MAFFT-GINSI	dpa_align	50	18.0	
ChtBD	CLUSTALO	MAFFT-GINSI	dpa_align	100	86.0	
serpin	MAFFT	MAFFT-GINSI	dpa_align	2000	78.1	
ghf22	MAFFT	MAFFT-GINSI	dpa_align	200	84.6	
DMRL_synthase	MAFFT_PT	MAFFT-GINSI	dpa_align	100	69.8	
ldh	MAFFT	MAFFT-GINSI	dpa_align	500	57.8	
ghf5	MAFFT_PT	MAFFT-GINSI	dpa_align	1000	38.8	
ghf22	MAFFT_PT	MAFFT-GINSI	dpa_align	100	69.2	
phoslip	MAFFT_PT	MAFFT-GINSI	dpa_align	1000	72.8	
ins	CLUSTALO	MAFFT-GINSI	dpa_align	50	69.6	
cah	MAFFT_PT	MAFFT-GINSI	dpa_align	1000	70.5	
sdr	MAFFT	MAFFT-GINSI	dpa_align	2000	17.7	
scorptoxin	MAFFT	MAFFT-GINSI	dpa_align	200	72.6	
rhv	CLUSTALO	MAFFT-GINSI	dpa_align	50	53.1	
mofe	MAFFT_PT	MAFFT-GINSI	dpa_align	50	66.0	
ChtBD	MAFFT	MAFFT-GINSI	dpa_align	2000	88.4	
LIM	MAFFT	MAFFT-GINSI	dpa_align	50	86.6	
PDZ	MAFFT_PT	MAFFT-GINSI	dpa_align	50	36.4	
bowman	CLUSTALO	MAFFT-GINSI	dpa_align	100	77.1	
flav	MAFFT_PT	MAFFT-GINSI	dpa_align	100	47.4	
blm	MAFFT_PT	MAFFT-GINSI	dpa_align	500	16.5	
sodfe	MAFFT	MAFFT-GINSI	dpa_align	1000	23.4	
tgfb	MAFFT	MAFFT-GINSI	dpa_align	50	59.0	
p450	MAFFT_PT	MAFFT-GINSI	dpa_align	200	21.6	
biotin_lipoyl	CLUSTALO	MAFFT-GINSI	dpa_align	500	70.6	
gpdh	MAFFT	MAFFT-GINSI	dpa_align	500	82.1	
ldh	CLUSTALO	MAFFT-GINSI	dpa_align	100	60.8	
sdr	MAFFT	MAFFT-GINSI	dpa_align	100	29.0	
subt	CLUSTALO	MAFFT-GINSI	dpa_align	50	18.4	
cys	MAFFT_PT	MAFFT-GINSI	dpa_align	2000	43.7	
DMRL_synthase	CLUSTALO	MAFFT-GINSI	dpa_align	100	69.2	
aadh	CLUSTALO	MAFFT-GINSI	dpa_align	500	51.5	
serpin	CLUSTALO	MAFFT-GINSI	dpa_align	100	79.9	
annexin	CLUSTALO	MAFFT-GINSI	dpa_align	500	52.5	
HLH	MAFFT	MAFFT-GINSI	dpa_align	500	56.0	
msb	MAFFT_PT	MAFFT-GINSI	dpa_align	50	38.6	
gpdh	MAFFT	MAFFT-GINSI	dpa_align	50	83.2	
Stap_Strp_toxin	MAFFT_PT	MAFFT-GINSI	dpa_align	50	44.9	
cyt3	CLUSTALO	MAFFT-GINSI	dpa_align	50	33.9	
LIM	CLUSTALO	MAFFT-GINSI	dpa_align	1000	86.6	
toxin	MAFFT	MAFFT-GINSI	dpa_align	2000	53.2	
gluts	MAFFT_PT	MAFFT-GINSI	dpa_align	100	63.5	
msb	MAFFT_PT	MAFFT-GINSI	dpa_align	500	34.5	
rnasemam	MAFFT_PT	MAFFT-GINSI	dpa_align	50	43.3	
gluts	MAFFT	MAFFT-GINSI	dpa_align	200	54.1	
LIM	CLUSTALO	MAFFT-GINSI	dpa_align	2000	86.6	
ghf10	MAFFT	MAFFT-GINSI	dpa_align	50	66.6	
il8	MAFFT	MAFFT-GINSI	dpa_align	2000	61.0	
HLH	MAFFT	MAFFT-GINSI	dpa_align	1000	52.4	
Sulfotransfer	CLUSTALO	MAFFT-GINSI	dpa_align	200	48.0	
ghf22	CLUSTALO	MAFFT-GINSI	dpa_align	1000	85.4	
ghf10	MAFFT	MAFFT-GINSI	dpa_align	1000	84.5	
Stap_Strp_toxin	CLUSTALO	MAFFT-GINSI	dpa_align	100	49.4	
hom	MAFFT	MAFFT-GINSI	dpa_align	2000	71.0	
gluts	MAFFT_PT	MAFFT-GINSI	dpa_align	2000	69.1	
toxin	MAFFT	MAFFT-GINSI	dpa_align	500	53.2	
Rhodanese	CLUSTALO	MAFFT-GINSI	dpa_align	500	43.8	
annexin	MAFFT_PT	MAFFT-GINSI	dpa_align	1000	51.9	
tms	MAFFT_PT	MAFFT-GINSI	dpa_align	100	79.6	
ltn	MAFFT	MAFFT-GINSI	dpa_align	1000	74.3	
aldosered	CLUSTALO	MAFFT-GINSI	dpa_align	200	70.5	
rub	MAFFT_PT	MAFFT-GINSI	dpa_align	2000	92.6	
proteasome	MAFFT_PT	MAFFT-GINSI	dpa_align	200	44.8	
phoslip	MAFFT_PT	MAFFT-GINSI	dpa_align	200	71.3	
aldosered	MAFFT	MAFFT-GINSI	dpa_align	200	61.2	
asp	MAFFT	MAFFT-GINSI	dpa_align	100	60.4	
ghf13	MAFFT_PT	MAFFT-GINSI	dpa_align	200	22.9	
KAS	CLUSTALO	MAFFT-GINSI	dpa_align	100	65.5	
OTCace	MAFFT_PT	MAFFT-GINSI	dpa_align	1000	84.9	
TNF	MAFFT	MAFFT-GINSI	dpa_align	100	70.7	
TNF	MAFFT	MAFFT-GINSI	dpa_align	200	67.5	
myb_DNA-binding	MAFFT	MAFFT-GINSI	dpa_align	100	57.1	
gluts	MAFFT	MAFFT-GINSI	dpa_align	1000	63.9	
il8	MAFFT	MAFFT-GINSI	dpa_align	500	59.7	
mmp	CLUSTALO	MAFFT-GINSI	dpa_align	1000	91.7	
cytb	MAFFT_PT	MAFFT-GINSI	dpa_align	50	21.7	
LIM	MAFFT_PT	MAFFT-GINSI	dpa_align	200	57.3	
Rhodanese	MAFFT_PT	MAFFT-GINSI	dpa_align	100	38.5	
az	MAFFT	MAFFT-GINSI	dpa_align	2000	40.8	
ace	MAFFT_PT	MAFFT-GINSI	dpa_align	100	48.3	
ghf11	MAFFT	MAFFT-GINSI	dpa_align	100	77.1	
int	MAFFT	MAFFT-GINSI	dpa_align	50	15.3	
peroxidase	MAFFT	MAFFT-GINSI	dpa_align	200	69.3	
Acetyltransf	MAFFT_PT	MAFFT-GINSI	dpa_align	1000	20.6	
ace	MAFFT_PT	MAFFT-GINSI	dpa_align	50	43.6	
ghf11	CLUSTALO	MAFFT-GINSI	dpa_align	50	81.8	
proteasome	CLUSTALO	MAFFT-GINSI	dpa_align	500	42.1	
mofe	MAFFT_PT	MAFFT-GINSI	dpa_align	200	69.2	
ghf1	CLUSTALO	MAFFT-GINSI	dpa_align	200	66.8	
rhv	MAFFT	MAFFT-GINSI	dpa_align	1000	50.6	
ghf5	MAFFT_PT	MAFFT-GINSI	dpa_align	200	24.2	
blmb	MAFFT	MAFFT-GINSI	dpa_align	500	23.6	
rub	MAFFT_PT	MAFFT-GINSI	dpa_align	200	85.2	
GEL	MAFFT_PT	MAFFT-GINSI	dpa_align	200	32.9	
trfl	MAFFT	MAFFT-GINSI	dpa_align	1000	3.7	
sodcu	CLUSTALO	MAFFT-GINSI	dpa_align	500	80.7	
Sulfotransfer	MAFFT	MAFFT-GINSI	dpa_align	1000	39.5	
Sulfotransfer	CLUSTALO	MAFFT-GINSI	dpa_align	1000	41.6	
int	MAFFT_PT	MAFFT-GINSI	dpa_align	1000	26.2	
kringle	CLUSTALO	MAFFT-GINSI	dpa_align	1000	80.9	
DEATH	MAFFT_PT	MAFFT-GINSI	dpa_align	1000	37.9	
phc	CLUSTALO	MAFFT-GINSI	dpa_align	500	91.6	
hip	MAFFT	MAFFT-GINSI	dpa_align	50	65.5	
ghf1	MAFFT	MAFFT-GINSI	dpa_align	500	73.0	
seatoxin	CLUSTALO	MAFFT-GINSI	dpa_align	200	46.9	
blmb	MAFFT	MAFFT-GINSI	dpa_align	50	29.8	
cah	MAFFT	MAFFT-GINSI	dpa_align	2000	74.2	
TNF	MAFFT_PT	MAFFT-GINSI	dpa_align	2000	68.2	
sodcu	MAFFT	MAFFT-GINSI	dpa_align	2000	78.9	
rvp	MAFFT	MAFFT-GINSI	dpa_align	100	36.9	
rhv	CLUSTALO	MAFFT-GINSI	dpa_align	1000	9.8	
peroxidase	MAFFT_PT	MAFFT-GINSI	dpa_align	100	70.5	
kringle	MAFFT_PT	MAFFT-GINSI	dpa_align	500	64.0	
rrm	MAFFT_PT	MAFFT-GINSI	dpa_align	100	13.5	
slectin	MAFFT	MAFFT-GINSI	dpa_align	2000	88.3	
tim	CLUSTALO	MAFFT-GINSI	dpa_align	50	88.0	
cys	CLUSTALO	MAFFT-GINSI	dpa_align	500	64.2	
proteasome	MAFFT_PT	MAFFT-GINSI	dpa_align	100	46.2	
cyclo	MAFFT_PT	MAFFT-GINSI	dpa_align	100	41.8	
aat	MAFFT_PT	MAFFT-GINSI	dpa_align	2000	41.5	
egf	MAFFT_PT	MAFFT-GINSI	dpa_align	2000	33.8	
kunitz	MAFFT_PT	MAFFT-GINSI	dpa_align	2000	76.7	
cah	MAFFT	MAFFT-GINSI	dpa_align	50	68.3	
cys	MAFFT	MAFFT-GINSI	dpa_align	50	53.7	
mofe	CLUSTALO	MAFFT-GINSI	dpa_align	100	74.2	
annexin	MAFFT	MAFFT-GINSI	dpa_align	500	57.5	
rub	MAFFT	MAFFT-GINSI	dpa_align	2000	96.3	
DMRL_synthase	CLUSTALO	MAFFT-GINSI	dpa_align	1000	71.0	
gpdh	CLUSTALO	MAFFT-GINSI	dpa_align	200	84.4	
az	MAFFT_PT	MAFFT-GINSI	dpa_align	100	37.5	
tms	MAFFT	MAFFT-GINSI	dpa_align	1000	83.2	
KAS	MAFFT_PT	MAFFT-GINSI	dpa_align	500	65.5	
az	CLUSTALO	MAFFT-GINSI	dpa_align	200	35.3	
biotin_lipoyl	MAFFT	MAFFT-GINSI	dpa_align	200	67.1	
ace	CLUSTALO	MAFFT-GINSI	dpa_align	200	62.5	
p450	MAFFT	MAFFT-GINSI	dpa_align	2000	0.8	
tRNA-synt_2b	CLUSTALO	MAFFT-GINSI	dpa_align	2000	31.7	
cah	CLUSTALO	MAFFT-GINSI	dpa_align	500	69.0	
ghf22	CLUSTALO	MAFFT-GINSI	dpa_align	50	78.5	
cah	MAFFT_PT	MAFFT-GINSI	dpa_align	100	57.2	
cryst	MAFFT	MAFFT-GINSI	dpa_align	2000	65.2	
mofe	MAFFT_PT	MAFFT-GINSI	dpa_align	500	64.5	
subt	MAFFT	MAFFT-GINSI	dpa_align	50	12.5	
biotin_lipoyl	MAFFT	MAFFT-GINSI	dpa_align	500	72.9	
kringle	CLUSTALO	MAFFT-GINSI	dpa_align	50	74.2	
glob	CLUSTALO	MAFFT-GINSI	dpa_align	2000	46.5	
hr	MAFFT_PT	MAFFT-GINSI	dpa_align	200	87.3	
ins	MAFFT_PT	MAFFT-GINSI	dpa_align	2000	75.4	
OTCace	MAFFT	MAFFT-GINSI	dpa_align	200	84.0	
oxidored_q6	CLUSTALO	MAFFT-GINSI	dpa_align	2000	92.1	
kunitz	CLUSTALO	MAFFT-GINSI	dpa_align	200	56.7	
scorptoxin	MAFFT_PT	MAFFT-GINSI	dpa_align	500	69.9	
cyclo	CLUSTALO	MAFFT-GINSI	dpa_align	50	72.5	
trfl	MAFFT_PT	MAFFT-GINSI	dpa_align	1000	3.7	
blm	CLUSTALO	MAFFT-GINSI	dpa_align	1000	88.8	
cytb	MAFFT_PT	MAFFT-GINSI	dpa_align	2000	65.2	
mmp	MAFFT_PT	MAFFT-GINSI	dpa_align	500	55.0	
cah	MAFFT	MAFFT-GINSI	dpa_align	1000	67.2	
sti	MAFFT_PT	MAFFT-GINSI	dpa_align	500	55.4	
rnasemam	MAFFT	MAFFT-GINSI	dpa_align	50	67.9	
ghf13	MAFFT	MAFFT-GINSI	dpa_align	100	34.1	
Stap_Strp_toxin	MAFFT_PT	MAFFT-GINSI	dpa_align	200	48.1	
flav	MAFFT_PT	MAFFT-GINSI	dpa_align	1000	71.4	
ltn	MAFFT_PT	MAFFT-GINSI	dpa_align	100	35.6	
slectin	MAFFT	MAFFT-GINSI	dpa_align	50	73.7	
trfl	MAFFT_PT	MAFFT-GINSI	dpa_align	200	4.4	
myb_DNA-binding	MAFFT_PT	MAFFT-GINSI	dpa_align	100	66.1	
slectin	MAFFT_PT	MAFFT-GINSI	dpa_align	500	86.9	
glob	CLUSTALO	MAFFT-GINSI	dpa_align	1000	50.0	
flav	MAFFT	MAFFT-GINSI	dpa_align	2000	74.9	
p450	MAFFT_PT	MAFFT-GINSI	dpa_align	1000	23.0	
msb	MAFFT_PT	MAFFT-GINSI	dpa_align	200	31.7	
rub	MAFFT_PT	MAFFT-GINSI	dpa_align	50	85.2	
Ald_Xan_dh_2	MAFFT_PT	MAFFT-GINSI	dpa_align	50	47.1	
tms	CLUSTALO	MAFFT-GINSI	dpa_align	100	83.5	
aat	MAFFT	MAFFT-GINSI	dpa_align	1000	49.9	
cytb	CLUSTALO	MAFFT-GINSI	dpa_align	200	51.1	
gpdh	CLUSTALO	MAFFT-GINSI	dpa_align	1000	84.1	
hom	MAFFT_PT	MAFFT-GINSI	dpa_align	2000	71.0	
cyclo	MAFFT_PT	MAFFT-GINSI	dpa_align	500	42.9	
ghf11	MAFFT_PT	MAFFT-GINSI	dpa_align	500	83.9	
sodfe	MAFFT	MAFFT-GINSI	dpa_align	200	54.1	
ghf13	CLUSTALO	MAFFT-GINSI	dpa_align	200	26.3	
az	MAFFT	MAFFT-GINSI	dpa_align	500	35.3	
blmb	CLUSTALO	MAFFT-GINSI	dpa_align	1000	19.3	
Acetyltransf	MAFFT	MAFFT-GINSI	dpa_align	50	28.0	
DEATH	MAFFT_PT	MAFFT-GINSI	dpa_align	2000	35.5	
kringle	MAFFT_PT	MAFFT-GINSI	dpa_align	100	56.2	
DEATH	CLUSTALO	MAFFT-GINSI	dpa_align	1000	35.5	
Acetyltransf	MAFFT	MAFFT-GINSI	dpa_align	500	19.0	
trfl	CLUSTALO	MAFFT-GINSI	dpa_align	500	4.1	
hla	MAFFT	MAFFT-GINSI	dpa_align	200	99.4	
phc	CLUSTALO	MAFFT-GINSI	dpa_align	200	89.4	
ins	MAFFT_PT	MAFFT-GINSI	dpa_align	200	65.2	
uce	MAFFT	MAFFT-GINSI	dpa_align	200	42.2	
toxin	MAFFT_PT	MAFFT-GINSI	dpa_align	50	36.4	
rub	MAFFT	MAFFT-GINSI	dpa_align	1000	96.3	
rnasemam	MAFFT_PT	MAFFT-GINSI	dpa_align	200	71.6	
rrm	CLUSTALO	MAFFT-GINSI	dpa_align	100	18.9	
mofe	MAFFT_PT	MAFFT-GINSI	dpa_align	100	67.7	
HLH	MAFFT_PT	MAFFT-GINSI	dpa_align	1000	65.5	
ghf11	MAFFT	MAFFT-GINSI	dpa_align	2000	83.9	
int	MAFFT_PT	MAFFT-GINSI	dpa_align	200	19.8	
DMRL_synthase	MAFFT_PT	MAFFT-GINSI	dpa_align	200	71.0	
adh	CLUSTALO	MAFFT-GINSI	dpa_align	2000	95.2	
sti	CLUSTALO	MAFFT-GINSI	dpa_align	500	58.2	
peroxidase	MAFFT	MAFFT-GINSI	dpa_align	50	48.7	
sti	MAFFT_PT	MAFFT-GINSI	dpa_align	2000	58.2	
subt	MAFFT_PT	MAFFT-GINSI	dpa_align	1000	16.8	
hla	CLUSTALO	MAFFT-GINSI	dpa_align	200	99.4	
HMG_box	CLUSTALO	MAFFT-GINSI	dpa_align	2000	84.0	
flav	CLUSTALO	MAFFT-GINSI	dpa_align	50	40.6	
peroxidase	MAFFT_PT	MAFFT-GINSI	dpa_align	1000	67.9	
myb_DNA-binding	CLUSTALO	MAFFT-GINSI	dpa_align	200	57.1	
hpr	MAFFT_PT	MAFFT-GINSI	dpa_align	1000	93.2	
hip	MAFFT_PT	MAFFT-GINSI	dpa_align	200	67.9	
phoslip	MAFFT_PT	MAFFT-GINSI	dpa_align	100	50.7	
cys	MAFFT_PT	MAFFT-GINSI	dpa_align	500	40.3	
rvp	MAFFT_PT	MAFFT-GINSI	dpa_align	200	39.6	
msb	MAFFT	MAFFT-GINSI	dpa_align	200	47.6	
cys	MAFFT	MAFFT-GINSI	dpa_align	2000	69.0	
rnasemam	CLUSTALO	MAFFT-GINSI	dpa_align	500	72.4	
p450	CLUSTALO	MAFFT-GINSI	dpa_align	50	26.7	
PDZ	CLUSTALO	MAFFT-GINSI	dpa_align	200	48.5	
tgfb	CLUSTALO	MAFFT-GINSI	dpa_align	100	61.5	
rrm	MAFFT	MAFFT-GINSI	dpa_align	1000	15.3	
flav	MAFFT_PT	MAFFT-GINSI	dpa_align	200	64.0	
ghf5	MAFFT	MAFFT-GINSI	dpa_align	500	37.5	
toxin	CLUSTALO	MAFFT-GINSI	dpa_align	50	45.5	
tim	MAFFT	MAFFT-GINSI	dpa_align	50	85.7	
kringle	MAFFT	MAFFT-GINSI	dpa_align	1000	78.7	
tRNA-synt_2b	MAFFT	MAFFT-GINSI	dpa_align	500	32.0	
rhv	MAFFT_PT	MAFFT-GINSI	dpa_align	50	44.8	
Acetyltransf	MAFFT_PT	MAFFT-GINSI	dpa_align	50	20.1	
aat	MAFFT	MAFFT-GINSI	dpa_align	2000	48.3	
ChtBD	MAFFT_PT	MAFFT-GINSI	dpa_align	500	86.0	
hom	MAFFT	MAFFT-GINSI	dpa_align	50	60.9	
aldosered	CLUSTALO	MAFFT-GINSI	dpa_align	500	72.6	
ricin	MAFFT_PT	MAFFT-GINSI	dpa_align	1000	69.2	
p450	MAFFT	MAFFT-GINSI	dpa_align	50	24.2	
aat	MAFFT	MAFFT-GINSI	dpa_align	100	33.3	
cys	MAFFT	MAFFT-GINSI	dpa_align	500	54.9	
phc	MAFFT_PT	MAFFT-GINSI	dpa_align	500	86.0	
aldosered	MAFFT_PT	MAFFT-GINSI	dpa_align	200	53.8	
proteasome	MAFFT	MAFFT-GINSI	dpa_align	200	38.3	
rrm	MAFFT	MAFFT-GINSI	dpa_align	50	14.4	
il8	MAFFT_PT	MAFFT-GINSI	dpa_align	1000	61.0	
hla	MAFFT	MAFFT-GINSI	dpa_align	50	99.4	
msb	CLUSTALO	MAFFT-GINSI	dpa_align	200	51.7	
Stap_Strp_toxin	MAFFT	MAFFT-GINSI	dpa_align	1000	44.4	
scorptoxin	CLUSTALO	MAFFT-GINSI	dpa_align	50	71.2	
bowman	MAFFT_PT	MAFFT-GINSI	dpa_align	500	34.3	
serpin	MAFFT_PT	MAFFT-GINSI	dpa_align	1000	60.8	
rhv	MAFFT_PT	MAFFT-GINSI	dpa_align	1000	16.5	
ace	CLUSTALO	MAFFT-GINSI	dpa_align	100	64.0	
proteasome	MAFFT	MAFFT-GINSI	dpa_align	500	43.4	
uce	CLUSTALO	MAFFT-GINSI	dpa_align	50	50.0	
Acetyltransf	MAFFT	MAFFT-GINSI	dpa_align	2000	19.0	
phc	CLUSTALO	MAFFT-GINSI	dpa_align	1000	92.2	
zf-CCHH	MAFFT_PT	MAFFT-GINSI	dpa_align	2000	54.3	
hr	CLUSTALO	MAFFT-GINSI	dpa_align	2000	96.2	
blm	MAFFT	MAFFT-GINSI	dpa_align	1000	86.9	
glob	MAFFT	MAFFT-GINSI	dpa_align	2000	45.3	
egf	MAFFT_PT	MAFFT-GINSI	dpa_align	1000	29.4	
Acetyltransf	MAFFT	MAFFT-GINSI	dpa_align	1000	24.3	
aadh	CLUSTALO	MAFFT-GINSI	dpa_align	200	51.5	
rrm	MAFFT_PT	MAFFT-GINSI	dpa_align	50	13.5	
rhv	CLUSTALO	MAFFT-GINSI	dpa_align	100	52.9	
oxidored_q6	CLUSTALO	MAFFT-GINSI	dpa_align	1000	92.9	
rhv	MAFFT	MAFFT-GINSI	dpa_align	200	2.3	
ChtBD	MAFFT	MAFFT-GINSI	dpa_align	1000	88.4	
sti	MAFFT_PT	MAFFT-GINSI	dpa_align	100	50.5	
PDZ	CLUSTALO	MAFFT-GINSI	dpa_align	1000	57.6	
Sulfotransfer	MAFFT	MAFFT-GINSI	dpa_align	500	36.5	
proteasome	MAFFT_PT	MAFFT-GINSI	dpa_align	500	43.4	
TNF	CLUSTALO	MAFFT-GINSI	dpa_align	50	70.1	
rrm	CLUSTALO	MAFFT-GINSI	dpa_align	1000	16.2	
slectin	MAFFT_PT	MAFFT-GINSI	dpa_align	50	75.9	
ghf13	MAFFT	MAFFT-GINSI	dpa_align	1000	28.5	
trfl	MAFFT_PT	MAFFT-GINSI	dpa_align	2000	3.7	
adh	MAFFT_PT	MAFFT-GINSI	dpa_align	500	97.1	
toxin	MAFFT	MAFFT-GINSI	dpa_align	50	44.2	
seatoxin	MAFFT	MAFFT-GINSI	dpa_align	1000	46.9	
ghf11	MAFFT	MAFFT-GINSI	dpa_align	500	81.8	
ltn	CLUSTALO	MAFFT-GINSI	dpa_align	2000	75.5	
cytb	MAFFT	MAFFT-GINSI	dpa_align	2000	62.0	
ricin	MAFFT	MAFFT-GINSI	dpa_align	2000	69.2	
ghf11	MAFFT	MAFFT-GINSI	dpa_align	1000	83.9	
asp	MAFFT_PT	MAFFT-GINSI	dpa_align	500	32.4	
adh	MAFFT	MAFFT-GINSI	dpa_align	50	96.5	
int	MAFFT	MAFFT-GINSI	dpa_align	2000	18.3	
HLH	MAFFT	MAFFT-GINSI	dpa_align	100	52.4	
PDZ	CLUSTALO	MAFFT-GINSI	dpa_align	2000	61.6	
ace	MAFFT	MAFFT-GINSI	dpa_align	500	56.7	
int	MAFFT_PT	MAFFT-GINSI	dpa_align	2000	23.8	
Sulfotransfer	CLUSTALO	MAFFT-GINSI	dpa_align	500	40.2	
phoslip	MAFFT	MAFFT-GINSI	dpa_align	2000	72.8	
slectin	MAFFT	MAFFT-GINSI	dpa_align	500	72.3	
HLH	MAFFT_PT	MAFFT-GINSI	dpa_align	500	51.2	
sodcu	MAFFT	MAFFT-GINSI	dpa_align	1000	77.7	
asp	CLUSTALO	MAFFT-GINSI	dpa_align	1000	44.7	
serpin	MAFFT	MAFFT-GINSI	dpa_align	500	78.9	
uce	MAFFT_PT	MAFFT-GINSI	dpa_align	200	22.9	
tms	MAFFT	MAFFT-GINSI	dpa_align	50	81.1	
DEATH	MAFFT_PT	MAFFT-GINSI	dpa_align	50	33.1	
cah	CLUSTALO	MAFFT-GINSI	dpa_align	200	62.0	
hr	MAFFT	MAFFT-GINSI	dpa_align	1000	94.9	
icd	CLUSTALO	MAFFT-GINSI	dpa_align	1000	80.7	
icd	CLUSTALO	MAFFT-GINSI	dpa_align	500	79.9	
ace	CLUSTALO	MAFFT-GINSI	dpa_align	1000	70.9	
msb	MAFFT	MAFFT-GINSI	dpa_align	1000	49.7	
tgfb	MAFFT_PT	MAFFT-GINSI	dpa_align	100	63.2	
phoslip	MAFFT	MAFFT-GINSI	dpa_align	200	72.1	
subt	MAFFT_PT	MAFFT-GINSI	dpa_align	100	10.7	
sti	CLUSTALO	MAFFT-GINSI	dpa_align	50	52.7	
ghf1	CLUSTALO	MAFFT-GINSI	dpa_align	100	68.6	
bowman	CLUSTALO	MAFFT-GINSI	dpa_align	500	34.3	
icd	CLUSTALO	MAFFT-GINSI	dpa_align	2000	82.1	
ghf10	MAFFT_PT	MAFFT-GINSI	dpa_align	1000	76.5	
rrm	MAFFT	MAFFT-GINSI	dpa_align	2000	15.3	
myb_DNA-binding	CLUSTALO	MAFFT-GINSI	dpa_align	100	53.6	
ldh	CLUSTALO	MAFFT-GINSI	dpa_align	2000	67.0	
scorptoxin	MAFFT_PT	MAFFT-GINSI	dpa_align	2000	69.9	
hr	CLUSTALO	MAFFT-GINSI	dpa_align	100	87.3	
tim	MAFFT	MAFFT-GINSI	dpa_align	2000	88.4	
ace	MAFFT	MAFFT-GINSI	dpa_align	2000	66.8	
seatoxin	MAFFT_PT	MAFFT-GINSI	dpa_align	2000	46.9	
kunitz	CLUSTALO	MAFFT-GINSI	dpa_align	2000	80.0	
ricin	CLUSTALO	MAFFT-GINSI	dpa_align	1000	69.2	
phoslip	MAFFT_PT	MAFFT-GINSI	dpa_align	50	52.9	
rrm	MAFFT_PT	MAFFT-GINSI	dpa_align	500	18.9	
adh	CLUSTALO	MAFFT-GINSI	dpa_align	100	97.1	
Rhodanese	CLUSTALO	MAFFT-GINSI	dpa_align	200	38.0	
HMG_box	CLUSTALO	MAFFT-GINSI	dpa_align	200	85.2	
Sulfotransfer	MAFFT	MAFFT-GINSI	dpa_align	50	31.1	
LIM	MAFFT	MAFFT-GINSI	dpa_align	500	87.8	
trfl	CLUSTALO	MAFFT-GINSI	dpa_align	100	3.0	
myb_DNA-binding	CLUSTALO	MAFFT-GINSI	dpa_align	50	57.1	
oxidored_q6	MAFFT_PT	MAFFT-GINSI	dpa_align	2000	94.4	
cyt3	MAFFT_PT	MAFFT-GINSI	dpa_align	200	64.4	
sodfe	MAFFT_PT	MAFFT-GINSI	dpa_align	200	62.7	
Ald_Xan_dh_2	CLUSTALO	MAFFT-GINSI	dpa_align	100	70.2	
phc	MAFFT	MAFFT-GINSI	dpa_align	200	88.8	
ghf5	MAFFT	MAFFT-GINSI	dpa_align	2000	38.3	
cah	MAFFT	MAFFT-GINSI	dpa_align	200	75.3	
zf-CCHH	MAFFT	MAFFT-GINSI	dpa_align	200	17.1	
sti	MAFFT	MAFFT-GINSI	dpa_align	500	57.6	
ace	MAFFT	MAFFT-GINSI	dpa_align	100	51.9	
ins	CLUSTALO	MAFFT-GINSI	dpa_align	500	82.6	
KAS	MAFFT	MAFFT-GINSI	dpa_align	50	66.8	
rrm	MAFFT	MAFFT-GINSI	dpa_align	100	11.7	
cytb	MAFFT_PT	MAFFT-GINSI	dpa_align	200	21.7	
PDZ	CLUSTALO	MAFFT-GINSI	dpa_align	500	55.6	
icd	MAFFT	MAFFT-GINSI	dpa_align	1000	82.1	
hla	CLUSTALO	MAFFT-GINSI	dpa_align	100	99.4	
GEL	MAFFT	MAFFT-GINSI	dpa_align	1000	34.2	
icd	MAFFT	MAFFT-GINSI	dpa_align	200	77.4	
kunitz	MAFFT_PT	MAFFT-GINSI	dpa_align	200	68.3	
KAS	MAFFT_PT	MAFFT-GINSI	dpa_align	200	67.0	
hormone_rec	MAFFT_PT	MAFFT-GINSI	dpa_align	500	50.5	
proteasome	MAFFT	MAFFT-GINSI	dpa_align	50	37.2	
hormone_rec	MAFFT	MAFFT-GINSI	dpa_align	100	42.0	
cah	CLUSTALO	MAFFT-GINSI	dpa_align	1000	70.5	
proteasome	MAFFT	MAFFT-GINSI	dpa_align	1000	43.1	
mofe	MAFFT	MAFFT-GINSI	dpa_align	50	69.6	
p450	CLUSTALO	MAFFT-GINSI	dpa_align	1000	32.1	
gluts	CLUSTALO	MAFFT-GINSI	dpa_align	500	61.8	
KAS	CLUSTALO	MAFFT-GINSI	dpa_align	1000	56.0	
myb_DNA-binding	MAFFT	MAFFT-GINSI	dpa_align	50	66.1	
flav	MAFFT_PT	MAFFT-GINSI	dpa_align	2000	70.9	
Ald_Xan_dh_2	CLUSTALO	MAFFT-GINSI	dpa_align	50	60.2	
cytb	MAFFT	MAFFT-GINSI	dpa_align	50	58.7	
adh	MAFFT	MAFFT-GINSI	dpa_align	1000	98.1	
sodcu	MAFFT	MAFFT-GINSI	dpa_align	50	62.7	
sodfe	CLUSTALO	MAFFT-GINSI	dpa_align	500	25.4	
Ald_Xan_dh_2	MAFFT_PT	MAFFT-GINSI	dpa_align	500	69.6	
cys	CLUSTALO	MAFFT-GINSI	dpa_align	50	55.2	
profilin	MAFFT_PT	MAFFT-GINSI	dpa_align	2000	77.3	
ins	CLUSTALO	MAFFT-GINSI	dpa_align	2000	75.4	
aadh	CLUSTALO	MAFFT-GINSI	dpa_align	100	56.5	
cys	CLUSTALO	MAFFT-GINSI	dpa_align	1000	62.7	
cyt3	CLUSTALO	MAFFT-GINSI	dpa_align	200	61.9	
lyase_1	MAFFT_PT	MAFFT-GINSI	dpa_align	2000	56.3	
msb	CLUSTALO	MAFFT-GINSI	dpa_align	50	50.3	
zf-CCHH	CLUSTALO	MAFFT-GINSI	dpa_align	50	34.3	
hr	MAFFT	MAFFT-GINSI	dpa_align	2000	94.9	
glob	MAFFT_PT	MAFFT-GINSI	dpa_align	2000	55.9	
Ald_Xan_dh_2	MAFFT_PT	MAFFT-GINSI	dpa_align	100	64.1	
gluts	CLUSTALO	MAFFT-GINSI	dpa_align	1000	59.2	
annexin	CLUSTALO	MAFFT-GINSI	dpa_align	1000	52.8	
ricin	MAFFT	MAFFT-GINSI	dpa_align	200	68.9	
DEATH	MAFFT	MAFFT-GINSI	dpa_align	500	37.9	
PDZ	MAFFT_PT	MAFFT-GINSI	dpa_align	1000	37.4	
flav	MAFFT	MAFFT-GINSI	dpa_align	50	66.3	
mofe	MAFFT_PT	MAFFT-GINSI	dpa_align	2000	74.2	
OTCace	CLUSTALO	MAFFT-GINSI	dpa_align	500	81.6	
peroxidase	CLUSTALO	MAFFT-GINSI	dpa_align	1000	69.3	
blmb	CLUSTALO	MAFFT-GINSI	dpa_align	100	16.0	
cyt3	CLUSTALO	MAFFT-GINSI	dpa_align	2000	64.4	
p450	MAFFT	MAFFT-GINSI	dpa_align	1000	25.1	
GEL	CLUSTALO	MAFFT-GINSI	dpa_align	100	39.0	
HMG_box	MAFFT	MAFFT-GINSI	dpa_align	2000	76.5	
GEL	MAFFT	MAFFT-GINSI	dpa_align	2000	35.6	
rvp	MAFFT_PT	MAFFT-GINSI	dpa_align	50	27.9	
gpdh	MAFFT_PT	MAFFT-GINSI	dpa_align	1000	84.9	
subt	MAFFT_PT	MAFFT-GINSI	dpa_align	2000	17.6	
LIM	MAFFT	MAFFT-GINSI	dpa_align	1000	86.6	
hr	CLUSTALO	MAFFT-GINSI	dpa_align	1000	96.2	
trfl	CLUSTALO	MAFFT-GINSI	dpa_align	1000	3.7	
aldosered	MAFFT_PT	MAFFT-GINSI	dpa_align	1000	38.5	
tgfb	MAFFT_PT	MAFFT-GINSI	dpa_align	500	59.8	
icd	MAFFT_PT	MAFFT-GINSI	dpa_align	200	74.9	
cryst	MAFFT	MAFFT-GINSI	dpa_align	100	1.1	
cyclo	MAFFT_PT	MAFFT-GINSI	dpa_align	1000	45.5	
tgfb	CLUSTALO	MAFFT-GINSI	dpa_align	500	71.8	
zf-CCHH	MAFFT	MAFFT-GINSI	dpa_align	500	34.3	
PDZ	MAFFT	MAFFT-GINSI	dpa_align	500	53.5	
int	CLUSTALO	MAFFT-GINSI	dpa_align	200	44.6	
phoslip	MAFFT	MAFFT-GINSI	dpa_align	50	72.8	
il8	MAFFT	MAFFT-GINSI	dpa_align	100	42.9	
KAS	MAFFT	MAFFT-GINSI	dpa_align	100	66.8	
DMRL_synthase	CLUSTALO	MAFFT-GINSI	dpa_align	50	73.4	
uce	MAFFT_PT	MAFFT-GINSI	dpa_align	50	15.1	
ghf5	CLUSTALO	MAFFT-GINSI	dpa_align	2000	36.0	
trfl	MAFFT_PT	MAFFT-GINSI	dpa_align	100	4.0	
HMG_box	MAFFT_PT	MAFFT-GINSI	dpa_align	100	64.2	
adh	CLUSTALO	MAFFT-GINSI	dpa_align	500	95.5	
ghf22	MAFFT	MAFFT-GINSI	dpa_align	2000	85.4	
TNF	MAFFT	MAFFT-GINSI	dpa_align	2000	68.2	
hpr	MAFFT	MAFFT-GINSI	dpa_align	50	92.0	
Sulfotransfer	MAFFT_PT	MAFFT-GINSI	dpa_align	200	24.0	
oxidored_q6	MAFFT_PT	MAFFT-GINSI	dpa_align	1000	93.2	
sodcu	CLUSTALO	MAFFT-GINSI	dpa_align	50	74.1	
ghf5	CLUSTALO	MAFFT-GINSI	dpa_align	100	10.0	
TNF	MAFFT	MAFFT-GINSI	dpa_align	50	67.5	
rub	CLUSTALO	MAFFT-GINSI	dpa_align	2000	96.3	
biotin_lipoyl	MAFFT	MAFFT-GINSI	dpa_align	50	58.8	
HMG_box	MAFFT_PT	MAFFT-GINSI	dpa_align	2000	90.1	
ldh	MAFFT_PT	MAFFT-GINSI	dpa_align	200	68.1	
annexin	MAFFT_PT	MAFFT-GINSI	dpa_align	2000	53.5	
blm	MAFFT	MAFFT-GINSI	dpa_align	500	37.1	
myb_DNA-binding	MAFFT_PT	MAFFT-GINSI	dpa_align	200	71.4	
icd	CLUSTALO	MAFFT-GINSI	dpa_align	100	78.5	
ghf11	CLUSTALO	MAFFT-GINSI	dpa_align	1000	83.9	
DMRL_synthase	MAFFT	MAFFT-GINSI	dpa_align	50	60.9	
ltn	MAFFT	MAFFT-GINSI	dpa_align	200	72.7	
TNF	CLUSTALO	MAFFT-GINSI	dpa_align	2000	68.2	
tim	MAFFT_PT	MAFFT-GINSI	dpa_align	200	85.7	
hip	CLUSTALO	MAFFT-GINSI	dpa_align	500	67.9	
hla	MAFFT_PT	MAFFT-GINSI	dpa_align	100	99.4	
KAS	MAFFT	MAFFT-GINSI	dpa_align	2000	52.2	
PDZ	MAFFT	MAFFT-GINSI	dpa_align	100	45.5	
hpr	MAFFT	MAFFT-GINSI	dpa_align	100	94.3	
mmp	MAFFT_PT	MAFFT-GINSI	dpa_align	2000	92.3	
az	MAFFT_PT	MAFFT-GINSI	dpa_align	500	34.8	
cys	MAFFT	MAFFT-GINSI	dpa_align	100	57.1	
OTCace	CLUSTALO	MAFFT-GINSI	dpa_align	1000	81.3	
hom	CLUSTALO	MAFFT-GINSI	dpa_align	50	58.0	
uce	CLUSTALO	MAFFT-GINSI	dpa_align	100	33.7	
ldh	MAFFT	MAFFT-GINSI	dpa_align	2000	33.0	
OTCace	MAFFT_PT	MAFFT-GINSI	dpa_align	100	89.3	
ghf1	CLUSTALO	MAFFT-GINSI	dpa_align	50	60.6	
Ald_Xan_dh_2	MAFFT_PT	MAFFT-GINSI	dpa_align	200	69.1	
adh	MAFFT	MAFFT-GINSI	dpa_align	100	98.1	
zf-CCHH	CLUSTALO	MAFFT-GINSI	dpa_align	500	51.4	
int	CLUSTALO	MAFFT-GINSI	dpa_align	100	43.1	
bowman	MAFFT	MAFFT-GINSI	dpa_align	50	35.7	
blm	CLUSTALO	MAFFT-GINSI	dpa_align	200	80.5	
phoslip	MAFFT_PT	MAFFT-GINSI	dpa_align	2000	72.8	
sodcu	CLUSTALO	MAFFT-GINSI	dpa_align	2000	78.3	
hr	MAFFT_PT	MAFFT-GINSI	dpa_align	50	74.7	
mofe	MAFFT	MAFFT-GINSI	dpa_align	100	65.8	
phc	MAFFT	MAFFT-GINSI	dpa_align	500	87.7	
ChtBD	MAFFT	MAFFT-GINSI	dpa_align	500	88.4	
scorptoxin	MAFFT	MAFFT-GINSI	dpa_align	500	69.9	
cytb	CLUSTALO	MAFFT-GINSI	dpa_align	500	53.3	
ghf5	MAFFT	MAFFT-GINSI	dpa_align	200	28.5	
ghf11	MAFFT	MAFFT-GINSI	dpa_align	50	73.4	
egf	CLUSTALO	MAFFT-GINSI	dpa_align	2000	36.8	
p450	MAFFT_PT	MAFFT-GINSI	dpa_align	100	12.0	
ghf5	CLUSTALO	MAFFT-GINSI	dpa_align	200	19.3	
gluts	MAFFT_PT	MAFFT-GINSI	dpa_align	50	66.5	
hormone_rec	MAFFT	MAFFT-GINSI	dpa_align	2000	52.3	
rrm	CLUSTALO	MAFFT-GINSI	dpa_align	2000	22.5	
sdr	CLUSTALO	MAFFT-GINSI	dpa_align	1000	19.9	
DMRL_synthase	CLUSTALO	MAFFT-GINSI	dpa_align	500	72.8	
oxidored_q6	MAFFT	MAFFT-GINSI	dpa_align	200	93.6	
gpdh	CLUSTALO	MAFFT-GINSI	dpa_align	50	83.0	
Rhodanese	CLUSTALO	MAFFT-GINSI	dpa_align	50	34.4	
cyclo	CLUSTALO	MAFFT-GINSI	dpa_align	1000	75.7	
profilin	MAFFT	MAFFT-GINSI	dpa_align	2000	77.3	
seatoxin	MAFFT	MAFFT-GINSI	dpa_align	500	46.9	
cys	MAFFT_PT	MAFFT-GINSI	dpa_align	100	26.1	
Acetyltransf	MAFFT_PT	MAFFT-GINSI	dpa_align	2000	23.3	
Acetyltransf	CLUSTALO	MAFFT-GINSI	dpa_align	500	23.3	
az	CLUSTALO	MAFFT-GINSI	dpa_align	50	31.0	
Rhodanese	CLUSTALO	MAFFT-GINSI	dpa_align	100	34.9	
rrm	MAFFT_PT	MAFFT-GINSI	dpa_align	2000	17.1	
sdr	MAFFT_PT	MAFFT-GINSI	dpa_align	500	23.3	
adh	CLUSTALO	MAFFT-GINSI	dpa_align	1000	95.7	
DMRL_synthase	MAFFT	MAFFT-GINSI	dpa_align	200	70.4	
tRNA-synt_2b	MAFFT	MAFFT-GINSI	dpa_align	100	25.9	
tim	MAFFT	MAFFT-GINSI	dpa_align	200	87.6	
biotin_lipoyl	MAFFT_PT	MAFFT-GINSI	dpa_align	1000	74.1	
int	MAFFT_PT	MAFFT-GINSI	dpa_align	50	12.9	
lyase_1	MAFFT	MAFFT-GINSI	dpa_align	2000	50.7	
aadh	CLUSTALO	MAFFT-GINSI	dpa_align	2000	56.9	
kunitz	MAFFT_PT	MAFFT-GINSI	dpa_align	100	46.7	
flav	MAFFT	MAFFT-GINSI	dpa_align	1000	70.9	
ghf5	CLUSTALO	MAFFT-GINSI	dpa_align	500	28.8	
ghf1	MAFFT	MAFFT-GINSI	dpa_align	1000	74.2	
ace	MAFFT_PT	MAFFT-GINSI	dpa_align	1000	55.0	
uce	MAFFT_PT	MAFFT-GINSI	dpa_align	1000	30.7	
myb_DNA-binding	MAFFT	MAFFT-GINSI	dpa_align	2000	62.5	
asp	MAFFT	MAFFT-GINSI	dpa_align	500	71.9	
OTCace	MAFFT	MAFFT-GINSI	dpa_align	500	87.5	
hpr	CLUSTALO	MAFFT-GINSI	dpa_align	200	79.5	
cytb	MAFFT_PT	MAFFT-GINSI	dpa_align	1000	51.1	
sodfe	MAFFT	MAFFT-GINSI	dpa_align	500	56.9	
HLH	MAFFT	MAFFT-GINSI	dpa_align	50	52.4	
rhv	MAFFT	MAFFT-GINSI	dpa_align	500	20.8	
ldh	MAFFT	MAFFT-GINSI	dpa_align	1000	58.9	
hla	MAFFT	MAFFT-GINSI	dpa_align	1000	99.4	
GEL	MAFFT	MAFFT-GINSI	dpa_align	100	37.7	
mofe	MAFFT	MAFFT-GINSI	dpa_align	1000	72.3	
ace	MAFFT	MAFFT-GINSI	dpa_align	1000	66.1	
tRNA-synt_2b	MAFFT_PT	MAFFT-GINSI	dpa_align	200	32.6	
kringle	MAFFT	MAFFT-GINSI	dpa_align	500	69.7	
sdr	MAFFT	MAFFT-GINSI	dpa_align	500	15.5	
ace	MAFFT_PT	MAFFT-GINSI	dpa_align	500	54.7	
zf-CCHH	MAFFT	MAFFT-GINSI	dpa_align	1000	11.4	
egf	MAFFT_PT	MAFFT-GINSI	dpa_align	500	27.9	
HMG_box	CLUSTALO	MAFFT-GINSI	dpa_align	50	69.1	
Sulfotransfer	CLUSTALO	MAFFT-GINSI	dpa_align	100	36.1	
gpdh	CLUSTALO	MAFFT-GINSI	dpa_align	2000	83.8	
gpdh	MAFFT_PT	MAFFT-GINSI	dpa_align	2000	84.4	
OTCace	CLUSTALO	MAFFT-GINSI	dpa_align	2000	81.6	
phc	CLUSTALO	MAFFT-GINSI	dpa_align	100	83.8	
cyclo	CLUSTALO	MAFFT-GINSI	dpa_align	500	73.5	
rhv	MAFFT_PT	MAFFT-GINSI	dpa_align	200	4.3	
ghf1	CLUSTALO	MAFFT-GINSI	dpa_align	500	64.8	
ricin	CLUSTALO	MAFFT-GINSI	dpa_align	100	75.5	
toxin	MAFFT_PT	MAFFT-GINSI	dpa_align	2000	53.2	
egf	MAFFT_PT	MAFFT-GINSI	dpa_align	200	29.4	
HMG_box	MAFFT	MAFFT-GINSI	dpa_align	1000	74.1	
ghf1	CLUSTALO	MAFFT-GINSI	dpa_align	1000	69.8	
tgfb	MAFFT	MAFFT-GINSI	dpa_align	100	62.4	
PDZ	MAFFT	MAFFT-GINSI	dpa_align	50	43.4	
oxidored_q6	MAFFT_PT	MAFFT-GINSI	dpa_align	500	94.0	
cyclo	MAFFT	MAFFT-GINSI	dpa_align	50	56.1	
glob	MAFFT_PT	MAFFT-GINSI	dpa_align	50	48.2	
tim	MAFFT	MAFFT-GINSI	dpa_align	100	86.9	
peroxidase	MAFFT_PT	MAFFT-GINSI	dpa_align	50	59.3	
flav	CLUSTALO	MAFFT-GINSI	dpa_align	500	62.3	
msb	MAFFT	MAFFT-GINSI	dpa_align	100	42.1	
Rhodanese	MAFFT	MAFFT-GINSI	dpa_align	50	32.8	
ldh	CLUSTALO	MAFFT-GINSI	dpa_align	200	30.5	
kringle	CLUSTALO	MAFFT-GINSI	dpa_align	2000	82.0	
ghf13	MAFFT	MAFFT-GINSI	dpa_align	2000	28.9	
annexin	MAFFT_PT	MAFFT-GINSI	dpa_align	500	98.4	
Stap_Strp_toxin	MAFFT_PT	MAFFT-GINSI	dpa_align	100	48.1	
oxidored_q6	MAFFT_PT	MAFFT-GINSI	dpa_align	50	92.1	
profilin	CLUSTALO	MAFFT-GINSI	dpa_align	50	68.0	
gluts	CLUSTALO	MAFFT-GINSI	dpa_align	100	62.2	
aadh	MAFFT_PT	MAFFT-GINSI	dpa_align	200	55.8	
bowman	MAFFT_PT	MAFFT-GINSI	dpa_align	100	11.4	
cryst	CLUSTALO	MAFFT-GINSI	dpa_align	100	0.0	
hip	CLUSTALO	MAFFT-GINSI	dpa_align	100	61.9	
ldh	CLUSTALO	MAFFT-GINSI	dpa_align	500	63.0	
tim	CLUSTALO	MAFFT-GINSI	dpa_align	500	86.1	
hormone_rec	MAFFT_PT	MAFFT-GINSI	dpa_align	50	38.1	
phc	MAFFT_PT	MAFFT-GINSI	dpa_align	100	86.6	
adh	CLUSTALO	MAFFT-GINSI	dpa_align	50	97.1	
zf-CCHH	MAFFT_PT	MAFFT-GINSI	dpa_align	50	42.9	
aldosered	MAFFT	MAFFT-GINSI	dpa_align	2000	66.2	
hla	CLUSTALO	MAFFT-GINSI	dpa_align	500	99.4	
blmb	CLUSTALO	MAFFT-GINSI	dpa_align	200	14.9	
scorptoxin	CLUSTALO	MAFFT-GINSI	dpa_align	500	69.9	
sti	CLUSTALO	MAFFT-GINSI	dpa_align	200	54.3	
biotin_lipoyl	CLUSTALO	MAFFT-GINSI	dpa_align	1000	72.9	
tRNA-synt_2b	MAFFT	MAFFT-GINSI	dpa_align	2000	32.8	
blm	MAFFT_PT	MAFFT-GINSI	dpa_align	2000	12.7	
rnasemam	MAFFT	MAFFT-GINSI	dpa_align	500	72.4	
sodcu	MAFFT	MAFFT-GINSI	dpa_align	200	77.1	
cyt3	MAFFT	MAFFT-GINSI	dpa_align	1000	63.6	
adh	MAFFT_PT	MAFFT-GINSI	dpa_align	200	96.8	
egf	CLUSTALO	MAFFT-GINSI	dpa_align	50	19.1	
tgfb	CLUSTALO	MAFFT-GINSI	dpa_align	200	59.0	
flav	MAFFT	MAFFT-GINSI	dpa_align	500	68.0	
biotin_lipoyl	MAFFT_PT	MAFFT-GINSI	dpa_align	500	72.9	
annexin	CLUSTALO	MAFFT-GINSI	dpa_align	2000	50.0	
sodcu	CLUSTALO	MAFFT-GINSI	dpa_align	100	72.3	
mmp	MAFFT	MAFFT-GINSI	dpa_align	200	85.2	
LIM	MAFFT_PT	MAFFT-GINSI	dpa_align	500	63.4	
PDZ	MAFFT	MAFFT-GINSI	dpa_align	2000	51.5	
proteasome	CLUSTALO	MAFFT-GINSI	dpa_align	2000	43.1	
kunitz	MAFFT_PT	MAFFT-GINSI	dpa_align	50	41.7	
hormone_rec	MAFFT_PT	MAFFT-GINSI	dpa_align	2000	50.5	
cyclo	MAFFT_PT	MAFFT-GINSI	dpa_align	200	43.4	
ghf10	CLUSTALO	MAFFT-GINSI	dpa_align	1000	79.6	
trfl	MAFFT	MAFFT-GINSI	dpa_align	2000	3.7	
blmb	MAFFT_PT	MAFFT-GINSI	dpa_align	200	10.2	
ltn	MAFFT	MAFFT-GINSI	dpa_align	500	71.5	
Rhodanese	CLUSTALO	MAFFT-GINSI	dpa_align	2000	37.0	
gpdh	MAFFT_PT	MAFFT-GINSI	dpa_align	200	83.5	
serpin	MAFFT_PT	MAFFT-GINSI	dpa_align	50	51.0	
ChtBD	CLUSTALO	MAFFT-GINSI	dpa_align	200	90.7	
HLH	MAFFT_PT	MAFFT-GINSI	dpa_align	200	51.2	
tRNA-synt_2b	MAFFT	MAFFT-GINSI	dpa_align	1000	32.3	
tRNA-synt_2b	CLUSTALO	MAFFT-GINSI	dpa_align	500	29.9	
ghf10	MAFFT	MAFFT-GINSI	dpa_align	100	76.2	
peroxidase	MAFFT	MAFFT-GINSI	dpa_align	500	73.1	
ghf13	CLUSTALO	MAFFT-GINSI	dpa_align	50	26.5	
DEATH	MAFFT	MAFFT-GINSI	dpa_align	2000	35.5	
il8	MAFFT_PT	MAFFT-GINSI	dpa_align	200	37.7	
blm	MAFFT_PT	MAFFT-GINSI	dpa_align	1000	11.6	
aat	CLUSTALO	MAFFT-GINSI	dpa_align	1000	51.9	
toxin	CLUSTALO	MAFFT-GINSI	dpa_align	200	41.6	
rhv	MAFFT	MAFFT-GINSI	dpa_align	100	44.6	
DEATH	CLUSTALO	MAFFT-GINSI	dpa_align	2000	35.5	
az	MAFFT	MAFFT-GINSI	dpa_align	50	33.7	
hr	MAFFT_PT	MAFFT-GINSI	dpa_align	100	88.6	
asp	MAFFT	MAFFT-GINSI	dpa_align	200	66.0	
sti	CLUSTALO	MAFFT-GINSI	dpa_align	1000	58.2	
biotin_lipoyl	MAFFT_PT	MAFFT-GINSI	dpa_align	100	65.9	
cyt3	MAFFT	MAFFT-GINSI	dpa_align	100	41.5	
int	MAFFT	MAFFT-GINSI	dpa_align	100	16.3	
ghf22	CLUSTALO	MAFFT-GINSI	dpa_align	200	85.4	
ins	CLUSTALO	MAFFT-GINSI	dpa_align	1000	75.4	
aldosered	MAFFT_PT	MAFFT-GINSI	dpa_align	500	43.4	
ghf5	MAFFT	MAFFT-GINSI	dpa_align	50	22.9	
HMG_box	MAFFT	MAFFT-GINSI	dpa_align	500	72.8	
rvp	CLUSTALO	MAFFT-GINSI	dpa_align	200	51.4	
annexin	MAFFT_PT	MAFFT-GINSI	dpa_align	200	97.8	
OTCace	MAFFT	MAFFT-GINSI	dpa_align	50	84.3	
subt	MAFFT_PT	MAFFT-GINSI	dpa_align	200	13.8	
TNF	MAFFT_PT	MAFFT-GINSI	dpa_align	1000	68.2	
HLH	MAFFT	MAFFT-GINSI	dpa_align	2000	54.8	
adh	MAFFT	MAFFT-GINSI	dpa_align	200	98.1	
cryst	MAFFT	MAFFT-GINSI	dpa_align	50	1.1	
tms	MAFFT_PT	MAFFT-GINSI	dpa_align	50	74.0	
OTCace	MAFFT_PT	MAFFT-GINSI	dpa_align	200	84.6	
scorptoxin	MAFFT_PT	MAFFT-GINSI	dpa_align	200	80.8	
HMG_box	MAFFT_PT	MAFFT-GINSI	dpa_align	200	74.1	
ghf22	MAFFT	MAFFT-GINSI	dpa_align	100	84.6	
hom	MAFFT_PT	MAFFT-GINSI	dpa_align	100	58.0	
tgfb	MAFFT_PT	MAFFT-GINSI	dpa_align	2000	65.0	
rhv	CLUSTALO	MAFFT-GINSI	dpa_align	200	4.4	
sdr	CLUSTALO	MAFFT-GINSI	dpa_align	100	13.6	
toxin	MAFFT	MAFFT-GINSI	dpa_align	200	55.8	
trfl	MAFFT	MAFFT-GINSI	dpa_align	200	86.6	
slectin	MAFFT	MAFFT-GINSI	dpa_align	100	73.0	
DEATH	MAFFT	MAFFT-GINSI	dpa_align	200	37.9	
oxidored_q6	MAFFT	MAFFT-GINSI	dpa_align	100	93.2	
ghf13	MAFFT_PT	MAFFT-GINSI	dpa_align	2000	28.2	
tms	CLUSTALO	MAFFT-GINSI	dpa_align	1000	84.6	
aldosered	MAFFT	MAFFT-GINSI	dpa_align	500	63.7	
cryst	CLUSTALO	MAFFT-GINSI	dpa_align	50	0.0	
HLH	CLUSTALO	MAFFT-GINSI	dpa_align	50	46.4	
HLH	CLUSTALO	MAFFT-GINSI	dpa_align	200	46.4	
trfl	MAFFT	MAFFT-GINSI	dpa_align	100	4.1	
ricin	MAFFT_PT	MAFFT-GINSI	dpa_align	100	73.6	
hr	MAFFT	MAFFT-GINSI	dpa_align	200	92.4	
Acetyltransf	CLUSTALO	MAFFT-GINSI	dpa_align	1000	20.6	
ldh	MAFFT	MAFFT-GINSI	dpa_align	50	40.5	
hr	MAFFT_PT	MAFFT-GINSI	dpa_align	1000	94.9	
hom	MAFFT_PT	MAFFT-GINSI	dpa_align	200	68.1	
peroxidase	CLUSTALO	MAFFT-GINSI	dpa_align	100	67.3	
uce	MAFFT	MAFFT-GINSI	dpa_align	2000	43.4	
profilin	MAFFT	MAFFT-GINSI	dpa_align	200	64.1	
ltn	MAFFT_PT	MAFFT-GINSI	dpa_align	500	69.2	
az	MAFFT_PT	MAFFT-GINSI	dpa_align	50	36.4	
int	MAFFT_PT	MAFFT-GINSI	dpa_align	500	11.9	
KAS	CLUSTALO	MAFFT-GINSI	dpa_align	500	68.5	
sdr	MAFFT_PT	MAFFT-GINSI	dpa_align	50	27.1	
annexin	MAFFT_PT	MAFFT-GINSI	dpa_align	100	98.4	
ins	MAFFT	MAFFT-GINSI	dpa_align	50	49.3	
il8	MAFFT_PT	MAFFT-GINSI	dpa_align	100	55.8	
asp	MAFFT_PT	MAFFT-GINSI	dpa_align	200	43.6	
tim	MAFFT	MAFFT-GINSI	dpa_align	1000	87.6	
ghf10	MAFFT	MAFFT-GINSI	dpa_align	200	78.6	
phc	MAFFT_PT	MAFFT-GINSI	dpa_align	200	81.0	
cryst	CLUSTALO	MAFFT-GINSI	dpa_align	2000	65.7	
cytb	MAFFT_PT	MAFFT-GINSI	dpa_align	100	22.8	
oxidored_q6	MAFFT	MAFFT-GINSI	dpa_align	500	90.6	
aadh	MAFFT	MAFFT-GINSI	dpa_align	50	50.1	
aat	CLUSTALO	MAFFT-GINSI	dpa_align	50	44.6	
ChtBD	MAFFT_PT	MAFFT-GINSI	dpa_align	50	72.1	
cah	MAFFT_PT	MAFFT-GINSI	dpa_align	2000	73.4	
hom	CLUSTALO	MAFFT-GINSI	dpa_align	100	69.6	
rvp	MAFFT_PT	MAFFT-GINSI	dpa_align	1000	59.5	
ins	MAFFT	MAFFT-GINSI	dpa_align	1000	75.4	
ghf10	MAFFT_PT	MAFFT-GINSI	dpa_align	200	66.6	
glob	CLUSTALO	MAFFT-GINSI	dpa_align	50	50.6	
hla	MAFFT	MAFFT-GINSI	dpa_align	500	99.4	
blmb	MAFFT	MAFFT-GINSI	dpa_align	2000	29.5	
subt	CLUSTALO	MAFFT-GINSI	dpa_align	500	35.7	
tms	MAFFT_PT	MAFFT-GINSI	dpa_align	1000	83.2	
rnasemam	MAFFT	MAFFT-GINSI	dpa_align	2000	72.4	
tms	CLUSTALO	MAFFT-GINSI	dpa_align	50	80.7	
tim	MAFFT_PT	MAFFT-GINSI	dpa_align	500	84.9	
az	MAFFT	MAFFT-GINSI	dpa_align	200	37.5	
icd	MAFFT_PT	MAFFT-GINSI	dpa_align	2000	82.1	
p450	CLUSTALO	MAFFT-GINSI	dpa_align	100	33.7	
uce	MAFFT	MAFFT-GINSI	dpa_align	1000	48.8	
ace	MAFFT	MAFFT-GINSI	dpa_align	200	59.2	
icd	MAFFT	MAFFT-GINSI	dpa_align	2000	82.4	
serpin	MAFFT	MAFFT-GINSI	dpa_align	200	80.7	
egf	MAFFT	MAFFT-GINSI	dpa_align	1000	32.4	
cys	MAFFT_PT	MAFFT-GINSI	dpa_align	50	28.7	
tRNA-synt_2b	MAFFT_PT	MAFFT-GINSI	dpa_align	100	23.5	
Stap_Strp_toxin	CLUSTALO	MAFFT-GINSI	dpa_align	200	46.5	
LIM	MAFFT_PT	MAFFT-GINSI	dpa_align	1000	63.4	
ghf5	MAFFT	MAFFT-GINSI	dpa_align	100	20.8	
DEATH	MAFFT	MAFFT-GINSI	dpa_align	1000	39.5	
ghf1	MAFFT	MAFFT-GINSI	dpa_align	100	42.1	
profilin	MAFFT_PT	MAFFT-GINSI	dpa_align	200	68.0	
GEL	CLUSTALO	MAFFT-GINSI	dpa_align	200	39.7	
zf-CCHH	MAFFT_PT	MAFFT-GINSI	dpa_align	100	42.9	
scorptoxin	MAFFT	MAFFT-GINSI	dpa_align	2000	69.9	
kringle	MAFFT	MAFFT-GINSI	dpa_align	50	61.8	
mmp	MAFFT_PT	MAFFT-GINSI	dpa_align	50	80.5	
kringle	CLUSTALO	MAFFT-GINSI	dpa_align	500	78.7	
phc	CLUSTALO	MAFFT-GINSI	dpa_align	2000	88.8	
scorptoxin	MAFFT	MAFFT-GINSI	dpa_align	100	80.8	
il8	MAFFT	MAFFT-GINSI	dpa_align	200	55.8	
tRNA-synt_2b	CLUSTALO	MAFFT-GINSI	dpa_align	200	33.1	
rvp	MAFFT_PT	MAFFT-GINSI	dpa_align	2000	59.5	
GEL	CLUSTALO	MAFFT-GINSI	dpa_align	500	36.3	
ghf1	MAFFT	MAFFT-GINSI	dpa_align	50	42.3	
hormone_rec	CLUSTALO	MAFFT-GINSI	dpa_align	200	49.1	
cytb	CLUSTALO	MAFFT-GINSI	dpa_align	1000	59.8	
hom	MAFFT_PT	MAFFT-GINSI	dpa_align	50	60.9	
sodfe	MAFFT	MAFFT-GINSI	dpa_align	2000	62.7	
serpin	MAFFT	MAFFT-GINSI	dpa_align	100	80.9	
hormone_rec	MAFFT	MAFFT-GINSI	dpa_align	500	46.3	
peroxidase	CLUSTALO	MAFFT-GINSI	dpa_align	50	61.3	
OTCace	MAFFT_PT	MAFFT-GINSI	dpa_align	2000	82.5	
HLH	CLUSTALO	MAFFT-GINSI	dpa_align	100	51.2	
hip	CLUSTALO	MAFFT-GINSI	dpa_align	1000	67.9	
aat	MAFFT_PT	MAFFT-GINSI	dpa_align	50	27.5	
oxidored_q6	CLUSTALO	MAFFT-GINSI	dpa_align	50	42.9	
lyase_1	CLUSTALO	MAFFT-GINSI	dpa_align	50	66.4	
uce	MAFFT_PT	MAFFT-GINSI	dpa_align	500	19.9	
rhv	CLUSTALO	MAFFT-GINSI	dpa_align	2000	2.9	
cyclo	MAFFT	MAFFT-GINSI	dpa_align	1000	71.4	
ghf11	MAFFT	MAFFT-GINSI	dpa_align	200	80.7	
subt	MAFFT_PT	MAFFT-GINSI	dpa_align	50	12.8	
ricin	MAFFT	MAFFT-GINSI	dpa_align	1000	69.2	
bowman	MAFFT	MAFFT-GINSI	dpa_align	2000	34.3	
cytb	CLUSTALO	MAFFT-GINSI	dpa_align	50	54.3	
Stap_Strp_toxin	CLUSTALO	MAFFT-GINSI	dpa_align	500	44.4	
PDZ	MAFFT_PT	MAFFT-GINSI	dpa_align	500	32.3	
aldosered	CLUSTALO	MAFFT-GINSI	dpa_align	2000	70.5	
gluts	MAFFT_PT	MAFFT-GINSI	dpa_align	1000	75.1	
rnasemam	MAFFT	MAFFT-GINSI	dpa_align	100	76.9	
trfl	MAFFT	MAFFT-GINSI	dpa_align	50	87.7	
phc	MAFFT	MAFFT-GINSI	dpa_align	50	81.0	
blm	MAFFT	MAFFT-GINSI	dpa_align	200	23.2	
cyt3	CLUSTALO	MAFFT-GINSI	dpa_align	100	45.8	
cyt3	MAFFT	MAFFT-GINSI	dpa_align	200	54.2	
HMG_box	MAFFT	MAFFT-GINSI	dpa_align	100	65.4	
slectin	CLUSTALO	MAFFT-GINSI	dpa_align	50	81.8	
rub	CLUSTALO	MAFFT-GINSI	dpa_align	200	87.0	
ldh	MAFFT_PT	MAFFT-GINSI	dpa_align	100	65.9	
tms	MAFFT	MAFFT-GINSI	dpa_align	100	79.3	
profilin	MAFFT_PT	MAFFT-GINSI	dpa_align	1000	77.3	
cah	CLUSTALO	MAFFT-GINSI	dpa_align	50	51.3	
lyase_1	MAFFT	MAFFT-GINSI	dpa_align	500	68.0	
scorptoxin	MAFFT	MAFFT-GINSI	dpa_align	1000	69.9	
trfl	CLUSTALO	MAFFT-GINSI	dpa_align	200	5.6	
rvp	CLUSTALO	MAFFT-GINSI	dpa_align	100	49.5	
zf-CCHH	CLUSTALO	MAFFT-GINSI	dpa_align	100	45.7	
subt	MAFFT	MAFFT-GINSI	dpa_align	1000	29.3	
oxidored_q6	CLUSTALO	MAFFT-GINSI	dpa_align	200	91.4	
slectin	MAFFT_PT	MAFFT-GINSI	dpa_align	200	77.4	
int	MAFFT	MAFFT-GINSI	dpa_align	200	17.8	
KAS	CLUSTALO	MAFFT-GINSI	dpa_align	200	63.0	
tRNA-synt_2b	CLUSTALO	MAFFT-GINSI	dpa_align	1000	29.1	
rub	MAFFT_PT	MAFFT-GINSI	dpa_align	1000	96.3	
tms	MAFFT	MAFFT-GINSI	dpa_align	500	82.1	
lyase_1	MAFFT_PT	MAFFT-GINSI	dpa_align	50	57.9	
KAS	MAFFT_PT	MAFFT-GINSI	dpa_align	100	66.8	
KAS	CLUSTALO	MAFFT-GINSI	dpa_align	2000	52.2	
uce	CLUSTALO	MAFFT-GINSI	dpa_align	2000	65.7	
rnasemam	CLUSTALO	MAFFT-GINSI	dpa_align	50	74.6	
PDZ	MAFFT	MAFFT-GINSI	dpa_align	1000	43.4	
Rhodanese	MAFFT	MAFFT-GINSI	dpa_align	2000	46.9	
ghf11	MAFFT_PT	MAFFT-GINSI	dpa_align	1000	83.9	
gluts	MAFFT_PT	MAFFT-GINSI	dpa_align	500	73.4	
hip	MAFFT	MAFFT-GINSI	dpa_align	2000	67.9	
biotin_lipoyl	CLUSTALO	MAFFT-GINSI	dpa_align	100	70.6	
OTCace	CLUSTALO	MAFFT-GINSI	dpa_align	50	80.7	
OTCace	MAFFT_PT	MAFFT-GINSI	dpa_align	500	82.8	
hla	CLUSTALO	MAFFT-GINSI	dpa_align	50	97.8	
subt	CLUSTALO	MAFFT-GINSI	dpa_align	200	29.3	
sodcu	MAFFT_PT	MAFFT-GINSI	dpa_align	200	72.9	
rvp	CLUSTALO	MAFFT-GINSI	dpa_align	2000	56.8	
aldosered	CLUSTALO	MAFFT-GINSI	dpa_align	1000	72.6	
bowman	CLUSTALO	MAFFT-GINSI	dpa_align	50	71.4	
scorptoxin	MAFFT_PT	MAFFT-GINSI	dpa_align	100	78.1	
slectin	MAFFT_PT	MAFFT-GINSI	dpa_align	100	86.1	
rnasemam	CLUSTALO	MAFFT-GINSI	dpa_align	100	70.1	
seatoxin	CLUSTALO	MAFFT-GINSI	dpa_align	2000	46.9	
bowman	MAFFT_PT	MAFFT-GINSI	dpa_align	50	32.9	
ghf10	MAFFT	MAFFT-GINSI	dpa_align	2000	83.3	
sti	CLUSTALO	MAFFT-GINSI	dpa_align	100	50.5	
mmp	MAFFT_PT	MAFFT-GINSI	dpa_align	100	59.2	
PDZ	MAFFT_PT	MAFFT-GINSI	dpa_align	100	34.3	
mmp	MAFFT	MAFFT-GINSI	dpa_align	100	87.6	
hla	MAFFT	MAFFT-GINSI	dpa_align	2000	99.4	
HLH	MAFFT_PT	MAFFT-GINSI	dpa_align	100	52.4	
ace	CLUSTALO	MAFFT-GINSI	dpa_align	50	62.3	
proteasome	MAFFT_PT	MAFFT-GINSI	dpa_align	1000	43.1	
hpr	MAFFT_PT	MAFFT-GINSI	dpa_align	200	85.2	
blm	CLUSTALO	MAFFT-GINSI	dpa_align	2000	89.1	
Ald_Xan_dh_2	CLUSTALO	MAFFT-GINSI	dpa_align	1000	66.8	
GEL	MAFFT	MAFFT-GINSI	dpa_align	200	45.2	
OTCace	MAFFT_PT	MAFFT-GINSI	dpa_align	50	82.5	
Ald_Xan_dh_2	MAFFT	MAFFT-GINSI	dpa_align	500	70.4	
peroxidase	MAFFT	MAFFT-GINSI	dpa_align	1000	72.2	
cyt3	MAFFT_PT	MAFFT-GINSI	dpa_align	1000	65.3	
hr	CLUSTALO	MAFFT-GINSI	dpa_align	50	87.3	
sodcu	MAFFT_PT	MAFFT-GINSI	dpa_align	50	75.3	
cyclo	MAFFT	MAFFT-GINSI	dpa_align	100	55.0	
glob	CLUSTALO	MAFFT-GINSI	dpa_align	100	50.6	
blm	MAFFT_PT	MAFFT-GINSI	dpa_align	100	9.0	
rub	MAFFT_PT	MAFFT-GINSI	dpa_align	500	96.3	
ghf5	CLUSTALO	MAFFT-GINSI	dpa_align	1000	32.9	
phc	CLUSTALO	MAFFT-GINSI	dpa_align	50	84.4	
asp	CLUSTALO	MAFFT-GINSI	dpa_align	500	41.4	
ltn	CLUSTALO	MAFFT-GINSI	dpa_align	200	68.8	
kunitz	CLUSTALO	MAFFT-GINSI	dpa_align	100	70.0	
ricin	MAFFT_PT	MAFFT-GINSI	dpa_align	50	60.1	
ghf10	CLUSTALO	MAFFT-GINSI	dpa_align	2000	83.3	
phoslip	CLUSTALO	MAFFT-GINSI	dpa_align	500	72.1	
hormone_rec	MAFFT_PT	MAFFT-GINSI	dpa_align	200	39.9	
tim	CLUSTALO	MAFFT-GINSI	dpa_align	2000	89.6	
blmb	MAFFT_PT	MAFFT-GINSI	dpa_align	500	5.5	
LIM	CLUSTALO	MAFFT-GINSI	dpa_align	200	86.6	
glob	MAFFT	MAFFT-GINSI	dpa_align	1000	54.7	
DEATH	CLUSTALO	MAFFT-GINSI	dpa_align	500	44.4	
gluts	CLUSTALO	MAFFT-GINSI	dpa_align	200	66.1	
Ald_Xan_dh_2	MAFFT_PT	MAFFT-GINSI	dpa_align	1000	69.1	
Rhodanese	MAFFT	MAFFT-GINSI	dpa_align	500	35.4	
myb_DNA-binding	CLUSTALO	MAFFT-GINSI	dpa_align	1000	75.0	
cryst	MAFFT_PT	MAFFT-GINSI	dpa_align	100	1.1	
myb_DNA-binding	MAFFT_PT	MAFFT-GINSI	dpa_align	50	71.4	
ghf10	CLUSTALO	MAFFT-GINSI	dpa_align	50	79.9	
LIM	MAFFT	MAFFT-GINSI	dpa_align	100	86.6	
blm	MAFFT	MAFFT-GINSI	dpa_align	100	20.6	
blmb	MAFFT_PT	MAFFT-GINSI	dpa_align	50	5.1	
Ald_Xan_dh_2	CLUSTALO	MAFFT-GINSI	dpa_align	2000	65.1	
cryst	CLUSTALO	MAFFT-GINSI	dpa_align	500	34.8	
DMRL_synthase	CLUSTALO	MAFFT-GINSI	dpa_align	200	69.8	
peroxidase	MAFFT_PT	MAFFT-GINSI	dpa_align	500	72.2	
rvp	MAFFT_PT	MAFFT-GINSI	dpa_align	100	37.8	
mofe	CLUSTALO	MAFFT-GINSI	dpa_align	1000	71.1	
tms	CLUSTALO	MAFFT-GINSI	dpa_align	500	83.9	
gpdh	MAFFT	MAFFT-GINSI	dpa_align	1000	84.4	
DEATH	MAFFT	MAFFT-GINSI	dpa_align	100	33.9	
cyclo	CLUSTALO	MAFFT-GINSI	dpa_align	2000	74.6	
cytb	MAFFT	MAFFT-GINSI	dpa_align	500	66.3	
aat	MAFFT	MAFFT-GINSI	dpa_align	200	23.3	
annexin	MAFFT	MAFFT-GINSI	dpa_align	50	97.8	
hpr	MAFFT	MAFFT-GINSI	dpa_align	2000	94.3	
ldh	MAFFT_PT	MAFFT-GINSI	dpa_align	500	59.7	
gluts	MAFFT	MAFFT-GINSI	dpa_align	50	49.4	
icd	MAFFT_PT	MAFFT-GINSI	dpa_align	500	81.0	
DEATH	CLUSTALO	MAFFT-GINSI	dpa_align	200	37.1	
ghf13	MAFFT_PT	MAFFT-GINSI	dpa_align	100	25.3	
sodfe	MAFFT_PT	MAFFT-GINSI	dpa_align	50	59.3	
cryst	MAFFT_PT	MAFFT-GINSI	dpa_align	1000	1.7	
HMG_box	MAFFT_PT	MAFFT-GINSI	dpa_align	1000	80.2	
tRNA-synt_2b	MAFFT_PT	MAFFT-GINSI	dpa_align	50	29.1	
myb_DNA-binding	MAFFT	MAFFT-GINSI	dpa_align	500	71.4	
icd	MAFFT_PT	MAFFT-GINSI	dpa_align	1000	81.3	
aadh	MAFFT	MAFFT-GINSI	dpa_align	2000	55.3	
Acetyltransf	CLUSTALO	MAFFT-GINSI	dpa_align	100	20.1	
KAS	MAFFT_PT	MAFFT-GINSI	dpa_align	1000	51.5	
hormone_rec	CLUSTALO	MAFFT-GINSI	dpa_align	2000	52.7	
cyt3	MAFFT	MAFFT-GINSI	dpa_align	2000	63.6	
cyt3	MAFFT_PT	MAFFT-GINSI	dpa_align	500	65.3	
rrm	CLUSTALO	MAFFT-GINSI	dpa_align	500	20.7	
ldh	CLUSTALO	MAFFT-GINSI	dpa_align	50	54.3	
ins	CLUSTALO	MAFFT-GINSI	dpa_align	100	72.5	
sti	MAFFT	MAFFT-GINSI	dpa_align	1000	58.2	
rvp	MAFFT_PT	MAFFT-GINSI	dpa_align	500	59.5	
ghf22	MAFFT_PT	MAFFT-GINSI	dpa_align	50	71.5	
sodcu	CLUSTALO	MAFFT-GINSI	dpa_align	1000	77.1	
biotin_lipoyl	MAFFT	MAFFT-GINSI	dpa_align	2000	70.6	
asp	MAFFT_PT	MAFFT-GINSI	dpa_align	2000	47.6	
lyase_1	MAFFT_PT	MAFFT-GINSI	dpa_align	1000	62.6	
p450	CLUSTALO	MAFFT-GINSI	dpa_align	200	27.7	
mofe	CLUSTALO	MAFFT-GINSI	dpa_align	50	70.6	
msb	MAFFT_PT	MAFFT-GINSI	dpa_align	2000	56.6	
oxidored_q6	CLUSTALO	MAFFT-GINSI	dpa_align	500	92.5	
Ald_Xan_dh_2	MAFFT	MAFFT-GINSI	dpa_align	2000	67.2	
sodfe	MAFFT	MAFFT-GINSI	dpa_align	100	59.8	
biotin_lipoyl	MAFFT_PT	MAFFT-GINSI	dpa_align	200	65.9	
kunitz	CLUSTALO	MAFFT-GINSI	dpa_align	500	65.0	
Stap_Strp_toxin	MAFFT	MAFFT-GINSI	dpa_align	100	44.0	
cys	MAFFT	MAFFT-GINSI	dpa_align	200	67.5	
bowman	CLUSTALO	MAFFT-GINSI	dpa_align	2000	34.3	
blmb	MAFFT	MAFFT-GINSI	dpa_align	200	29.8	
hom	CLUSTALO	MAFFT-GINSI	dpa_align	200	71.0	
LIM	MAFFT	MAFFT-GINSI	dpa_align	2000	86.6	
zf-CCHH	MAFFT_PT	MAFFT-GINSI	dpa_align	1000	51.4	
hpr	CLUSTALO	MAFFT-GINSI	dpa_align	1000	94.3	
Sulfotransfer	CLUSTALO	MAFFT-GINSI	dpa_align	2000	38.5	
p450	MAFFT_PT	MAFFT-GINSI	dpa_align	500	8.6	
rnasemam	MAFFT_PT	MAFFT-GINSI	dpa_align	500	72.4	
sti	MAFFT	MAFFT-GINSI	dpa_align	2000	58.2	
hr	MAFFT_PT	MAFFT-GINSI	dpa_align	2000	96.2	
rnasemam	CLUSTALO	MAFFT-GINSI	dpa_align	1000	72.4	
rrm	CLUSTALO	MAFFT-GINSI	dpa_align	50	12.6	
egf	MAFFT	MAFFT-GINSI	dpa_align	500	30.9	
egf	CLUSTALO	MAFFT-GINSI	dpa_align	1000	36.8	
serpin	MAFFT_PT	MAFFT-GINSI	dpa_align	100	54.0	
ChtBD	CLUSTALO	MAFFT-GINSI	dpa_align	2000	88.4	
cryst	MAFFT	MAFFT-GINSI	dpa_align	500	1.1	
ghf22	MAFFT_PT	MAFFT-GINSI	dpa_align	1000	85.4	
hormone_rec	CLUSTALO	MAFFT-GINSI	dpa_align	50	51.2	
aldosered	CLUSTALO	MAFFT-GINSI	dpa_align	100	71.7	
slectin	MAFFT_PT	MAFFT-GINSI	dpa_align	2000	87.6	
mmp	CLUSTALO	MAFFT-GINSI	dpa_align	50	84.6	
biotin_lipoyl	CLUSTALO	MAFFT-GINSI	dpa_align	50	71.8	
mmp	CLUSTALO	MAFFT-GINSI	dpa_align	100	80.5	
seatoxin	MAFFT_PT	MAFFT-GINSI	dpa_align	100	46.9	
rub	MAFFT	MAFFT-GINSI	dpa_align	100	79.6	
sodfe	MAFFT_PT	MAFFT-GINSI	dpa_align	2000	59.8	
sti	MAFFT	MAFFT-GINSI	dpa_align	100	60.3	
asp	MAFFT	MAFFT-GINSI	dpa_align	50	55.3	
DMRL_synthase	MAFFT	MAFFT-GINSI	dpa_align	500	72.2	
TNF	MAFFT	MAFFT-GINSI	dpa_align	1000	68.2	
ltn	MAFFT_PT	MAFFT-GINSI	dpa_align	2000	75.5	
OTCace	MAFFT	MAFFT-GINSI	dpa_align	1000	88.4	
hpr	MAFFT_PT	MAFFT-GINSI	dpa_align	100	84.1	
ace	MAFFT	MAFFT-GINSI	dpa_align	50	46.7	
lyase_1	CLUSTALO	MAFFT-GINSI	dpa_align	1000	56.1	
bowman	MAFFT_PT	MAFFT-GINSI	dpa_align	2000	34.3	
cytb	MAFFT	MAFFT-GINSI	dpa_align	100	48.9	
ltn	MAFFT	MAFFT-GINSI	dpa_align	50	67.6	
toxin	CLUSTALO	MAFFT-GINSI	dpa_align	2000	53.2	
ricin	MAFFT	MAFFT-GINSI	dpa_align	50	65.6	
tgfb	CLUSTALO	MAFFT-GINSI	dpa_align	50	56.4	
TNF	CLUSTALO	MAFFT-GINSI	dpa_align	500	66.9	
HLH	CLUSTALO	MAFFT-GINSI	dpa_align	500	51.2	
ChtBD	CLUSTALO	MAFFT-GINSI	dpa_align	50	93.0	
ghf10	CLUSTALO	MAFFT-GINSI	dpa_align	500	82.4	
slectin	MAFFT	MAFFT-GINSI	dpa_align	1000	88.3	
Stap_Strp_toxin	CLUSTALO	MAFFT-GINSI	dpa_align	50	35.8	
sodcu	MAFFT_PT	MAFFT-GINSI	dpa_align	2000	75.3	
tim	CLUSTALO	MAFFT-GINSI	dpa_align	100	88.4	
KAS	CLUSTALO	MAFFT-GINSI	dpa_align	50	61.8	
oxidored_q6	MAFFT	MAFFT-GINSI	dpa_align	1000	94.4	
blmb	MAFFT_PT	MAFFT-GINSI	dpa_align	100	5.8	
ChtBD	MAFFT_PT	MAFFT-GINSI	dpa_align	1000	88.4	
phoslip	CLUSTALO	MAFFT-GINSI	dpa_align	1000	72.8	
mofe	CLUSTALO	MAFFT-GINSI	dpa_align	2000	71.9	
aat	MAFFT_PT	MAFFT-GINSI	dpa_align	1000	44.6	
icd	MAFFT	MAFFT-GINSI	dpa_align	500	79.6	
cryst	CLUSTALO	MAFFT-GINSI	dpa_align	200	0.0	
aat	CLUSTALO	MAFFT-GINSI	dpa_align	200	37.9	
GEL	CLUSTALO	MAFFT-GINSI	dpa_align	50	39.7	
lyase_1	MAFFT	MAFFT-GINSI	dpa_align	50	47.9	
tgfb	MAFFT	MAFFT-GINSI	dpa_align	2000	65.0	
ltn	CLUSTALO	MAFFT-GINSI	dpa_align	100	68.8	
rnasemam	MAFFT_PT	MAFFT-GINSI	dpa_align	1000	72.4	
GEL	CLUSTALO	MAFFT-GINSI	dpa_align	1000	36.3	
ghf5	MAFFT_PT	MAFFT-GINSI	dpa_align	50	19.3	
LIM	CLUSTALO	MAFFT-GINSI	dpa_align	50	86.6	
bowman	MAFFT_PT	MAFFT-GINSI	dpa_align	200	11.4	
ins	MAFFT_PT	MAFFT-GINSI	dpa_align	500	69.6	
subt	MAFFT_PT	MAFFT-GINSI	dpa_align	500	16.3	
HMG_box	MAFFT_PT	MAFFT-GINSI	dpa_align	50	60.5	
blm	MAFFT	MAFFT-GINSI	dpa_align	2000	86.1	
msb	CLUSTALO	MAFFT-GINSI	dpa_align	500	55.2	
myb_DNA-binding	CLUSTALO	MAFFT-GINSI	dpa_align	2000	69.6	
hip	MAFFT_PT	MAFFT-GINSI	dpa_align	500	67.9	
tgfb	MAFFT_PT	MAFFT-GINSI	dpa_align	1000	64.1	
toxin	MAFFT_PT	MAFFT-GINSI	dpa_align	100	40.3	
tgfb	MAFFT	MAFFT-GINSI	dpa_align	500	62.4	
aadh	MAFFT_PT	MAFFT-GINSI	dpa_align	50	55.6	
cah	CLUSTALO	MAFFT-GINSI	dpa_align	2000	74.2	
ins	MAFFT_PT	MAFFT-GINSI	dpa_align	1000	75.4	
gpdh	MAFFT	MAFFT-GINSI	dpa_align	2000	84.6	
rrm	MAFFT	MAFFT-GINSI	dpa_align	500	14.4	
gpdh	CLUSTALO	MAFFT-GINSI	dpa_align	100	83.5	
p450	MAFFT	MAFFT-GINSI	dpa_align	100	27.9	
HMG_box	CLUSTALO	MAFFT-GINSI	dpa_align	500	79.0	
TNF	CLUSTALO	MAFFT-GINSI	dpa_align	200	67.5	
ghf5	MAFFT_PT	MAFFT-GINSI	dpa_align	2000	39.3	
flav	CLUSTALO	MAFFT-GINSI	dpa_align	2000	75.4	
hip	MAFFT_PT	MAFFT-GINSI	dpa_align	1000	67.9	
p450	MAFFT_PT	MAFFT-GINSI	dpa_align	2000	21.6	
toxin	CLUSTALO	MAFFT-GINSI	dpa_align	1000	53.2	
seatoxin	MAFFT_PT	MAFFT-GINSI	dpa_align	200	46.9	
serpin	CLUSTALO	MAFFT-GINSI	dpa_align	50	76.6	
HMG_box	MAFFT	MAFFT-GINSI	dpa_align	50	65.4	
aadh	MAFFT	MAFFT-GINSI	dpa_align	100	47.6	
hip	MAFFT	MAFFT-GINSI	dpa_align	100	66.7	
biotin_lipoyl	CLUSTALO	MAFFT-GINSI	dpa_align	200	72.9	
hip	MAFFT	MAFFT-GINSI	dpa_align	500	67.9	
kunitz	MAFFT_PT	MAFFT-GINSI	dpa_align	500	58.3	
serpin	MAFFT_PT	MAFFT-GINSI	dpa_align	2000	82.7	
egf	MAFFT_PT	MAFFT-GINSI	dpa_align	100	22.1	
rhv	MAFFT	MAFFT-GINSI	dpa_align	50	44.7	
PDZ	MAFFT	MAFFT-GINSI	dpa_align	200	48.5	
ghf10	CLUSTALO	MAFFT-GINSI	dpa_align	100	78.6	
ghf1	MAFFT_PT	MAFFT-GINSI	dpa_align	2000	74.2	
kunitz	CLUSTALO	MAFFT-GINSI	dpa_align	50	60.0	
aat	MAFFT_PT	MAFFT-GINSI	dpa_align	500	38.6	
p450	MAFFT_PT	MAFFT-GINSI	dpa_align	50	19.4	
asp	MAFFT	MAFFT-GINSI	dpa_align	1000	71.1	
tgfb	MAFFT	MAFFT-GINSI	dpa_align	1000	64.1	
ltn	CLUSTALO	MAFFT-GINSI	dpa_align	1000	75.5	
subt	MAFFT	MAFFT-GINSI	dpa_align	500	16.6	
gpdh	MAFFT_PT	MAFFT-GINSI	dpa_align	500	84.4	
seatoxin	MAFFT	MAFFT-GINSI	dpa_align	2000	46.9	
aat	CLUSTALO	MAFFT-GINSI	dpa_align	100	42.6	
il8	MAFFT_PT	MAFFT-GINSI	dpa_align	2000	61.0	
Stap_Strp_toxin	MAFFT	MAFFT-GINSI	dpa_align	200	46.1	
slectin	MAFFT	MAFFT-GINSI	dpa_align	200	83.2	
cyt3	MAFFT_PT	MAFFT-GINSI	dpa_align	100	41.5	
Rhodanese	MAFFT	MAFFT-GINSI	dpa_align	200	34.4	
asp	MAFFT_PT	MAFFT-GINSI	dpa_align	100	20.9	
asp	CLUSTALO	MAFFT-GINSI	dpa_align	200	38.0	
DEATH	CLUSTALO	MAFFT-GINSI	dpa_align	50	41.1	
seatoxin	MAFFT_PT	MAFFT-GINSI	dpa_align	500	46.9	
il8	MAFFT_PT	MAFFT-GINSI	dpa_align	500	57.1	
uce	CLUSTALO	MAFFT-GINSI	dpa_align	200	39.8	
kringle	MAFFT_PT	MAFFT-GINSI	dpa_align	1000	77.5	
ghf1	CLUSTALO	MAFFT-GINSI	dpa_align	2000	75.1	
cryst	MAFFT_PT	MAFFT-GINSI	dpa_align	50	1.7	
kunitz	CLUSTALO	MAFFT-GINSI	dpa_align	1000	76.7	
ricin	CLUSTALO	MAFFT-GINSI	dpa_align	2000	69.2	
rvp	CLUSTALO	MAFFT-GINSI	dpa_align	500	52.3	
ricin	CLUSTALO	MAFFT-GINSI	dpa_align	50	79.1	
Ald_Xan_dh_2	MAFFT	MAFFT-GINSI	dpa_align	1000	68.6	
ghf11	CLUSTALO	MAFFT-GINSI	dpa_align	500	81.8	
blmb	MAFFT	MAFFT-GINSI	dpa_align	1000	41.8	
sdr	MAFFT	MAFFT-GINSI	dpa_align	200	24.6	
biotin_lipoyl	CLUSTALO	MAFFT-GINSI	dpa_align	2000	77.6	
Ald_Xan_dh_2	MAFFT	MAFFT-GINSI	dpa_align	50	66.6	
ghf22	MAFFT_PT	MAFFT-GINSI	dpa_align	200	83.8	
flav	MAFFT	MAFFT-GINSI	dpa_align	200	75.4	
ghf13	MAFFT_PT	MAFFT-GINSI	dpa_align	1000	29.5	
DMRL_synthase	MAFFT_PT	MAFFT-GINSI	dpa_align	50	71.0	
phoslip	CLUSTALO	MAFFT-GINSI	dpa_align	50	65.4	
toxin	MAFFT_PT	MAFFT-GINSI	dpa_align	1000	53.2	
ldh	CLUSTALO	MAFFT-GINSI	dpa_align	1000	64.9	
az	CLUSTALO	MAFFT-GINSI	dpa_align	100	33.2	
cyclo	MAFFT	MAFFT-GINSI	dpa_align	200	70.4	
kringle	CLUSTALO	MAFFT-GINSI	dpa_align	200	74.2	
hla	MAFFT	MAFFT-GINSI	dpa_align	100	97.8	
ghf10	MAFFT	MAFFT-GINSI	dpa_align	500	71.2	
Sulfotransfer	MAFFT_PT	MAFFT-GINSI	dpa_align	1000	35.1	
lyase_1	MAFFT_PT	MAFFT-GINSI	dpa_align	500	70.2	
ghf22	CLUSTALO	MAFFT-GINSI	dpa_align	100	85.4	
Ald_Xan_dh_2	MAFFT	MAFFT-GINSI	dpa_align	200	47.7	
ltn	MAFFT_PT	MAFFT-GINSI	dpa_align	1000	73.1	
msb	CLUSTALO	MAFFT-GINSI	dpa_align	1000	53.8	
slectin	CLUSTALO	MAFFT-GINSI	dpa_align	200	72.3	
mmp	CLUSTALO	MAFFT-GINSI	dpa_align	500	89.9	
adh	MAFFT_PT	MAFFT-GINSI	dpa_align	50	95.5	
kringle	MAFFT_PT	MAFFT-GINSI	dpa_align	2000	82.0	
seatoxin	CLUSTALO	MAFFT-GINSI	dpa_align	1000	46.9	
cyclo	CLUSTALO	MAFFT-GINSI	dpa_align	200	74.6	
hla	MAFFT_PT	MAFFT-GINSI	dpa_align	500	99.4	
profilin	MAFFT_PT	MAFFT-GINSI	dpa_align	500	77.3	
rrm	MAFFT_PT	MAFFT-GINSI	dpa_align	200	13.5	
gluts	MAFFT	MAFFT-GINSI	dpa_align	2000	29.2	
sodfe	CLUSTALO	MAFFT-GINSI	dpa_align	2000	63.6	
biotin_lipoyl	MAFFT_PT	MAFFT-GINSI	dpa_align	2000	77.6	
profilin	MAFFT	MAFFT-GINSI	dpa_align	1000	77.3	
Ald_Xan_dh_2	CLUSTALO	MAFFT-GINSI	dpa_align	500	68.9	
egf	CLUSTALO	MAFFT-GINSI	dpa_align	100	23.5	
hpr	MAFFT_PT	MAFFT-GINSI	dpa_align	50	76.1	
aat	MAFFT	MAFFT-GINSI	dpa_align	50	25.7	
adh	MAFFT_PT	MAFFT-GINSI	dpa_align	2000	96.8	
phc	MAFFT_PT	MAFFT-GINSI	dpa_align	50	79.9	
il8	MAFFT	MAFFT-GINSI	dpa_align	50	44.2	
slectin	CLUSTALO	MAFFT-GINSI	dpa_align	2000	87.6	
az	MAFFT	MAFFT-GINSI	dpa_align	100	38.6	
hormone_rec	MAFFT	MAFFT-GINSI	dpa_align	200	44.8	
TNF	MAFFT	MAFFT-GINSI	dpa_align	500	68.2	
hormone_rec	MAFFT	MAFFT-GINSI	dpa_align	1000	45.9	
biotin_lipoyl	MAFFT_PT	MAFFT-GINSI	dpa_align	50	60.0	
cytb	MAFFT	MAFFT-GINSI	dpa_align	1000	54.3	
glob	MAFFT_PT	MAFFT-GINSI	dpa_align	100	49.4	
zf-CCHH	MAFFT_PT	MAFFT-GINSI	dpa_align	200	57.1	
mofe	MAFFT	MAFFT-GINSI	dpa_align	500	68.7	
rub	CLUSTALO	MAFFT-GINSI	dpa_align	100	85.2	
il8	CLUSTALO	MAFFT-GINSI	dpa_align	1000	57.1	
toxin	CLUSTALO	MAFFT-GINSI	dpa_align	100	51.9	
proteasome	CLUSTALO	MAFFT-GINSI	dpa_align	200	41.0	
ChtBD	MAFFT	MAFFT-GINSI	dpa_align	200	93.0	
aat	CLUSTALO	MAFFT-GINSI	dpa_align	500	48.1	
seatoxin	MAFFT	MAFFT-GINSI	dpa_align	200	46.9	
asp	MAFFT_PT	MAFFT-GINSI	dpa_align	1000	45.5	
hla	CLUSTALO	MAFFT-GINSI	dpa_align	1000	100.0	
cys	CLUSTALO	MAFFT-GINSI	dpa_align	100	51.9	
rnasemam	MAFFT_PT	MAFFT-GINSI	dpa_align	100	70.1	
il8	CLUSTALO	MAFFT-GINSI	dpa_align	200	62.3	
ghf22	MAFFT	MAFFT-GINSI	dpa_align	1000	85.4	
scorptoxin	CLUSTALO	MAFFT-GINSI	dpa_align	1000	69.9	
az	CLUSTALO	MAFFT-GINSI	dpa_align	500	39.1	
asp	MAFFT	MAFFT-GINSI	dpa_align	2000	72.2	
ldh	MAFFT	MAFFT-GINSI	dpa_align	100	44.1	
aadh	MAFFT_PT	MAFFT-GINSI	dpa_align	500	52.4	
aat	CLUSTALO	MAFFT-GINSI	dpa_align	2000	52.3	
tms	CLUSTALO	MAFFT-GINSI	dpa_align	200	81.8	
ins	CLUSTALO	MAFFT-GINSI	dpa_align	200	71.0	
blm	MAFFT_PT	MAFFT-GINSI	dpa_align	50	0.0	
DEATH	MAFFT_PT	MAFFT-GINSI	dpa_align	200	36.3	
myb_DNA-binding	MAFFT_PT	MAFFT-GINSI	dpa_align	2000	76.8	
tRNA-synt_2b	CLUSTALO	MAFFT-GINSI	dpa_align	100	30.2	
ghf1	MAFFT_PT	MAFFT-GINSI	dpa_align	500	68.4	
sodfe	CLUSTALO	MAFFT-GINSI	dpa_align	200	62.7	
flav	CLUSTALO	MAFFT-GINSI	dpa_align	100	38.9	
Acetyltransf	MAFFT	MAFFT-GINSI	dpa_align	200	21.7	
uce	MAFFT_PT	MAFFT-GINSI	dpa_align	2000	43.4	
PDZ	CLUSTALO	MAFFT-GINSI	dpa_align	100	49.5	
il8	CLUSTALO	MAFFT-GINSI	dpa_align	50	53.2	
cryst	MAFFT	MAFFT-GINSI	dpa_align	200	1.1	
slectin	CLUSTALO	MAFFT-GINSI	dpa_align	500	83.2	
ricin	CLUSTALO	MAFFT-GINSI	dpa_align	500	68.5	
cys	MAFFT_PT	MAFFT-GINSI	dpa_align	1000	45.1	
sti	MAFFT	MAFFT-GINSI	dpa_align	50	52.2	
kunitz	MAFFT	MAFFT-GINSI	dpa_align	200	61.7	
glob	MAFFT	MAFFT-GINSI	dpa_align	100	45.9	
TNF	MAFFT_PT	MAFFT-GINSI	dpa_align	50	56.7	
aadh	MAFFT_PT	MAFFT-GINSI	dpa_align	100	51.0	
ins	MAFFT_PT	MAFFT-GINSI	dpa_align	100	33.3	
hormone_rec	CLUSTALO	MAFFT-GINSI	dpa_align	100	50.9	
phoslip	MAFFT	MAFFT-GINSI	dpa_align	100	72.1	
Sulfotransfer	MAFFT	MAFFT-GINSI	dpa_align	2000	39.5	
rvp	CLUSTALO	MAFFT-GINSI	dpa_align	1000	67.6	
hip	CLUSTALO	MAFFT-GINSI	dpa_align	2000	67.9	
hpr	MAFFT	MAFFT-GINSI	dpa_align	200	92.0	
LIM	CLUSTALO	MAFFT-GINSI	dpa_align	500	86.6	
Stap_Strp_toxin	MAFFT_PT	MAFFT-GINSI	dpa_align	500	44.4	
sti	MAFFT	MAFFT-GINSI	dpa_align	200	60.9	
ghf1	MAFFT_PT	MAFFT-GINSI	dpa_align	50	58.1	
slectin	CLUSTALO	MAFFT-GINSI	dpa_align	100	83.9	
ghf5	MAFFT_PT	MAFFT-GINSI	dpa_align	500	20.8	
ghf10	MAFFT_PT	MAFFT-GINSI	dpa_align	2000	83.9	
kringle	MAFFT_PT	MAFFT-GINSI	dpa_align	200	68.5	
cytb	MAFFT	MAFFT-GINSI	dpa_align	200	54.3	
ChtBD	CLUSTALO	MAFFT-GINSI	dpa_align	500	86.0	
serpin	CLUSTALO	MAFFT-GINSI	dpa_align	2000	83.4	
serpin	MAFFT_PT	MAFFT-GINSI	dpa_align	500	65.6	
blmb	MAFFT	MAFFT-GINSI	dpa_align	100	28.0	
hpr	MAFFT	MAFFT-GINSI	dpa_align	500	90.9	
tim	CLUSTALO	MAFFT-GINSI	dpa_align	200	86.9	
p450	CLUSTALO	MAFFT-GINSI	dpa_align	2000	24.4	
hom	MAFFT_PT	MAFFT-GINSI	dpa_align	1000	66.7	
bowman	CLUSTALO	MAFFT-GINSI	dpa_align	200	15.7	
blm	CLUSTALO	MAFFT-GINSI	dpa_align	50	80.5	
tim	MAFFT_PT	MAFFT-GINSI	dpa_align	50	74.1	
Acetyltransf	MAFFT_PT	MAFFT-GINSI	dpa_align	100	25.4	
Acetyltransf	CLUSTALO	MAFFT-GINSI	dpa_align	50	25.9	
mmp	MAFFT	MAFFT-GINSI	dpa_align	1000	81.7	
tim	MAFFT_PT	MAFFT-GINSI	dpa_align	100	80.7	
egf	MAFFT	MAFFT-GINSI	dpa_align	100	27.9	
tms	MAFFT	MAFFT-GINSI	dpa_align	2000	82.8	
il8	CLUSTALO	MAFFT-GINSI	dpa_align	100	59.7	
hip	CLUSTALO	MAFFT-GINSI	dpa_align	200	67.9	
phoslip	MAFFT	MAFFT-GINSI	dpa_align	500	76.5	
uce	CLUSTALO	MAFFT-GINSI	dpa_align	1000	56.6	
msb	MAFFT_PT	MAFFT-GINSI	dpa_align	100	41.4	
lyase_1	CLUSTALO	MAFFT-GINSI	dpa_align	100	55.7	
zf-CCHH	CLUSTALO	MAFFT-GINSI	dpa_align	1000	54.3	
mmp	MAFFT	MAFFT-GINSI	dpa_align	500	88.2	
hla	MAFFT_PT	MAFFT-GINSI	dpa_align	1000	99.4	
bowman	MAFFT	MAFFT-GINSI	dpa_align	1000	34.3	
ace	CLUSTALO	MAFFT-GINSI	dpa_align	2000	65.4	
DMRL_synthase	MAFFT_PT	MAFFT-GINSI	dpa_align	500	72.2	
asp	CLUSTALO	MAFFT-GINSI	dpa_align	50	34.5	
icd	MAFFT	MAFFT-GINSI	dpa_align	100	78.5	
glob	CLUSTALO	MAFFT-GINSI	dpa_align	200	50.6	
peroxidase	MAFFT_PT	MAFFT-GINSI	dpa_align	200	68.8	
tms	MAFFT	MAFFT-GINSI	dpa_align	200	83.5	
aldosered	CLUSTALO	MAFFT-GINSI	dpa_align	50	69.8	
mmp	CLUSTALO	MAFFT-GINSI	dpa_align	2000	92.3	
peroxidase	MAFFT_PT	MAFFT-GINSI	dpa_align	2000	66.5	
az	MAFFT_PT	MAFFT-GINSI	dpa_align	200	34.8	
proteasome	CLUSTALO	MAFFT-GINSI	dpa_align	1000	41.4	
tRNA-synt_2b	CLUSTALO	MAFFT-GINSI	dpa_align	50	30.8	
ltn	CLUSTALO	MAFFT-GINSI	dpa_align	50	57.7	
aat	MAFFT_PT	MAFFT-GINSI	dpa_align	100	35.3	
subt	MAFFT	MAFFT-GINSI	dpa_align	100	19.6	
ace	MAFFT_PT	MAFFT-GINSI	dpa_align	200	56.6	
KAS	MAFFT_PT	MAFFT-GINSI	dpa_align	2000	66.2	
int	MAFFT_PT	MAFFT-GINSI	dpa_align	100	17.8	
egf	MAFFT	MAFFT-GINSI	dpa_align	2000	36.8	
cyclo	MAFFT	MAFFT-GINSI	dpa_align	500	71.4	
ghf10	MAFFT_PT	MAFFT-GINSI	dpa_align	100	78.3	
ghf5	MAFFT_PT	MAFFT-GINSI	dpa_align	100	17.7	
cyt3	MAFFT_PT	MAFFT-GINSI	dpa_align	2000	65.3	
msb	MAFFT	MAFFT-GINSI	dpa_align	500	51.0	
int	CLUSTALO	MAFFT-GINSI	dpa_align	2000	59.9	
PDZ	MAFFT_PT	MAFFT-GINSI	dpa_align	200	36.4	
egf	MAFFT	MAFFT-GINSI	dpa_align	50	22.1	
cyt3	MAFFT	MAFFT-GINSI	dpa_align	500	63.6	
PDZ	MAFFT_PT	MAFFT-GINSI	dpa_align	2000	43.4	
phoslip	CLUSTALO	MAFFT-GINSI	dpa_align	100	69.9	
rvp	MAFFT	MAFFT-GINSI	dpa_align	500	51.4	
cyclo	MAFFT_PT	MAFFT-GINSI	dpa_align	50	29.6	
Sulfotransfer	MAFFT_PT	MAFFT-GINSI	dpa_align	500	30.1	
hip	CLUSTALO	MAFFT-GINSI	dpa_align	50	59.5	
cys	CLUSTALO	MAFFT-GINSI	dpa_align	2000	69.8	
cah	MAFFT_PT	MAFFT-GINSI	dpa_align	500	62.0	
hip	MAFFT	MAFFT-GINSI	dpa_align	200	67.9	
Stap_Strp_toxin	MAFFT_PT	MAFFT-GINSI	dpa_align	1000	44.4	
GEL	MAFFT_PT	MAFFT-GINSI	dpa_align	2000	37.7	
Acetyltransf	MAFFT_PT	MAFFT-GINSI	dpa_align	500	18.5	
ins	MAFFT_PT	MAFFT-GINSI	dpa_align	50	27.5	
rrm	MAFFT	MAFFT-GINSI	dpa_align	200	15.3	
glob	CLUSTALO	MAFFT-GINSI	dpa_align	500	48.2	
tms	MAFFT_PT	MAFFT-GINSI	dpa_align	200	81.1	
scorptoxin	MAFFT	MAFFT-GINSI	dpa_align	50	72.6	
annexin	MAFFT_PT	MAFFT-GINSI	dpa_align	50	98.1	
msb	MAFFT	MAFFT-GINSI	dpa_align	50	37.2	
rrm	MAFFT_PT	MAFFT-GINSI	dpa_align	1000	16.2	
mofe	MAFFT	MAFFT-GINSI	dpa_align	200	70.8	
hla	MAFFT_PT	MAFFT-GINSI	dpa_align	2000	100.0	
annexin	CLUSTALO	MAFFT-GINSI	dpa_align	100	53.8	
mmp	MAFFT	MAFFT-GINSI	dpa_align	50	82.8	
bowman	CLUSTALO	MAFFT-GINSI	dpa_align	1000	34.3	
rvp	MAFFT	MAFFT-GINSI	dpa_align	200	69.4	
ghf22	MAFFT_PT	MAFFT-GINSI	dpa_align	500	84.6	
zf-CCHH	MAFFT	MAFFT-GINSI	dpa_align	2000	31.4	
adh	MAFFT	MAFFT-GINSI	dpa_align	500	95.5	
phc	MAFFT	MAFFT-GINSI	dpa_align	100	83.8	
HLH	CLUSTALO	MAFFT-GINSI	dpa_align	2000	51.2	
glob	MAFFT	MAFFT-GINSI	dpa_align	200	46.5	
blm	MAFFT_PT	MAFFT-GINSI	dpa_align	200	10.5	
ghf22	CLUSTALO	MAFFT-GINSI	dpa_align	2000	85.4	
rhv	MAFFT_PT	MAFFT-GINSI	dpa_align	500	5.1	
trfl	MAFFT	MAFFT-GINSI	dpa_align	500	4.0	
seatoxin	MAFFT_PT	MAFFT-GINSI	dpa_align	1000	46.9	
tgfb	MAFFT_PT	MAFFT-GINSI	dpa_align	50	59.0	
blm	CLUSTALO	MAFFT-GINSI	dpa_align	100	77.9	
seatoxin	CLUSTALO	MAFFT-GINSI	dpa_align	500	46.9	
Sulfotransfer	MAFFT_PT	MAFFT-GINSI	dpa_align	50	20.9	
icd	CLUSTALO	MAFFT-GINSI	dpa_align	50	78.0	
hormone_rec	MAFFT_PT	MAFFT-GINSI	dpa_align	100	26.7	
aat	MAFFT	MAFFT-GINSI	dpa_align	500	56.3	
TNF	MAFFT_PT	MAFFT-GINSI	dpa_align	500	70.7	
profilin	CLUSTALO	MAFFT-GINSI	dpa_align	100	71.1	
uce	MAFFT_PT	MAFFT-GINSI	dpa_align	100	19.3	
gpdh	MAFFT_PT	MAFFT-GINSI	dpa_align	50	83.8	
Stap_Strp_toxin	MAFFT	MAFFT-GINSI	dpa_align	500	44.4	
ldh	MAFFT	MAFFT-GINSI	dpa_align	200	45.1	
proteasome	MAFFT_PT	MAFFT-GINSI	dpa_align	50	44.1	
Rhodanese	MAFFT	MAFFT-GINSI	dpa_align	1000	52.6	
lyase_1	MAFFT	MAFFT-GINSI	dpa_align	1000	64.6	
Acetyltransf	CLUSTALO	MAFFT-GINSI	dpa_align	2000	26.5	
DEATH	MAFFT_PT	MAFFT-GINSI	dpa_align	100	39.5	
zf-CCHH	CLUSTALO	MAFFT-GINSI	dpa_align	200	60.0	
ghf13	CLUSTALO	MAFFT-GINSI	dpa_align	500	29.7	
sdr	MAFFT_PT	MAFFT-GINSI	dpa_align	2000	26.8	
KAS	MAFFT	MAFFT-GINSI	dpa_align	200	56.8	
OTCace	CLUSTALO	MAFFT-GINSI	dpa_align	100	83.1	
gluts	MAFFT	MAFFT-GINSI	dpa_align	500	61.8	
ltn	MAFFT	MAFFT-GINSI	dpa_align	100	69.6	
hom	MAFFT_PT	MAFFT-GINSI	dpa_align	500	66.7	
trfl	MAFFT_PT	MAFFT-GINSI	dpa_align	50	41.5	
aadh	MAFFT	MAFFT-GINSI	dpa_align	1000	58.3	
profilin	MAFFT	MAFFT-GINSI	dpa_align	100	68.0	
sodcu	MAFFT	MAFFT-GINSI	dpa_align	100	74.1	
asp	MAFFT_PT	MAFFT-GINSI	dpa_align	50	29.1	
Ald_Xan_dh_2	CLUSTALO	MAFFT-GINSI	dpa_align	200	69.5	
aldosered	MAFFT_PT	MAFFT-GINSI	dpa_align	2000	67.4	
myb_DNA-binding	MAFFT	MAFFT-GINSI	dpa_align	200	57.1	
uce	MAFFT	MAFFT-GINSI	dpa_align	50	42.8	
peroxidase	CLUSTALO	MAFFT-GINSI	dpa_align	200	62.2	
gpdh	MAFFT	MAFFT-GINSI	dpa_align	100	84.4	
az	MAFFT_PT	MAFFT-GINSI	dpa_align	2000	40.8	
ChtBD	MAFFT_PT	MAFFT-GINSI	dpa_align	2000	88.4	
sodcu	CLUSTALO	MAFFT-GINSI	dpa_align	200	77.7	
icd	CLUSTALO	MAFFT-GINSI	dpa_align	200	80.7	
tRNA-synt_2b	MAFFT	MAFFT-GINSI	dpa_align	50	16.3	
annexin	MAFFT	MAFFT-GINSI	dpa_align	2000	52.2	
Sulfotransfer	MAFFT_PT	MAFFT-GINSI	dpa_align	100	19.9	
DMRL_synthase	MAFFT_PT	MAFFT-GINSI	dpa_align	1000	69.8	
blmb	CLUSTALO	MAFFT-GINSI	dpa_align	500	22.5	
aldosered	MAFFT_PT	MAFFT-GINSI	dpa_align	50	44.9	
peroxidase	MAFFT	MAFFT-GINSI	dpa_align	100	46.7	
aadh	CLUSTALO	MAFFT-GINSI	dpa_align	50	60.3	
hpr	MAFFT_PT	MAFFT-GINSI	dpa_align	2000	94.3	
ghf22	MAFFT	MAFFT-GINSI	dpa_align	500	84.6	
rhv	MAFFT_PT	MAFFT-GINSI	dpa_align	100	42.7	
ricin	MAFFT_PT	MAFFT-GINSI	dpa_align	200	65.6	
il8	MAFFT_PT	MAFFT-GINSI	dpa_align	50	40.3	
sodcu	MAFFT_PT	MAFFT-GINSI	dpa_align	100	79.5	
aadh	MAFFT	MAFFT-GINSI	dpa_align	200	47.2	
ghf10	MAFFT_PT	MAFFT-GINSI	dpa_align	500	79.9	
rub	MAFFT_PT	MAFFT-GINSI	dpa_align	100	96.3	
Stap_Strp_toxin	MAFFT	MAFFT-GINSI	dpa_align	50	44.9	
ghf1	MAFFT	MAFFT-GINSI	dpa_align	2000	55.3	
myb_DNA-binding	MAFFT_PT	MAFFT-GINSI	dpa_align	1000	73.2	
cah	MAFFT_PT	MAFFT-GINSI	dpa_align	50	59.4	
biotin_lipoyl	MAFFT	MAFFT-GINSI	dpa_align	1000	77.6	
ghf1	MAFFT_PT	MAFFT-GINSI	dpa_align	1000	71.0	
cryst	MAFFT_PT	MAFFT-GINSI	dpa_align	200	2.2	
LIM	MAFFT_PT	MAFFT-GINSI	dpa_align	50	68.3	
DMRL_synthase	CLUSTALO	MAFFT-GINSI	dpa_align	2000	71.0	
ghf11	MAFFT_PT	MAFFT-GINSI	dpa_align	2000	83.9	
glob	MAFFT	MAFFT-GINSI	dpa_align	50	54.1	
glob	MAFFT_PT	MAFFT-GINSI	dpa_align	500	52.9	
DEATH	MAFFT_PT	MAFFT-GINSI	dpa_align	500	39.5	
tim	MAFFT_PT	MAFFT-GINSI	dpa_align	2000	92.7	
Stap_Strp_toxin	MAFFT	MAFFT-GINSI	dpa_align	2000	44.4	
hip	MAFFT_PT	MAFFT-GINSI	dpa_align	100	69.0	
OTCace	MAFFT	MAFFT-GINSI	dpa_align	2000	85.5	
KAS	MAFFT	MAFFT-GINSI	dpa_align	500	65.8	
gpdh	MAFFT_PT	MAFFT-GINSI	dpa_align	100	84.1	
int	CLUSTALO	MAFFT-GINSI	dpa_align	1000	61.9	
sodfe	MAFFT	MAFFT-GINSI	dpa_align	50	57.9	
ghf11	MAFFT_PT	MAFFT-GINSI	dpa_align	200	67.7	
TNF	CLUSTALO	MAFFT-GINSI	dpa_align	100	61.1	
oxidored_q6	MAFFT	MAFFT-GINSI	dpa_align	2000	94.4	
phoslip	MAFFT	MAFFT-GINSI	dpa_align	1000	72.8	
DMRL_synthase	MAFFT	MAFFT-GINSI	dpa_align	1000	69.8	
hom	MAFFT	MAFFT-GINSI	dpa_align	200	63.8	
hip	MAFFT_PT	MAFFT-GINSI	dpa_align	50	60.7	
Rhodanese	MAFFT_PT	MAFFT-GINSI	dpa_align	500	48.4	
rrm	CLUSTALO	MAFFT-GINSI	dpa_align	200	18.9	
hom	CLUSTALO	MAFFT-GINSI	dpa_align	1000	68.1	
aadh	MAFFT	MAFFT-GINSI	dpa_align	500	39.2	
cyt3	CLUSTALO	MAFFT-GINSI	dpa_align	1000	64.4	
il8	CLUSTALO	MAFFT-GINSI	dpa_align	2000	61.0	
ricin	MAFFT	MAFFT-GINSI	dpa_align	100	75.8	
Acetyltransf	CLUSTALO	MAFFT-GINSI	dpa_align	200	19.0	
hpr	CLUSTALO	MAFFT-GINSI	dpa_align	500	90.9	
hpr	MAFFT_PT	MAFFT-GINSI	dpa_align	500	89.8	
hla	MAFFT_PT	MAFFT-GINSI	dpa_align	200	99.4	
scorptoxin	CLUSTALO	MAFFT-GINSI	dpa_align	200	74.0	
seatoxin	CLUSTALO	MAFFT-GINSI	dpa_align	100	46.9	
annexin	CLUSTALO	MAFFT-GINSI	dpa_align	50	98.7	
ghf1	MAFFT_PT	MAFFT-GINSI	dpa_align	200	66.0	
LIM	MAFFT_PT	MAFFT-GINSI	dpa_align	2000	87.8	
aadh	MAFFT_PT	MAFFT-GINSI	dpa_align	1000	54.0	
ghf11	MAFFT_PT	MAFFT-GINSI	dpa_align	100	70.3	
toxin	MAFFT_PT	MAFFT-GINSI	dpa_align	200	40.3	
lyase_1	CLUSTALO	MAFFT-GINSI	dpa_align	500	54.7	
GEL	MAFFT	MAFFT-GINSI	dpa_align	50	37.7	
egf	CLUSTALO	MAFFT-GINSI	dpa_align	200	20.6	
ghf10	MAFFT_PT	MAFFT-GINSI	dpa_align	50	63.8	
peroxidase	CLUSTALO	MAFFT-GINSI	dpa_align	500	69.6	
p450	CLUSTALO	MAFFT-GINSI	dpa_align	500	35.1	
ghf13	MAFFT	MAFFT-GINSI	dpa_align	50	26.8	
zf-CCHH	CLUSTALO	MAFFT-GINSI	dpa_align	2000	60.0	
rub	MAFFT	MAFFT-GINSI	dpa_align	500	96.3	
LIM	CLUSTALO	MAFFT-GINSI	dpa_align	100	86.6	
ghf13	MAFFT_PT	MAFFT-GINSI	dpa_align	500	25.6	
adh	MAFFT_PT	MAFFT-GINSI	dpa_align	100	95.5	
asp	CLUSTALO	MAFFT-GINSI	dpa_align	2000	57.2	
rub	CLUSTALO	MAFFT-GINSI	dpa_align	50	87.0	
hormone_rec	CLUSTALO	MAFFT-GINSI	dpa_align	1000	52.3	
hla	MAFFT_PT	MAFFT-GINSI	dpa_align	50	99.4	
aldosered	MAFFT_PT	MAFFT-GINSI	dpa_align	100	39.7	
ins	MAFFT	MAFFT-GINSI	dpa_align	100	47.8	
gluts	MAFFT	MAFFT-GINSI	dpa_align	100	33.0	
il8	CLUSTALO	MAFFT-GINSI	dpa_align	500	62.3	
seatoxin	CLUSTALO	MAFFT-GINSI	dpa_align	50	30.6	
sdr	CLUSTALO	MAFFT-GINSI	dpa_align	500	17.7	
ins	MAFFT	MAFFT-GINSI	dpa_align	200	46.4	
lyase_1	MAFFT	MAFFT-GINSI	dpa_align	200	57.3	
biotin_lipoyl	MAFFT	MAFFT-GINSI	dpa_align	100	71.8	
glob	MAFFT_PT	MAFFT-GINSI	dpa_align	200	47.1	
hip	MAFFT_PT	MAFFT-GINSI	dpa_align	2000	67.9	
ghf5	CLUSTALO	MAFFT-GINSI	dpa_align	50	13.6	
profilin	CLUSTALO	MAFFT-GINSI	dpa_align	200	71.1	
annexin	MAFFT	MAFFT-GINSI	dpa_align	200	97.8	
phc	MAFFT_PT	MAFFT-GINSI	dpa_align	2000	87.2	
aldosered	MAFFT	MAFFT-GINSI	dpa_align	1000	57.8	
KAS	MAFFT	MAFFT-GINSI	dpa_align	1000	61.5	
proteasome	MAFFT_PT	MAFFT-GINSI	dpa_align	2000	41.4	
serpin	CLUSTALO	MAFFT-GINSI	dpa_align	200	76.1	
az	CLUSTALO	MAFFT-GINSI	dpa_align	1000	37.0	
hr	CLUSTALO	MAFFT-GINSI	dpa_align	500	96.2	
ghf22	MAFFT_PT	MAFFT-GINSI	dpa_align	2000	85.4	
ghf13	CLUSTALO	MAFFT-GINSI	dpa_align	2000	29.4	
tRNA-synt_2b	MAFFT_PT	MAFFT-GINSI	dpa_align	1000	32.6	
gluts	CLUSTALO	MAFFT-GINSI	dpa_align	50	67.4	
profilin	CLUSTALO	MAFFT-GINSI	dpa_align	2000	77.3	
cah	MAFFT_PT	MAFFT-GINSI	dpa_align	200	70.1	
lyase_1	CLUSTALO	MAFFT-GINSI	dpa_align	2000	59.4	
adh	MAFFT_PT	MAFFT-GINSI	dpa_align	1000	95.5	
myb_DNA-binding	CLUSTALO	MAFFT-GINSI	dpa_align	500	64.3	
ace	MAFFT_PT	MAFFT-GINSI	dpa_align	2000	51.6	
tgfb	MAFFT_PT	MAFFT-GINSI	dpa_align	200	63.2	
ricin	MAFFT	MAFFT-GINSI	dpa_align	500	77.3	
ltn	CLUSTALO	MAFFT-GINSI	dpa_align	500	72.3	
ghf11	MAFFT_PT	MAFFT-GINSI	dpa_align	50	68.8	
il8	MAFFT	MAFFT-GINSI	dpa_align	1000	59.7	
Sulfotransfer	MAFFT_PT	MAFFT-GINSI	dpa_align	2000	41.9	
rvp	MAFFT	MAFFT-GINSI	dpa_align	1000	59.5	
sdr	CLUSTALO	MAFFT-GINSI	dpa_align	2000	13.9	
cys	MAFFT	MAFFT-GINSI	dpa_align	1000	66.8	
rnasemam	CLUSTALO	MAFFT-GINSI	dpa_align	2000	72.4	
ChtBD	MAFFT	MAFFT-GINSI	dpa_align	50	88.4	
aadh	CLUSTALO	MAFFT-GINSI	dpa_align	1000	55.1	
sdr	MAFFT_PT	MAFFT-GINSI	dpa_align	1000	30.6	
mmp	MAFFT_PT	MAFFT-GINSI	dpa_align	200	88.2	
ldh	MAFFT_PT	MAFFT-GINSI	dpa_align	1000	31.9	
kunitz	MAFFT_PT	MAFFT-GINSI	dpa_align	1000	76.7	
profilin	CLUSTALO	MAFFT-GINSI	dpa_align	1000	77.3	
mmp	MAFFT	MAFFT-GINSI	dpa_align	2000	92.3	
ChtBD	CLUSTALO	MAFFT-GINSI	dpa_align	1000	88.4	
rhv	MAFFT	MAFFT-GINSI	dpa_align	2000	34.7	
HLH	MAFFT_PT	MAFFT-GINSI	dpa_align	50	51.2	
rub	MAFFT	MAFFT-GINSI	dpa_align	200	96.3	
Rhodanese	MAFFT	MAFFT-GINSI	dpa_align	100	27.1	
tRNA-synt_2b	MAFFT	MAFFT-GINSI	dpa_align	200	31.7	
aat	MAFFT_PT	MAFFT-GINSI	dpa_align	200	35.0	
toxin	MAFFT_PT	MAFFT-GINSI	dpa_align	500	53.2	
ChtBD	MAFFT_PT	MAFFT-GINSI	dpa_align	200	93.0	
int	CLUSTALO	MAFFT-GINSI	dpa_align	500	61.4	
rnasemam	MAFFT	MAFFT-GINSI	dpa_align	200	70.1	
slectin	CLUSTALO	MAFFT-GINSI	dpa_align	1000	87.6	
tms	CLUSTALO	MAFFT-GINSI	dpa_align	2000	82.8	
ghf1	MAFFT	MAFFT-GINSI	dpa_align	200	50.5	
rvp	MAFFT	MAFFT-GINSI	dpa_align	50	63.1	
TNF	CLUSTALO	MAFFT-GINSI	dpa_align	1000	68.2	
blm	MAFFT	MAFFT-GINSI	dpa_align	50	20.6	
kringle	MAFFT	MAFFT-GINSI	dpa_align	2000	82.0	
phoslip	MAFFT_PT	MAFFT-GINSI	dpa_align	500	69.9	
rub	CLUSTALO	MAFFT-GINSI	dpa_align	1000	96.3	
OTCace	CLUSTALO	MAFFT-GINSI	dpa_align	200	80.4	
cys	CLUSTALO	MAFFT-GINSI	dpa_align	200	59.0	
rnasemam	MAFFT_PT	MAFFT-GINSI	dpa_align	2000	72.4	
TNF	MAFFT_PT	MAFFT-GINSI	dpa_align	200	65.0	
cyclo	CLUSTALO	MAFFT-GINSI	dpa_align	100	74.6	
slectin	MAFFT_PT	MAFFT-GINSI	dpa_align	1000	87.6	
blmb	MAFFT_PT	MAFFT-GINSI	dpa_align	1000	13.5	
int	MAFFT	MAFFT-GINSI	dpa_align	500	18.3	
cyt3	MAFFT_PT	MAFFT-GINSI	dpa_align	50	39.0	
gluts	MAFFT_PT	MAFFT-GINSI	dpa_align	200	71.7	
Rhodanese	CLUSTALO	MAFFT-GINSI	dpa_align	1000	39.6	
flav	MAFFT_PT	MAFFT-GINSI	dpa_align	50	28.0	
flav	CLUSTALO	MAFFT-GINSI	dpa_align	200	56.0	
DMRL_synthase	MAFFT_PT	MAFFT-GINSI	dpa_align	2000	69.8	
tim	MAFFT_PT	MAFFT-GINSI	dpa_align	1000	91.1	
DEATH	MAFFT	MAFFT-GINSI	dpa_align	50	34.7	
hormone_rec	MAFFT_PT	MAFFT-GINSI	dpa_align	1000	49.8	
scorptoxin	CLUSTALO	MAFFT-GINSI	dpa_align	100	72.6	
proteasome	MAFFT	MAFFT-GINSI	dpa_align	2000	44.8	
mofe	CLUSTALO	MAFFT-GINSI	dpa_align	200	70.0	
GEL	MAFFT_PT	MAFFT-GINSI	dpa_align	100	44.5	
hip	MAFFT	MAFFT-GINSI	dpa_align	1000	67.9	
aldosered	MAFFT	MAFFT-GINSI	dpa_align	100	44.9	
ghf11	CLUSTALO	MAFFT-GINSI	dpa_align	2000	83.9	
Sulfotransfer	MAFFT	MAFFT-GINSI	dpa_align	100	32.4	
sodcu	MAFFT_PT	MAFFT-GINSI	dpa_align	500	77.1	
tms	MAFFT_PT	MAFFT-GINSI	dpa_align	2000	82.8	
rvp	CLUSTALO	MAFFT-GINSI	dpa_align	50	44.1	
rub	MAFFT	MAFFT-GINSI	dpa_align	50	96.3	
adh	CLUSTALO	MAFFT-GINSI	dpa_align	200	96.0	
oxidored_q6	MAFFT_PT	MAFFT-GINSI	dpa_align	100	92.9	
peroxidase	CLUSTALO	MAFFT-GINSI	dpa_align	2000	64.8	
ins	MAFFT	MAFFT-GINSI	dpa_align	2000	75.4	
cryst	CLUSTALO	MAFFT-GINSI	dpa_align	1000	44.2	
Rhodanese	MAFFT_PT	MAFFT-GINSI	dpa_align	200	40.1	
cryst	MAFFT_PT	MAFFT-GINSI	dpa_align	2000	65.2	
trfl	MAFFT_PT	MAFFT-GINSI	dpa_align	500	2.4	
oxidored_q6	MAFFT_PT	MAFFT-GINSI	dpa_align	200	92.1	
sti	CLUSTALO	MAFFT-GINSI	dpa_align	2000	58.2	
Acetyltransf	MAFFT	MAFFT-GINSI	dpa_align	100	26.5	
sti	MAFFT_PT	MAFFT-GINSI	dpa_align	50	47.8	
rnasemam	CLUSTALO	MAFFT-GINSI	dpa_align	200	70.9	
Stap_Strp_toxin	MAFFT_PT	MAFFT-GINSI	dpa_align	2000	44.4	
sodfe	MAFFT_PT	MAFFT-GINSI	dpa_align	1000	61.7	
myb_DNA-binding	MAFFT	MAFFT-GINSI	dpa_align	1000	71.4	
seatoxin	MAFFT_PT	MAFFT-GINSI	dpa_align	50	46.9	
icd	MAFFT_PT	MAFFT-GINSI	dpa_align	50	77.4	
bowman	MAFFT	MAFFT-GINSI	dpa_align	500	34.3	
hpr	CLUSTALO	MAFFT-GINSI	dpa_align	100	77.3	
int	CLUSTALO	MAFFT-GINSI	dpa_align	50	21.3	
GEL	MAFFT_PT	MAFFT-GINSI	dpa_align	50	34.2	
trfl	CLUSTALO	MAFFT-GINSI	dpa_align	2000	3.7	
hormone_rec	CLUSTALO	MAFFT-GINSI	dpa_align	500	48.0	
seatoxin	MAFFT	MAFFT-GINSI	dpa_align	100	46.9	
uce	CLUSTALO	MAFFT-GINSI	dpa_align	500	54.8	
rub	CLUSTALO	MAFFT-GINSI	dpa_align	500	96.3	
rhv	CLUSTALO	MAFFT-GINSI	dpa_align	500	7.9	
ghf5	MAFFT	MAFFT-GINSI	dpa_align	1000	38.3	
tms	MAFFT_PT	MAFFT-GINSI	dpa_align	500	84.6	
ltn	MAFFT	MAFFT-GINSI	dpa_align	2000	75.5	
egf	MAFFT_PT	MAFFT-GINSI	dpa_align	50	20.6	
profilin	MAFFT	MAFFT-GINSI	dpa_align	50	64.8	
kringle	MAFFT_PT	MAFFT-GINSI	dpa_align	50	62.9	
glob	MAFFT_PT	MAFFT-GINSI	dpa_align	1000	51.8	
ghf22	MAFFT	MAFFT-GINSI	dpa_align	50	84.6	
zf-CCHH	MAFFT	MAFFT-GINSI	dpa_align	100	25.7	
toxin	CLUSTALO	MAFFT-GINSI	dpa_align	500	53.2	
HLH	MAFFT	MAFFT-GINSI	dpa_align	200	53.6	
hr	MAFFT	MAFFT-GINSI	dpa_align	100	87.3	
annexin	MAFFT	MAFFT-GINSI	dpa_align	100	97.8	
ghf13	CLUSTALO	MAFFT-GINSI	dpa_align	1000	30.4	
kunitz	MAFFT	MAFFT-GINSI	dpa_align	500	60.0	
kringle	MAFFT	MAFFT-GINSI	dpa_align	200	66.3	
profilin	MAFFT_PT	MAFFT-GINSI	dpa_align	100	71.1	
HMG_box	MAFFT	MAFFT-GINSI	dpa_align	200	65.4	
rnasemam	MAFFT	MAFFT-GINSI	dpa_align	1000	72.4	
cah	CLUSTALO	MAFFT-GINSI	dpa_align	100	58.7	
serpin	MAFFT	MAFFT-GINSI	dpa_align	1000	81.9	
mmp	CLUSTALO	MAFFT-GINSI	dpa_align	200	84.0	
ghf1	MAFFT_PT	MAFFT-GINSI	dpa_align	100	62.6	
mofe	CLUSTALO	MAFFT-GINSI	dpa_align	500	70.6	
GEL	CLUSTALO	MAFFT-GINSI	dpa_align	2000	37.7	
aldosered	MAFFT	MAFFT-GINSI	dpa_align	50	45.5	
kunitz	MAFFT	MAFFT-GINSI	dpa_align	50	66.7	
blm	CLUSTALO	MAFFT-GINSI	dpa_align	500	88.4	
HLH	CLUSTALO	MAFFT-GINSI	dpa_align	1000	54.8	
ghf13	MAFFT_PT	MAFFT-GINSI	dpa_align	50	27.5	
blmb	MAFFT_PT	MAFFT-GINSI	dpa_align	2000	9.1	
uce	MAFFT	MAFFT-GINSI	dpa_align	500	46.4	
hpr	MAFFT	MAFFT-GINSI	dpa_align	1000	94.3	
LIM	MAFFT_PT	MAFFT-GINSI	dpa_align	100	61.0	
Rhodanese	MAFFT_PT	MAFFT-GINSI	dpa_align	2000	43.2	
mofe	MAFFT_PT	MAFFT-GINSI	dpa_align	1000	76.6	
sti	MAFFT_PT	MAFFT-GINSI	dpa_align	1000	58.2	
scorptoxin	MAFFT_PT	MAFFT-GINSI	dpa_align	1000	69.9	
DMRL_synthase	MAFFT	MAFFT-GINSI	dpa_align	2000	69.8	
Rhodanese	MAFFT_PT	MAFFT-GINSI	dpa_align	50	31.2	
DMRL_synthase	MAFFT	MAFFT-GINSI	dpa_align	100	71.0	
bowman	MAFFT_PT	MAFFT-GINSI	dpa_align	1000	34.3	
sdr	MAFFT	MAFFT-GINSI	dpa_align	1000	17.0	
cah	MAFFT	MAFFT-GINSI	dpa_align	500	69.0	
profilin	MAFFT	MAFFT-GINSI	dpa_align	500	77.3	
p450	MAFFT	MAFFT-GINSI	dpa_align	500	28.7	
msb	CLUSTALO	MAFFT-GINSI	dpa_align	100	51.7	
hom	MAFFT	MAFFT-GINSI	dpa_align	100	59.4	
cytb	CLUSTALO	MAFFT-GINSI	dpa_align	2000	65.2	
ricin	CLUSTALO	MAFFT-GINSI	dpa_align	200	76.9	
gpdh	MAFFT	MAFFT-GINSI	dpa_align	200	83.2	
cah	MAFFT	MAFFT-GINSI	dpa_align	100	64.6	
annexin	MAFFT	MAFFT-GINSI	dpa_align	1000	98.1	
cyclo	MAFFT_PT	MAFFT-GINSI	dpa_align	2000	44.4	
hom	MAFFT	MAFFT-GINSI	dpa_align	500	62.3	
hom	CLUSTALO	MAFFT-GINSI	dpa_align	2000	66.7	
toxin	MAFFT	MAFFT-GINSI	dpa_align	100	35.1	
cytb	CLUSTALO	MAFFT-GINSI	dpa_align	100	57.6	
oxidored_q6	MAFFT	MAFFT-GINSI	dpa_align	50	93.6	
gpdh	CLUSTALO	MAFFT-GINSI	dpa_align	500	84.1	
scorptoxin	MAFFT_PT	MAFFT-GINSI	dpa_align	50	75.3	
Stap_Strp_toxin	CLUSTALO	MAFFT-GINSI	dpa_align	1000	44.4	
ins	MAFFT	MAFFT-GINSI	dpa_align	500	76.8	
bowman	MAFFT	MAFFT-GINSI	dpa_align	200	14.3	
Rhodanese	MAFFT_PT	MAFFT-GINSI	dpa_align	1000	45.3	
KAS	MAFFT_PT	MAFFT-GINSI	dpa_align	50	66.8	
sti	MAFFT_PT	MAFFT-GINSI	dpa_align	200	53.8	
trfl	CLUSTALO	MAFFT-GINSI	dpa_align	50	2.6	
annexin	CLUSTALO	MAFFT-GINSI	dpa_align	200	53.8	
Acetyltransf	MAFFT_PT	MAFFT-GINSI	dpa_align	200	21.7	
blmb	CLUSTALO	MAFFT-GINSI	dpa_align	2000	24.4	
ghf11	CLUSTALO	MAFFT-GINSI	dpa_align	100	70.3	
tRNA-synt_2b	MAFFT_PT	MAFFT-GINSI	dpa_align	2000	32.3	
ghf13	MAFFT	MAFFT-GINSI	dpa_align	200	28.4	
ghf13	MAFFT	MAFFT-GINSI	dpa_align	500	32.1	
kunitz	MAFFT	MAFFT-GINSI	dpa_align	2000	78.3	
sdr	MAFFT_PT	MAFFT-GINSI	dpa_align	200	29.3	
ghf13	CLUSTALO	MAFFT-GINSI	dpa_align	100	14.3	
ghf10	CLUSTALO	MAFFT-GINSI	dpa_align	200	81.4	
proteasome	MAFFT	MAFFT-GINSI	dpa_align	100	39.7	
hom	MAFFT	MAFFT-GINSI	dpa_align	1000	62.3	
cyt3	CLUSTALO	MAFFT-GINSI	dpa_align	500	64.4	
ChtBD	MAFFT_PT	MAFFT-GINSI	dpa_align	100	88.4	
hr	MAFFT	MAFFT-GINSI	dpa_align	50	92.4	
mmp	MAFFT_PT	MAFFT-GINSI	dpa_align	1000	87.6	
LIM	MAFFT	MAFFT-GINSI	dpa_align	200	86.6	
rvp	MAFFT	MAFFT-GINSI	dpa_align	2000	54.1	
blmb	CLUSTALO	MAFFT-GINSI	dpa_align	50	16.7	
cys	MAFFT_PT	MAFFT-GINSI	dpa_align	200	37.3	
phc	MAFFT_PT	MAFFT-GINSI	dpa_align	1000	85.5	
serpin	CLUSTALO	MAFFT-GINSI	dpa_align	1000	77.9	
serpin	CLUSTALO	MAFFT-GINSI	dpa_align	500	79.4	
cyclo	MAFFT	MAFFT-GINSI	dpa_align	2000	79.9	
ldh	MAFFT_PT	MAFFT-GINSI	dpa_align	2000	34.3	
hpr	CLUSTALO	MAFFT-GINSI	dpa_align	50	71.6	
TNF	MAFFT_PT	MAFFT-GINSI	dpa_align	100	66.2	
phc	MAFFT	MAFFT-GINSI	dpa_align	1000	88.3	
OTCace	MAFFT	MAFFT-GINSI	dpa_align	100	84.3	
myb_DNA-binding	MAFFT_PT	MAFFT-GINSI	dpa_align	500	75.0	
kringle	CLUSTALO	MAFFT-GINSI	dpa_align	100	79.8	
serpin	MAFFT	MAFFT-GINSI	dpa_align	50	73.6	
zf-CCHH	MAFFT_PT	MAFFT-GINSI	dpa_align	500	54.3	
tim	MAFFT	MAFFT-GINSI	dpa_align	500	88.0	
ghf11	CLUSTALO	MAFFT-GINSI	dpa_align	200	80.7	
ChtBD	MAFFT	MAFFT-GINSI	dpa_align	100	90.7	
lyase_1	MAFFT	MAFFT-GINSI	dpa_align	100	50.5	
subt	MAFFT	MAFFT-GINSI	dpa_align	200	17.9	
sodfe	MAFFT_PT	MAFFT-GINSI	dpa_align	100	21.1	
egf	MAFFT	MAFFT-GINSI	dpa_align	200	32.4	
cryst	MAFFT_PT	MAFFT-GINSI	dpa_align	500	59.7	
phc	MAFFT	MAFFT-GINSI	dpa_align	2000	87.2	
int	MAFFT	MAFFT-GINSI	dpa_align	1000	52.0	
sodcu	MAFFT	MAFFT-GINSI	dpa_align	500	80.1	
hom	CLUSTALO	MAFFT-GINSI	dpa_align	500	71.0	
hr	MAFFT	MAFFT-GINSI	dpa_align	500	96.2	
rhv	MAFFT_PT	MAFFT-GINSI	dpa_align	2000	9.8	
msb	MAFFT_PT	MAFFT-GINSI	dpa_align	1000	42.8	
